"cluster","weight","region","urban","wealth"
1,1.992195,"Zinder",0,-34581
1,1.992195,"Zinder",0,-57130
1,1.992195,"Zinder",0,-57976
1,1.992195,"Zinder",0,-62192
1,1.992195,"Zinder",0,-59985
1,1.992195,"Zinder",0,-61522
1,1.992195,"Zinder",0,-61911
1,1.992195,"Zinder",0,-38590
1,1.992195,"Zinder",0,-60553
1,1.992195,"Zinder",0,-54458
1,1.992195,"Zinder",0,-59843
1,1.992195,"Zinder",0,-38333
1,1.992195,"Zinder",0,-61441
1,1.992195,"Zinder",0,-63765
1,1.992195,"Zinder",0,-40533
1,1.992195,"Zinder",0,-29667
1,1.992195,"Zinder",0,-40647
1,1.992195,"Zinder",0,-40891
1,1.992195,"Zinder",0,-41585
2,1.249986,"Zinder",0,-38850
2,1.249986,"Zinder",0,-51557
2,1.249986,"Zinder",0,-24398
2,1.249986,"Zinder",0,-9793
2,1.249986,"Zinder",0,-51063
2,1.249986,"Zinder",0,-53869
2,1.249986,"Zinder",0,-55846
2,1.249986,"Zinder",0,-33000
2,1.249986,"Zinder",0,119697
2,1.249986,"Zinder",0,-56320
2,1.249986,"Zinder",0,-44150
2,1.249986,"Zinder",0,-29749
2,1.249986,"Zinder",0,-18402
2,1.249986,"Zinder",0,-37383
2,1.249986,"Zinder",0,-25989
2,1.249986,"Zinder",0,-64178
2,1.249986,"Zinder",0,-16194
2,1.249986,"Zinder",0,-52666
2,1.249986,"Zinder",0,-34875
2,1.249986,"Zinder",0,-33099
2,1.249986,"Zinder",0,-59486
3,1.747653,"Zinder",0,-60310
3,1.747653,"Zinder",0,-59966
3,1.747653,"Zinder",0,-61481
3,1.747653,"Zinder",0,-50781
3,1.747653,"Zinder",0,-55843
3,1.747653,"Zinder",0,-58260
3,1.747653,"Zinder",0,-66869
3,1.747653,"Zinder",0,-65447
3,1.747653,"Zinder",0,-52583
3,1.747653,"Zinder",0,-65758
3,1.747653,"Zinder",0,-58614
3,1.747653,"Zinder",0,-57815
3,1.747653,"Zinder",0,-60943
3,1.747653,"Zinder",0,-52250
3,1.747653,"Zinder",0,-60795
3,1.747653,"Zinder",0,-63163
3,1.747653,"Zinder",0,-56315
3,1.747653,"Zinder",0,-59483
3,1.747653,"Zinder",0,-63470
3,1.747653,"Zinder",0,-56694
3,1.747653,"Zinder",0,-59675
3,1.747653,"Zinder",0,-56974
3,1.747653,"Zinder",0,-64153
3,1.747653,"Zinder",0,-66008
3,1.747653,"Zinder",0,-54049
4,1.248772,"Maradi",0,-54601
4,1.248772,"Maradi",0,-49750
4,1.248772,"Maradi",0,-55769
4,1.248772,"Maradi",0,-61023
4,1.248772,"Maradi",0,-33803
4,1.248772,"Maradi",0,-58304
4,1.248772,"Maradi",0,-59637
4,1.248772,"Maradi",0,-55696
4,1.248772,"Maradi",0,-50161
4,1.248772,"Maradi",0,-58531
4,1.248772,"Maradi",0,-62510
4,1.248772,"Maradi",0,-61339
4,1.248772,"Maradi",0,-55175
4,1.248772,"Maradi",0,-59062
4,1.248772,"Maradi",0,-61918
4,1.248772,"Maradi",0,-47258
4,1.248772,"Maradi",0,-55735
4,1.248772,"Maradi",0,-46309
4,1.248772,"Maradi",0,-5852
4,1.248772,"Maradi",0,-59159
4,1.248772,"Maradi",0,-61149
4,1.248772,"Maradi",0,-59091
4,1.248772,"Maradi",0,-57458
5,0.90858,"Diffa",0,-33265
5,0.90858,"Diffa",0,12354
5,0.90858,"Diffa",0,-2090
5,0.90858,"Diffa",0,-42529
5,0.90858,"Diffa",0,-35275
5,0.90858,"Diffa",0,-17422
5,0.90858,"Diffa",0,8333
5,0.90858,"Diffa",0,-7973
5,0.90858,"Diffa",0,-57557
5,0.90858,"Diffa",0,85827
5,0.90858,"Diffa",0,-10031
5,0.90858,"Diffa",0,103214
5,0.90858,"Diffa",0,-31631
5,0.90858,"Diffa",0,-10788
5,0.90858,"Diffa",0,32805
5,0.90858,"Diffa",0,-56281
5,0.90858,"Diffa",0,33606
5,0.90858,"Diffa",0,27596
5,0.90858,"Diffa",0,23023
5,0.90858,"Diffa",0,-15908
5,0.90858,"Diffa",0,13428
5,0.90858,"Diffa",0,-28673
5,0.90858,"Diffa",0,137507
5,0.90858,"Diffa",0,-59581
5,0.90858,"Diffa",0,-12467
6,2.477351,"Tahoua",0,-18413
6,2.477351,"Tahoua",0,-62151
6,2.477351,"Tahoua",0,-38443
6,2.477351,"Tahoua",0,-33924
6,2.477351,"Tahoua",0,-53746
6,2.477351,"Tahoua",0,-66434
6,2.477351,"Tahoua",0,-55740
6,2.477351,"Tahoua",0,-55774
6,2.477351,"Tahoua",0,-58654
6,2.477351,"Tahoua",0,-49094
6,2.477351,"Tahoua",0,-60191
6,2.477351,"Tahoua",0,-58946
6,2.477351,"Tahoua",0,-55821
6,2.477351,"Tahoua",0,-57084
6,2.477351,"Tahoua",0,-59233
6,2.477351,"Tahoua",0,-36204
6,2.477351,"Tahoua",0,-36436
6,2.477351,"Tahoua",0,-58479
6,2.477351,"Tahoua",0,-56563
6,2.477351,"Tahoua",0,-59437
6,2.477351,"Tahoua",0,-53395
6,2.477351,"Tahoua",0,-61109
6,2.477351,"Tahoua",0,-51916
6,2.477351,"Tahoua",0,-48090
7,1.008851,"Tahoua",1,-16310
7,1.008851,"Tahoua",1,-27270
7,1.008851,"Tahoua",1,-10647
7,1.008851,"Tahoua",1,-39069
7,1.008851,"Tahoua",1,-32615
7,1.008851,"Tahoua",1,35316
7,1.008851,"Tahoua",1,-43395
7,1.008851,"Tahoua",1,-3265
7,1.008851,"Tahoua",1,2075
7,1.008851,"Tahoua",1,-30783
7,1.008851,"Tahoua",1,-33046
7,1.008851,"Tahoua",1,-38364
7,1.008851,"Tahoua",1,-46954
7,1.008851,"Tahoua",1,-20421
7,1.008851,"Tahoua",1,-31866
7,1.008851,"Tahoua",1,-15204
7,1.008851,"Tahoua",1,-45825
7,1.008851,"Tahoua",1,-3265
7,1.008851,"Tahoua",1,-165
7,1.008851,"Tahoua",1,-39072
7,1.008851,"Tahoua",1,-5435
7,1.008851,"Tahoua",1,-8454
7,1.008851,"Tahoua",1,-21393
7,1.008851,"Tahoua",1,-8847
8,1.128346,"Dosso",0,-56170
8,1.128346,"Dosso",0,-53585
8,1.128346,"Dosso",0,-52550
8,1.128346,"Dosso",0,-49901
8,1.128346,"Dosso",0,-58488
8,1.128346,"Dosso",0,-58938
8,1.128346,"Dosso",0,-56491
8,1.128346,"Dosso",0,-59416
8,1.128346,"Dosso",0,-55606
8,1.128346,"Dosso",0,-58649
8,1.128346,"Dosso",0,-60423
8,1.128346,"Dosso",0,-56503
8,1.128346,"Dosso",0,-54652
9,0.324553,"Diffa",0,-59424
9,0.324553,"Diffa",0,-14087
9,0.324553,"Diffa",0,-60846
9,0.324553,"Diffa",0,-53473
9,0.324553,"Diffa",0,-50696
9,0.324553,"Diffa",0,-62855
9,0.324553,"Diffa",0,-50253
9,0.324553,"Diffa",0,-58372
9,0.324553,"Diffa",0,-60163
9,0.324553,"Diffa",0,-48108
9,0.324553,"Diffa",0,-47953
9,0.324553,"Diffa",0,-61357
9,0.324553,"Diffa",0,-51632
9,0.324553,"Diffa",0,-59740
9,0.324553,"Diffa",0,-56385
9,0.324553,"Diffa",0,-42903
9,0.324553,"Diffa",0,-49784
9,0.324553,"Diffa",0,-57183
9,0.324553,"Diffa",0,-59800
9,0.324553,"Diffa",0,-40567
9,0.324553,"Diffa",0,-63466
10,0.866607,"Tahoua",0,-58289
10,0.866607,"Tahoua",0,-63092
10,0.866607,"Tahoua",0,-66344
10,0.866607,"Tahoua",0,-63697
10,0.866607,"Tahoua",0,-64447
10,0.866607,"Tahoua",0,-34611
10,0.866607,"Tahoua",0,-54820
10,0.866607,"Tahoua",0,-52245
10,0.866607,"Tahoua",0,-64736
10,0.866607,"Tahoua",0,-51661
10,0.866607,"Tahoua",0,-60244
10,0.866607,"Tahoua",0,-58536
10,0.866607,"Tahoua",0,-64181
10,0.866607,"Tahoua",0,-62311
10,0.866607,"Tahoua",0,-66883
10,0.866607,"Tahoua",0,-54773
10,0.866607,"Tahoua",0,-52644
10,0.866607,"Tahoua",0,-60537
10,0.866607,"Tahoua",0,-52847
10,0.866607,"Tahoua",0,-63641
10,0.866607,"Tahoua",0,-61710
10,0.866607,"Tahoua",0,-61017
10,0.866607,"Tahoua",0,-60200
10,0.866607,"Tahoua",0,-62559
11,0.829117,"Tillaberi",0,-56591
11,0.829117,"Tillaberi",0,-51300
11,0.829117,"Tillaberi",0,-60868
11,0.829117,"Tillaberi",0,-49004
11,0.829117,"Tillaberi",0,-62157
11,0.829117,"Tillaberi",0,-51548
11,0.829117,"Tillaberi",0,-48881
11,0.829117,"Tillaberi",0,-59105
11,0.829117,"Tillaberi",0,-52440
11,0.829117,"Tillaberi",0,-61299
11,0.829117,"Tillaberi",0,-58638
11,0.829117,"Tillaberi",0,-52428
11,0.829117,"Tillaberi",0,-63535
11,0.829117,"Tillaberi",0,-58778
11,0.829117,"Tillaberi",0,-51080
11,0.829117,"Tillaberi",0,-55791
11,0.829117,"Tillaberi",0,-59448
11,0.829117,"Tillaberi",0,-60447
11,0.829117,"Tillaberi",0,-60145
11,0.829117,"Tillaberi",0,-60854
11,0.829117,"Tillaberi",0,-53521
12,0.970369,"Tahoua",0,-32891
12,0.970369,"Tahoua",0,-56162
12,0.970369,"Tahoua",0,-53844
12,0.970369,"Tahoua",0,-51058
12,0.970369,"Tahoua",0,-64165
12,0.970369,"Tahoua",0,-54952
12,0.970369,"Tahoua",0,-63145
12,0.970369,"Tahoua",0,-60101
12,0.970369,"Tahoua",0,-65661
12,0.970369,"Tahoua",0,-56863
12,0.970369,"Tahoua",0,-54888
12,0.970369,"Tahoua",0,-57238
12,0.970369,"Tahoua",0,-59352
12,0.970369,"Tahoua",0,72210
12,0.970369,"Tahoua",0,-47103
12,0.970369,"Tahoua",0,-26525
12,0.970369,"Tahoua",0,-50748
12,0.970369,"Tahoua",0,-55547
12,0.970369,"Tahoua",0,-55700
12,0.970369,"Tahoua",0,-36183
12,0.970369,"Tahoua",0,-50800
12,0.970369,"Tahoua",0,-62283
12,0.970369,"Tahoua",0,-29543
12,0.970369,"Tahoua",0,-51873
12,0.970369,"Tahoua",0,-52720
13,2.733468,"Tahoua",0,-21923
13,2.733468,"Tahoua",0,-41946
13,2.733468,"Tahoua",0,-43857
13,2.733468,"Tahoua",0,-42575
13,2.733468,"Tahoua",0,-41908
13,2.733468,"Tahoua",0,-40101
13,2.733468,"Tahoua",0,-41984
13,2.733468,"Tahoua",0,-20536
13,2.733468,"Tahoua",0,-28090
13,2.733468,"Tahoua",0,-42220
13,2.733468,"Tahoua",0,-36834
13,2.733468,"Tahoua",0,-45152
13,2.733468,"Tahoua",0,-36157
13,2.733468,"Tahoua",0,-46883
13,2.733468,"Tahoua",0,-41327
13,2.733468,"Tahoua",0,-44590
13,2.733468,"Tahoua",0,-39309
13,2.733468,"Tahoua",0,-48399
13,2.733468,"Tahoua",0,-47220
13,2.733468,"Tahoua",0,-41638
13,2.733468,"Tahoua",0,-38910
13,2.733468,"Tahoua",0,-46698
13,2.733468,"Tahoua",0,-38899
13,2.733468,"Tahoua",0,-42353
14,0.691794,"Tahoua",0,-27260
14,0.691794,"Tahoua",0,-17872
14,0.691794,"Tahoua",0,-14752
14,0.691794,"Tahoua",0,-51652
14,0.691794,"Tahoua",0,-13802
14,0.691794,"Tahoua",0,16808
14,0.691794,"Tahoua",0,30051
14,0.691794,"Tahoua",0,-42434
14,0.691794,"Tahoua",0,-37058
14,0.691794,"Tahoua",0,-20586
14,0.691794,"Tahoua",0,-18772
14,0.691794,"Tahoua",0,4267
14,0.691794,"Tahoua",0,-14551
14,0.691794,"Tahoua",0,37613
14,0.691794,"Tahoua",0,73170
14,0.691794,"Tahoua",0,-29359
14,0.691794,"Tahoua",0,61778
14,0.691794,"Tahoua",0,-47407
14,0.691794,"Tahoua",0,-3720
14,0.691794,"Tahoua",0,67485
14,0.691794,"Tahoua",0,8111
14,0.691794,"Tahoua",0,-43335
14,0.691794,"Tahoua",0,-16742
14,0.691794,"Tahoua",0,50466
15,0.510072,"Niamey",1,291907
15,0.510072,"Niamey",1,201304
15,0.510072,"Niamey",1,72407
15,0.510072,"Niamey",1,273300
15,0.510072,"Niamey",1,165530
15,0.510072,"Niamey",1,133892
15,0.510072,"Niamey",1,219899
15,0.510072,"Niamey",1,175205
15,0.510072,"Niamey",1,290599
15,0.510072,"Niamey",1,238513
15,0.510072,"Niamey",1,325906
15,0.510072,"Niamey",1,123084
15,0.510072,"Niamey",1,274624
15,0.510072,"Niamey",1,166042
15,0.510072,"Niamey",1,152573
15,0.510072,"Niamey",1,134717
15,0.510072,"Niamey",1,177075
15,0.510072,"Niamey",1,322922
15,0.510072,"Niamey",1,132990
15,0.510072,"Niamey",1,79182
15,0.510072,"Niamey",1,435832
15,0.510072,"Niamey",1,144323
15,0.510072,"Niamey",1,340985
15,0.510072,"Niamey",1,257858
15,0.510072,"Niamey",1,353291
16,0.473827,"Zinder",0,-63937
16,0.473827,"Zinder",0,-63126
16,0.473827,"Zinder",0,-57018
16,0.473827,"Zinder",0,-58099
16,0.473827,"Zinder",0,-67590
16,0.473827,"Zinder",0,-72526
16,0.473827,"Zinder",0,-59286
16,0.473827,"Zinder",0,-68566
16,0.473827,"Zinder",0,-64008
16,0.473827,"Zinder",0,-66924
16,0.473827,"Zinder",0,-70706
16,0.473827,"Zinder",0,-67617
16,0.473827,"Zinder",0,-64291
16,0.473827,"Zinder",0,-72855
16,0.473827,"Zinder",0,-67945
16,0.473827,"Zinder",0,-59627
16,0.473827,"Zinder",0,-70461
16,0.473827,"Zinder",0,-62466
16,0.473827,"Zinder",0,-68591
17,1.363943,"Maradi",0,-58195
17,1.363943,"Maradi",0,-67853
17,1.363943,"Maradi",0,-52261
17,1.363943,"Maradi",0,-59246
17,1.363943,"Maradi",0,-67068
17,1.363943,"Maradi",0,-62691
17,1.363943,"Maradi",0,-64635
17,1.363943,"Maradi",0,-66828
17,1.363943,"Maradi",0,-38576
17,1.363943,"Maradi",0,-55128
17,1.363943,"Maradi",0,-56406
17,1.363943,"Maradi",0,-67724
17,1.363943,"Maradi",0,-57445
17,1.363943,"Maradi",0,-23607
17,1.363943,"Maradi",0,-49514
17,1.363943,"Maradi",0,-38795
17,1.363943,"Maradi",0,-46039
17,1.363943,"Maradi",0,-56943
17,1.363943,"Maradi",0,-46313
17,1.363943,"Maradi",0,-38177
17,1.363943,"Maradi",0,-34032
17,1.363943,"Maradi",0,-66056
17,1.363943,"Maradi",0,-62575
17,1.363943,"Maradi",0,-61768
18,0.711546,"Niamey",1,-19832
18,0.711546,"Niamey",1,308813
18,0.711546,"Niamey",1,363111
18,0.711546,"Niamey",1,184057
18,0.711546,"Niamey",1,214815
18,0.711546,"Niamey",1,235266
18,0.711546,"Niamey",1,134100
18,0.711546,"Niamey",1,163510
18,0.711546,"Niamey",1,207326
18,0.711546,"Niamey",1,124482
18,0.711546,"Niamey",1,87753
18,0.711546,"Niamey",1,265580
18,0.711546,"Niamey",1,236134
18,0.711546,"Niamey",1,258781
18,0.711546,"Niamey",1,437174
18,0.711546,"Niamey",1,203855
18,0.711546,"Niamey",1,195650
18,0.711546,"Niamey",1,465998
18,0.711546,"Niamey",1,137541
18,0.711546,"Niamey",1,238891
19,1.8759,"Zinder",0,-30754
19,1.8759,"Zinder",0,-60544
19,1.8759,"Zinder",0,-56699
19,1.8759,"Zinder",0,-62000
19,1.8759,"Zinder",0,-61460
19,1.8759,"Zinder",0,-61155
19,1.8759,"Zinder",0,-60428
19,1.8759,"Zinder",0,-58923
19,1.8759,"Zinder",0,-57133
19,1.8759,"Zinder",0,-48476
19,1.8759,"Zinder",0,-54911
19,1.8759,"Zinder",0,-48776
19,1.8759,"Zinder",0,-59475
19,1.8759,"Zinder",0,-59494
19,1.8759,"Zinder",0,-37060
19,1.8759,"Zinder",0,-12878
19,1.8759,"Zinder",0,-33673
19,1.8759,"Zinder",0,-53544
19,1.8759,"Zinder",0,-58091
19,1.8759,"Zinder",0,-58795
19,1.8759,"Zinder",0,-56525
19,1.8759,"Zinder",0,-50652
19,1.8759,"Zinder",0,-56726
20,0.309014,"Agadez",1,46609
20,0.309014,"Agadez",1,-17862
20,0.309014,"Agadez",1,-36946
20,0.309014,"Agadez",1,3016
20,0.309014,"Agadez",1,-13499
20,0.309014,"Agadez",1,-39056
20,0.309014,"Agadez",1,-7176
20,0.309014,"Agadez",1,-55018
20,0.309014,"Agadez",1,-14213
20,0.309014,"Agadez",1,-13389
20,0.309014,"Agadez",1,-20330
20,0.309014,"Agadez",1,138655
20,0.309014,"Agadez",1,-45639
20,0.309014,"Agadez",1,76930
20,0.309014,"Agadez",1,-8380
20,0.309014,"Agadez",1,94617
20,0.309014,"Agadez",1,-2383
20,0.309014,"Agadez",1,71144
20,0.309014,"Agadez",1,-19102
20,0.309014,"Agadez",1,79757
20,0.309014,"Agadez",1,-48299
20,0.309014,"Agadez",1,2642
20,0.309014,"Agadez",1,-13050
20,0.309014,"Agadez",1,-31938
21,0.48078,"Maradi",1,151728
21,0.48078,"Maradi",1,257920
21,0.48078,"Maradi",1,4734
21,0.48078,"Maradi",1,234430
21,0.48078,"Maradi",1,100403
21,0.48078,"Maradi",1,-36905
21,0.48078,"Maradi",1,69104
21,0.48078,"Maradi",1,143946
21,0.48078,"Maradi",1,7978
21,0.48078,"Maradi",1,38008
21,0.48078,"Maradi",1,-19572
21,0.48078,"Maradi",1,-23218
21,0.48078,"Maradi",1,11071
21,0.48078,"Maradi",1,316561
21,0.48078,"Maradi",1,127626
21,0.48078,"Maradi",1,365701
21,0.48078,"Maradi",1,180031
21,0.48078,"Maradi",1,205005
21,0.48078,"Maradi",1,173559
21,0.48078,"Maradi",1,55781
21,0.48078,"Maradi",1,136803
21,0.48078,"Maradi",1,200530
21,0.48078,"Maradi",1,184926
21,0.48078,"Maradi",1,62363
22,0.859532,"Dosso",0,-55158
22,0.859532,"Dosso",0,-56463
22,0.859532,"Dosso",0,-54635
22,0.859532,"Dosso",0,-53739
22,0.859532,"Dosso",0,-42114
22,0.859532,"Dosso",0,-51800
22,0.859532,"Dosso",0,-53523
22,0.859532,"Dosso",0,-58343
22,0.859532,"Dosso",0,-29157
22,0.859532,"Dosso",0,-59072
22,0.859532,"Dosso",0,-67466
22,0.859532,"Dosso",0,-62213
22,0.859532,"Dosso",0,-52653
22,0.859532,"Dosso",0,-63566
22,0.859532,"Dosso",0,-55462
22,0.859532,"Dosso",0,-58703
22,0.859532,"Dosso",0,-51888
22,0.859532,"Dosso",0,-52328
22,0.859532,"Dosso",0,-54591
22,0.859532,"Dosso",0,-54071
22,0.859532,"Dosso",0,-50065
22,0.859532,"Dosso",0,-61252
23,1.012593,"Tillaberi",0,-19018
23,1.012593,"Tillaberi",0,3209
23,1.012593,"Tillaberi",0,-35639
23,1.012593,"Tillaberi",0,-57281
23,1.012593,"Tillaberi",0,-44785
23,1.012593,"Tillaberi",0,33160
23,1.012593,"Tillaberi",0,59409
23,1.012593,"Tillaberi",0,-33785
23,1.012593,"Tillaberi",0,35405
23,1.012593,"Tillaberi",0,-37097
23,1.012593,"Tillaberi",0,-51627
23,1.012593,"Tillaberi",0,16396
23,1.012593,"Tillaberi",0,-27210
23,1.012593,"Tillaberi",0,-56611
23,1.012593,"Tillaberi",0,-54996
23,1.012593,"Tillaberi",0,-22097
23,1.012593,"Tillaberi",0,-50249
23,1.012593,"Tillaberi",0,-61890
23,1.012593,"Tillaberi",0,-15461
23,1.012593,"Tillaberi",0,-53247
23,1.012593,"Tillaberi",0,-22977
24,0.930204,"Maradi",0,-62642
24,0.930204,"Maradi",0,-63683
24,0.930204,"Maradi",0,-64586
24,0.930204,"Maradi",0,-63734
24,0.930204,"Maradi",0,-57333
24,0.930204,"Maradi",0,-61786
24,0.930204,"Maradi",0,-64181
24,0.930204,"Maradi",0,-54159
24,0.930204,"Maradi",0,-64720
24,0.930204,"Maradi",0,-42909
24,0.930204,"Maradi",0,-44416
24,0.930204,"Maradi",0,-64725
24,0.930204,"Maradi",0,-61635
24,0.930204,"Maradi",0,-61413
24,0.930204,"Maradi",0,-65548
24,0.930204,"Maradi",0,-42903
24,0.930204,"Maradi",0,-65261
24,0.930204,"Maradi",0,-46289
24,0.930204,"Maradi",0,-55058
24,0.930204,"Maradi",0,-57630
24,0.930204,"Maradi",0,-60802
24,0.930204,"Maradi",0,-59233
24,0.930204,"Maradi",0,-61606
25,0.490027,"Niamey",1,138141
25,0.490027,"Niamey",1,157638
25,0.490027,"Niamey",1,166122
25,0.490027,"Niamey",1,179337
25,0.490027,"Niamey",1,233571
25,0.490027,"Niamey",1,12922
25,0.490027,"Niamey",1,297794
25,0.490027,"Niamey",1,201166
25,0.490027,"Niamey",1,271816
25,0.490027,"Niamey",1,130201
25,0.490027,"Niamey",1,222437
25,0.490027,"Niamey",1,108854
25,0.490027,"Niamey",1,304176
25,0.490027,"Niamey",1,197856
25,0.490027,"Niamey",1,211042
25,0.490027,"Niamey",1,132810
25,0.490027,"Niamey",1,88086
25,0.490027,"Niamey",1,290164
25,0.490027,"Niamey",1,205132
25,0.490027,"Niamey",1,386835
25,0.490027,"Niamey",1,64314
25,0.490027,"Niamey",1,185696
25,0.490027,"Niamey",1,185073
25,0.490027,"Niamey",1,192660
25,0.490027,"Niamey",1,258163
26,1.598779,"Zinder",0,-61715
26,1.598779,"Zinder",0,-59986
26,1.598779,"Zinder",0,-57696
26,1.598779,"Zinder",0,-58639
26,1.598779,"Zinder",0,-62575
26,1.598779,"Zinder",0,-65366
26,1.598779,"Zinder",0,-47687
26,1.598779,"Zinder",0,-60501
26,1.598779,"Zinder",0,-60586
26,1.598779,"Zinder",0,-65539
26,1.598779,"Zinder",0,-53561
26,1.598779,"Zinder",0,-61859
26,1.598779,"Zinder",0,-52725
26,1.598779,"Zinder",0,-42584
26,1.598779,"Zinder",0,-53103
26,1.598779,"Zinder",0,-64365
26,1.598779,"Zinder",0,-52476
26,1.598779,"Zinder",0,-54530
26,1.598779,"Zinder",0,-48376
26,1.598779,"Zinder",0,-56735
26,1.598779,"Zinder",0,-61381
26,1.598779,"Zinder",0,-52566
26,1.598779,"Zinder",0,-58606
26,1.598779,"Zinder",0,-57735
27,1.036245,"Zinder",0,-51501
27,1.036245,"Zinder",0,-55680
27,1.036245,"Zinder",0,-62061
27,1.036245,"Zinder",0,-60296
27,1.036245,"Zinder",0,-329
27,1.036245,"Zinder",0,-51457
27,1.036245,"Zinder",0,-57620
27,1.036245,"Zinder",0,-61422
27,1.036245,"Zinder",0,-40650
27,1.036245,"Zinder",0,-22597
27,1.036245,"Zinder",0,-42371
27,1.036245,"Zinder",0,-50227
27,1.036245,"Zinder",0,-50413
27,1.036245,"Zinder",0,-54683
27,1.036245,"Zinder",0,-27183
27,1.036245,"Zinder",0,-27527
27,1.036245,"Zinder",0,-59738
27,1.036245,"Zinder",0,-61578
27,1.036245,"Zinder",0,-59044
27,1.036245,"Zinder",0,-46348
27,1.036245,"Zinder",0,-32967
27,1.036245,"Zinder",0,-47522
27,1.036245,"Zinder",0,-60144
27,1.036245,"Zinder",0,-52806
27,1.036245,"Zinder",0,-55778
28,0.399147,"Niamey",1,22810
28,0.399147,"Niamey",1,43821
28,0.399147,"Niamey",1,119183
28,0.399147,"Niamey",1,80720
28,0.399147,"Niamey",1,57792
28,0.399147,"Niamey",1,146871
28,0.399147,"Niamey",1,72663
28,0.399147,"Niamey",1,102071
28,0.399147,"Niamey",1,308017
28,0.399147,"Niamey",1,55331
28,0.399147,"Niamey",1,32532
28,0.399147,"Niamey",1,97554
28,0.399147,"Niamey",1,-2780
28,0.399147,"Niamey",1,138191
28,0.399147,"Niamey",1,54430
28,0.399147,"Niamey",1,53855
28,0.399147,"Niamey",1,65725
28,0.399147,"Niamey",1,69871
28,0.399147,"Niamey",1,1815
28,0.399147,"Niamey",1,88813
28,0.399147,"Niamey",1,106609
28,0.399147,"Niamey",1,30874
28,0.399147,"Niamey",1,89003
28,0.399147,"Niamey",1,109629
28,0.399147,"Niamey",1,107011
29,0.956087,"Tahoua",0,-53422
29,0.956087,"Tahoua",0,-49289
29,0.956087,"Tahoua",0,-60029
29,0.956087,"Tahoua",0,-58267
29,0.956087,"Tahoua",0,-61535
29,0.956087,"Tahoua",0,-63090
29,0.956087,"Tahoua",0,-64532
29,0.956087,"Tahoua",0,-63259
29,0.956087,"Tahoua",0,-61487
29,0.956087,"Tahoua",0,-61973
29,0.956087,"Tahoua",0,-59955
29,0.956087,"Tahoua",0,-66704
29,0.956087,"Tahoua",0,-57470
29,0.956087,"Tahoua",0,-59405
29,0.956087,"Tahoua",0,-73488
29,0.956087,"Tahoua",0,-63068
29,0.956087,"Tahoua",0,-58771
29,0.956087,"Tahoua",0,-73810
29,0.956087,"Tahoua",0,-69281
29,0.956087,"Tahoua",0,-65093
29,0.956087,"Tahoua",0,-60665
29,0.956087,"Tahoua",0,-46354
29,0.956087,"Tahoua",0,-63039
29,0.956087,"Tahoua",0,-50623
29,0.956087,"Tahoua",0,-61910
30,0.7091,"Zinder",1,119671
30,0.7091,"Zinder",1,70417
30,0.7091,"Zinder",1,154088
30,0.7091,"Zinder",1,-47648
30,0.7091,"Zinder",1,121979
30,0.7091,"Zinder",1,10585
30,0.7091,"Zinder",1,9416
30,0.7091,"Zinder",1,217221
30,0.7091,"Zinder",1,97071
30,0.7091,"Zinder",1,59273
30,0.7091,"Zinder",1,141752
30,0.7091,"Zinder",1,51774
30,0.7091,"Zinder",1,99768
30,0.7091,"Zinder",1,17141
30,0.7091,"Zinder",1,272170
30,0.7091,"Zinder",1,55175
30,0.7091,"Zinder",1,124466
30,0.7091,"Zinder",1,132470
30,0.7091,"Zinder",1,82511
30,0.7091,"Zinder",1,253851
30,0.7091,"Zinder",1,98693
30,0.7091,"Zinder",1,118499
30,0.7091,"Zinder",1,91510
30,0.7091,"Zinder",1,118346
30,0.7091,"Zinder",1,28784
31,0.365123,"Niamey",1,72417
31,0.365123,"Niamey",1,59800
31,0.365123,"Niamey",1,138255
31,0.365123,"Niamey",1,34074
31,0.365123,"Niamey",1,36948
31,0.365123,"Niamey",1,138526
31,0.365123,"Niamey",1,320792
31,0.365123,"Niamey",1,13743
31,0.365123,"Niamey",1,152649
31,0.365123,"Niamey",1,34628
31,0.365123,"Niamey",1,129257
31,0.365123,"Niamey",1,54611
31,0.365123,"Niamey",1,404251
31,0.365123,"Niamey",1,104640
31,0.365123,"Niamey",1,72884
31,0.365123,"Niamey",1,165706
31,0.365123,"Niamey",1,127214
31,0.365123,"Niamey",1,105056
31,0.365123,"Niamey",1,75167
31,0.365123,"Niamey",1,318486
31,0.365123,"Niamey",1,62832
31,0.365123,"Niamey",1,66370
32,1.559878,"Tahoua",0,-52620
32,1.559878,"Tahoua",0,-38724
32,1.559878,"Tahoua",0,-56357
32,1.559878,"Tahoua",0,-51880
32,1.559878,"Tahoua",0,-54718
32,1.559878,"Tahoua",0,-50363
32,1.559878,"Tahoua",0,-50551
32,1.559878,"Tahoua",0,4429
32,1.559878,"Tahoua",0,-2062
32,1.559878,"Tahoua",0,-48289
32,1.559878,"Tahoua",0,-38482
32,1.559878,"Tahoua",0,-37520
32,1.559878,"Tahoua",0,-55411
32,1.559878,"Tahoua",0,-55846
32,1.559878,"Tahoua",0,-48144
32,1.559878,"Tahoua",0,-51918
32,1.559878,"Tahoua",0,-34082
32,1.559878,"Tahoua",0,-49423
32,1.559878,"Tahoua",0,-45438
32,1.559878,"Tahoua",0,12278
32,1.559878,"Tahoua",0,-51480
32,1.559878,"Tahoua",0,-50476
32,1.559878,"Tahoua",0,-30149
32,1.559878,"Tahoua",0,-58765
32,1.559878,"Tahoua",0,-54351
33,1.149983,"Tillaberi",0,-41310
33,1.149983,"Tillaberi",0,9423
33,1.149983,"Tillaberi",0,20366
33,1.149983,"Tillaberi",0,-64039
33,1.149983,"Tillaberi",0,-53722
33,1.149983,"Tillaberi",0,-38000
33,1.149983,"Tillaberi",0,-53518
33,1.149983,"Tillaberi",0,-56885
33,1.149983,"Tillaberi",0,-48793
33,1.149983,"Tillaberi",0,-33639
33,1.149983,"Tillaberi",0,-48764
33,1.149983,"Tillaberi",0,-58936
33,1.149983,"Tillaberi",0,-61065
33,1.149983,"Tillaberi",0,65513
33,1.149983,"Tillaberi",0,-31171
33,1.149983,"Tillaberi",0,-42342
33,1.149983,"Tillaberi",0,-27002
33,1.149983,"Tillaberi",0,-59692
33,1.149983,"Tillaberi",0,-20780
33,1.149983,"Tillaberi",0,-54915
33,1.149983,"Tillaberi",0,-60544
33,1.149983,"Tillaberi",0,-59734
34,0.261451,"Zinder",1,83817
34,0.261451,"Zinder",1,-18345
34,0.261451,"Zinder",1,21352
34,0.261451,"Zinder",1,86818
34,0.261451,"Zinder",1,187439
34,0.261451,"Zinder",1,76840
34,0.261451,"Zinder",1,-34786
34,0.261451,"Zinder",1,-33338
34,0.261451,"Zinder",1,15592
34,0.261451,"Zinder",1,109748
34,0.261451,"Zinder",1,-37831
34,0.261451,"Zinder",1,68697
34,0.261451,"Zinder",1,216807
34,0.261451,"Zinder",1,213648
34,0.261451,"Zinder",1,-22870
34,0.261451,"Zinder",1,41482
34,0.261451,"Zinder",1,17691
34,0.261451,"Zinder",1,137148
34,0.261451,"Zinder",1,198229
34,0.261451,"Zinder",1,-3106
34,0.261451,"Zinder",1,9900
34,0.261451,"Zinder",1,19979
34,0.261451,"Zinder",1,147572
35,0.279972,"Diffa",0,-7021
35,0.279972,"Diffa",0,-59118
35,0.279972,"Diffa",0,-7291
35,0.279972,"Diffa",0,-60997
35,0.279972,"Diffa",0,-46879
35,0.279972,"Diffa",0,-31803
35,0.279972,"Diffa",0,-58467
35,0.279972,"Diffa",0,-22401
35,0.279972,"Diffa",0,-51854
35,0.279972,"Diffa",0,-56679
35,0.279972,"Diffa",0,-38497
35,0.279972,"Diffa",0,-51841
35,0.279972,"Diffa",0,-60137
35,0.279972,"Diffa",0,-40844
35,0.279972,"Diffa",0,-53153
35,0.279972,"Diffa",0,-52920
35,0.279972,"Diffa",0,-56621
35,0.279972,"Diffa",0,-53636
35,0.279972,"Diffa",0,-61398
35,0.279972,"Diffa",0,-56079
35,0.279972,"Diffa",0,-59338
35,0.279972,"Diffa",0,-43679
35,0.279972,"Diffa",0,-52443
35,0.279972,"Diffa",0,-60207
36,3.633998,"Tahoua",0,-64398
36,3.633998,"Tahoua",0,-58754
36,3.633998,"Tahoua",0,-62675
36,3.633998,"Tahoua",0,-62718
36,3.633998,"Tahoua",0,-35816
36,3.633998,"Tahoua",0,-57843
36,3.633998,"Tahoua",0,-57096
36,3.633998,"Tahoua",0,-63244
36,3.633998,"Tahoua",0,-54461
36,3.633998,"Tahoua",0,-60834
36,3.633998,"Tahoua",0,-36368
36,3.633998,"Tahoua",0,-56855
36,3.633998,"Tahoua",0,-58145
36,3.633998,"Tahoua",0,-54098
36,3.633998,"Tahoua",0,-58643
36,3.633998,"Tahoua",0,-62366
36,3.633998,"Tahoua",0,-57320
36,3.633998,"Tahoua",0,-51456
36,3.633998,"Tahoua",0,-26846
36,3.633998,"Tahoua",0,-56035
36,3.633998,"Tahoua",0,-55446
36,3.633998,"Tahoua",0,-52595
36,3.633998,"Tahoua",0,-52612
36,3.633998,"Tahoua",0,-59014
37,1.39747,"Tahoua",0,-62733
37,1.39747,"Tahoua",0,-41149
37,1.39747,"Tahoua",0,-54101
37,1.39747,"Tahoua",0,-55325
37,1.39747,"Tahoua",0,-58156
37,1.39747,"Tahoua",0,-46865
37,1.39747,"Tahoua",0,-53081
37,1.39747,"Tahoua",0,-48683
37,1.39747,"Tahoua",0,-57787
37,1.39747,"Tahoua",0,-53870
37,1.39747,"Tahoua",0,-55251
37,1.39747,"Tahoua",0,-50885
37,1.39747,"Tahoua",0,-33373
37,1.39747,"Tahoua",0,-45315
37,1.39747,"Tahoua",0,-53086
37,1.39747,"Tahoua",0,-62514
37,1.39747,"Tahoua",0,-32261
37,1.39747,"Tahoua",0,-61288
37,1.39747,"Tahoua",0,-64605
37,1.39747,"Tahoua",0,-53578
37,1.39747,"Tahoua",0,-24305
37,1.39747,"Tahoua",0,-42390
37,1.39747,"Tahoua",0,-64590
37,1.39747,"Tahoua",0,-58920
38,1.533982,"Maradi",0,-6138
38,1.533982,"Maradi",0,-55768
38,1.533982,"Maradi",0,-53786
38,1.533982,"Maradi",0,-51183
38,1.533982,"Maradi",0,-47079
38,1.533982,"Maradi",0,-39965
38,1.533982,"Maradi",0,-44818
38,1.533982,"Maradi",0,-53648
38,1.533982,"Maradi",0,-51723
38,1.533982,"Maradi",0,23939
38,1.533982,"Maradi",0,-21860
38,1.533982,"Maradi",0,-39427
38,1.533982,"Maradi",0,-51618
38,1.533982,"Maradi",0,-23780
38,1.533982,"Maradi",0,2521
38,1.533982,"Maradi",0,-19680
38,1.533982,"Maradi",0,-51910
38,1.533982,"Maradi",0,191
38,1.533982,"Maradi",0,21123
38,1.533982,"Maradi",0,-50033
38,1.533982,"Maradi",0,15420
38,1.533982,"Maradi",0,-45599
38,1.533982,"Maradi",0,-43970
39,0.919122,"Dosso",0,22396
39,0.919122,"Dosso",0,-5152
39,0.919122,"Dosso",0,-56018
39,0.919122,"Dosso",0,-46689
39,0.919122,"Dosso",0,-64323
39,0.919122,"Dosso",0,-48318
39,0.919122,"Dosso",0,-61466
39,0.919122,"Dosso",0,-54055
39,0.919122,"Dosso",0,-63283
39,0.919122,"Dosso",0,-49316
39,0.919122,"Dosso",0,-40836
39,0.919122,"Dosso",0,-62712
39,0.919122,"Dosso",0,-50988
39,0.919122,"Dosso",0,-62910
39,0.919122,"Dosso",0,-52155
39,0.919122,"Dosso",0,-52981
39,0.919122,"Dosso",0,-59487
39,0.919122,"Dosso",0,-53386
39,0.919122,"Dosso",0,-44634
39,0.919122,"Dosso",0,-55005
39,0.919122,"Dosso",0,-55798
39,0.919122,"Dosso",0,-49024
40,1.703461,"Zinder",0,-30299
40,1.703461,"Zinder",0,-55968
40,1.703461,"Zinder",0,-38035
40,1.703461,"Zinder",0,-5824
40,1.703461,"Zinder",0,-5912
40,1.703461,"Zinder",0,-24732
40,1.703461,"Zinder",0,-21207
40,1.703461,"Zinder",0,-60749
40,1.703461,"Zinder",0,-2714
40,1.703461,"Zinder",0,-26324
40,1.703461,"Zinder",0,-62233
40,1.703461,"Zinder",0,-44525
40,1.703461,"Zinder",0,-60438
40,1.703461,"Zinder",0,-63006
40,1.703461,"Zinder",0,-53615
40,1.703461,"Zinder",0,-58613
40,1.703461,"Zinder",0,-50300
40,1.703461,"Zinder",0,-39233
40,1.703461,"Zinder",0,-6338
40,1.703461,"Zinder",0,-59899
40,1.703461,"Zinder",0,-45271
40,1.703461,"Zinder",0,-51607
40,1.703461,"Zinder",0,-27533
41,1.212146,"Zinder",0,-52159
41,1.212146,"Zinder",0,-22157
41,1.212146,"Zinder",0,-40894
41,1.212146,"Zinder",0,-47698
41,1.212146,"Zinder",0,-59480
41,1.212146,"Zinder",0,-60921
41,1.212146,"Zinder",0,-61407
41,1.212146,"Zinder",0,-8900
41,1.212146,"Zinder",0,-60382
41,1.212146,"Zinder",0,-59016
41,1.212146,"Zinder",0,-60825
41,1.212146,"Zinder",0,-62586
41,1.212146,"Zinder",0,-59233
41,1.212146,"Zinder",0,-61449
41,1.212146,"Zinder",0,-47966
41,1.212146,"Zinder",0,-58678
41,1.212146,"Zinder",0,-41969
41,1.212146,"Zinder",0,-53637
41,1.212146,"Zinder",0,-57476
41,1.212146,"Zinder",0,-55108
42,0.879291,"Maradi",1,-33443
42,0.879291,"Maradi",1,-9460
42,0.879291,"Maradi",1,13366
42,0.879291,"Maradi",1,51365
42,0.879291,"Maradi",1,45790
42,0.879291,"Maradi",1,119550
42,0.879291,"Maradi",1,27044
42,0.879291,"Maradi",1,-1958
42,0.879291,"Maradi",1,-3143
42,0.879291,"Maradi",1,59751
42,0.879291,"Maradi",1,180789
42,0.879291,"Maradi",1,71470
42,0.879291,"Maradi",1,20637
42,0.879291,"Maradi",1,179665
42,0.879291,"Maradi",1,216758
42,0.879291,"Maradi",1,18772
42,0.879291,"Maradi",1,34358
42,0.879291,"Maradi",1,-7037
42,0.879291,"Maradi",1,-13722
42,0.879291,"Maradi",1,53640
42,0.879291,"Maradi",1,31172
42,0.879291,"Maradi",1,20115
42,0.879291,"Maradi",1,35324
42,0.879291,"Maradi",1,9144
43,1.029347,"Tahoua",0,-49576
43,1.029347,"Tahoua",0,-52530
43,1.029347,"Tahoua",0,-60515
43,1.029347,"Tahoua",0,-49657
43,1.029347,"Tahoua",0,-56752
43,1.029347,"Tahoua",0,-60753
43,1.029347,"Tahoua",0,-44518
43,1.029347,"Tahoua",0,-43794
43,1.029347,"Tahoua",0,-60180
43,1.029347,"Tahoua",0,-55991
43,1.029347,"Tahoua",0,-51746
43,1.029347,"Tahoua",0,-53615
43,1.029347,"Tahoua",0,-57799
43,1.029347,"Tahoua",0,-526
43,1.029347,"Tahoua",0,-52388
43,1.029347,"Tahoua",0,-46227
43,1.029347,"Tahoua",0,-39531
43,1.029347,"Tahoua",0,-60515
43,1.029347,"Tahoua",0,-55401
43,1.029347,"Tahoua",0,-62095
43,1.029347,"Tahoua",0,-57646
43,1.029347,"Tahoua",0,-54345
43,1.029347,"Tahoua",0,-51563
43,1.029347,"Tahoua",0,-56264
43,1.029347,"Tahoua",0,-49443
44,1.344259,"Maradi",0,-54544
44,1.344259,"Maradi",0,-61978
44,1.344259,"Maradi",0,-52645
44,1.344259,"Maradi",0,-61665
44,1.344259,"Maradi",0,-49966
44,1.344259,"Maradi",0,-62775
44,1.344259,"Maradi",0,-55593
44,1.344259,"Maradi",0,-62363
44,1.344259,"Maradi",0,-43690
44,1.344259,"Maradi",0,-58184
44,1.344259,"Maradi",0,-34618
44,1.344259,"Maradi",0,-45874
44,1.344259,"Maradi",0,-60297
44,1.344259,"Maradi",0,-48676
44,1.344259,"Maradi",0,-43483
44,1.344259,"Maradi",0,-49198
44,1.344259,"Maradi",0,-62353
44,1.344259,"Maradi",0,-47393
44,1.344259,"Maradi",0,-54630
44,1.344259,"Maradi",0,-45959
44,1.344259,"Maradi",0,-42032
44,1.344259,"Maradi",0,-57943
45,1.692564,"Maradi",0,-49377
45,1.692564,"Maradi",0,-49798
45,1.692564,"Maradi",0,-59102
45,1.692564,"Maradi",0,-61910
45,1.692564,"Maradi",0,-5222
45,1.692564,"Maradi",0,-36676
45,1.692564,"Maradi",0,-40447
45,1.692564,"Maradi",0,-14917
45,1.692564,"Maradi",0,-64700
45,1.692564,"Maradi",0,-4222
45,1.692564,"Maradi",0,-50316
45,1.692564,"Maradi",0,-34276
45,1.692564,"Maradi",0,-59418
45,1.692564,"Maradi",0,-57391
45,1.692564,"Maradi",0,-47414
45,1.692564,"Maradi",0,-57567
45,1.692564,"Maradi",0,-37439
45,1.692564,"Maradi",0,-66262
45,1.692564,"Maradi",0,-19680
45,1.692564,"Maradi",0,-51490
45,1.692564,"Maradi",0,-51580
45,1.692564,"Maradi",0,-57051
45,1.692564,"Maradi",0,-63710
45,1.692564,"Maradi",0,-33303
45,1.692564,"Maradi",0,-32663
46,0.686897,"Tillaberi",0,-61349
46,0.686897,"Tillaberi",0,-27748
46,0.686897,"Tillaberi",0,-58481
46,0.686897,"Tillaberi",0,-44036
46,0.686897,"Tillaberi",0,-51813
46,0.686897,"Tillaberi",0,-46778
46,0.686897,"Tillaberi",0,-41740
46,0.686897,"Tillaberi",0,-54396
46,0.686897,"Tillaberi",0,-52906
46,0.686897,"Tillaberi",0,-27160
46,0.686897,"Tillaberi",0,-59444
46,0.686897,"Tillaberi",0,-55181
46,0.686897,"Tillaberi",0,-57781
46,0.686897,"Tillaberi",0,-38940
46,0.686897,"Tillaberi",0,-61639
46,0.686897,"Tillaberi",0,-61670
46,0.686897,"Tillaberi",0,-56108
46,0.686897,"Tillaberi",0,-45129
46,0.686897,"Tillaberi",0,-51854
46,0.686897,"Tillaberi",0,-61216
46,0.686897,"Tillaberi",0,-57650
46,0.686897,"Tillaberi",0,-55110
46,0.686897,"Tillaberi",0,-56086
46,0.686897,"Tillaberi",0,-42615
46,0.686897,"Tillaberi",0,-54593
47,1.174367,"Maradi",0,-50222
47,1.174367,"Maradi",0,-53800
47,1.174367,"Maradi",0,-47663
47,1.174367,"Maradi",0,-61807
47,1.174367,"Maradi",0,-53180
47,1.174367,"Maradi",0,-62744
47,1.174367,"Maradi",0,-55773
47,1.174367,"Maradi",0,-48599
47,1.174367,"Maradi",0,-52180
47,1.174367,"Maradi",0,-59100
47,1.174367,"Maradi",0,-56896
47,1.174367,"Maradi",0,-54550
47,1.174367,"Maradi",0,-63322
47,1.174367,"Maradi",0,-54469
47,1.174367,"Maradi",0,-59794
47,1.174367,"Maradi",0,-57404
47,1.174367,"Maradi",0,-21625
47,1.174367,"Maradi",0,-54166
47,1.174367,"Maradi",0,-49814
47,1.174367,"Maradi",0,-59270
47,1.174367,"Maradi",0,-60840
47,1.174367,"Maradi",0,-50568
47,1.174367,"Maradi",0,-55803
47,1.174367,"Maradi",0,-46833
47,1.174367,"Maradi",0,-63673
48,1.194006,"Maradi",0,23430
48,1.194006,"Maradi",0,-51410
48,1.194006,"Maradi",0,-5132
48,1.194006,"Maradi",0,-64498
48,1.194006,"Maradi",0,-11770
48,1.194006,"Maradi",0,-4667
48,1.194006,"Maradi",0,-46738
48,1.194006,"Maradi",0,14802
48,1.194006,"Maradi",0,-7324
48,1.194006,"Maradi",0,-24995
48,1.194006,"Maradi",0,-12702
48,1.194006,"Maradi",0,-49490
48,1.194006,"Maradi",0,-3952
48,1.194006,"Maradi",0,-14163
48,1.194006,"Maradi",0,-32816
48,1.194006,"Maradi",0,-25440
48,1.194006,"Maradi",0,-28815
48,1.194006,"Maradi",0,-18057
48,1.194006,"Maradi",0,-45710
48,1.194006,"Maradi",0,-58581
48,1.194006,"Maradi",0,-55508
48,1.194006,"Maradi",0,-51753
48,1.194006,"Maradi",0,-12680
48,1.194006,"Maradi",0,-57355
48,1.194006,"Maradi",0,-61052
49,0.802651,"Tillaberi",0,-22892
49,0.802651,"Tillaberi",0,-16080
49,0.802651,"Tillaberi",0,-60423
49,0.802651,"Tillaberi",0,-60675
49,0.802651,"Tillaberi",0,6747
49,0.802651,"Tillaberi",0,-39173
49,0.802651,"Tillaberi",0,-59355
49,0.802651,"Tillaberi",0,13111
49,0.802651,"Tillaberi",0,-5066
49,0.802651,"Tillaberi",0,-53357
49,0.802651,"Tillaberi",0,-59288
49,0.802651,"Tillaberi",0,-4449
49,0.802651,"Tillaberi",0,11141
49,0.802651,"Tillaberi",0,-60670
49,0.802651,"Tillaberi",0,-38499
49,0.802651,"Tillaberi",0,-14422
49,0.802651,"Tillaberi",0,-60014
49,0.802651,"Tillaberi",0,-47983
49,0.802651,"Tillaberi",0,-19257
49,0.802651,"Tillaberi",0,-55285
49,0.802651,"Tillaberi",0,-45232
49,0.802651,"Tillaberi",0,-55032
50,0.069052,"Agadez",0,-63214
50,0.069052,"Agadez",0,-69973
50,0.069052,"Agadez",0,-68546
50,0.069052,"Agadez",0,-65008
50,0.069052,"Agadez",0,-43939
50,0.069052,"Agadez",0,-64696
50,0.069052,"Agadez",0,-53025
50,0.069052,"Agadez",0,-68016
50,0.069052,"Agadez",0,-62657
50,0.069052,"Agadez",0,-62696
50,0.069052,"Agadez",0,-57852
50,0.069052,"Agadez",0,-66746
50,0.069052,"Agadez",0,-61580
50,0.069052,"Agadez",0,-69914
50,0.069052,"Agadez",0,-60491
50,0.069052,"Agadez",0,-58450
51,0.705024,"Zinder",1,184842
51,0.705024,"Zinder",1,266835
51,0.705024,"Zinder",1,117191
51,0.705024,"Zinder",1,89202
51,0.705024,"Zinder",1,120543
51,0.705024,"Zinder",1,286261
51,0.705024,"Zinder",1,73479
51,0.705024,"Zinder",1,68142
51,0.705024,"Zinder",1,51375
51,0.705024,"Zinder",1,320455
51,0.705024,"Zinder",1,285687
51,0.705024,"Zinder",1,48741
51,0.705024,"Zinder",1,28240
51,0.705024,"Zinder",1,93441
51,0.705024,"Zinder",1,137187
51,0.705024,"Zinder",1,123984
51,0.705024,"Zinder",1,90921
51,0.705024,"Zinder",1,180991
51,0.705024,"Zinder",1,205238
51,0.705024,"Zinder",1,2825
51,0.705024,"Zinder",1,-6030
51,0.705024,"Zinder",1,42541
51,0.705024,"Zinder",1,66972
51,0.705024,"Zinder",1,81592
52,0.14296,"Maradi",0,-57521
52,0.14296,"Maradi",0,-45594
52,0.14296,"Maradi",0,-58316
52,0.14296,"Maradi",0,-62541
52,0.14296,"Maradi",0,-58321
52,0.14296,"Maradi",0,-57879
52,0.14296,"Maradi",0,-51511
52,0.14296,"Maradi",0,-45820
52,0.14296,"Maradi",0,-48235
52,0.14296,"Maradi",0,-56625
52,0.14296,"Maradi",0,-49728
52,0.14296,"Maradi",0,-46648
52,0.14296,"Maradi",0,-53416
52,0.14296,"Maradi",0,-62593
52,0.14296,"Maradi",0,-51231
52,0.14296,"Maradi",0,-49905
52,0.14296,"Maradi",0,-52557
52,0.14296,"Maradi",0,-53739
52,0.14296,"Maradi",0,-54125
52,0.14296,"Maradi",0,-57050
53,0.240808,"Agadez",1,144189
53,0.240808,"Agadez",1,89455
53,0.240808,"Agadez",1,57042
53,0.240808,"Agadez",1,273034
53,0.240808,"Agadez",1,114602
53,0.240808,"Agadez",1,74406
53,0.240808,"Agadez",1,141738
53,0.240808,"Agadez",1,130205
53,0.240808,"Agadez",1,23707
53,0.240808,"Agadez",1,-6360
53,0.240808,"Agadez",1,140343
53,0.240808,"Agadez",1,95392
53,0.240808,"Agadez",1,209263
53,0.240808,"Agadez",1,120522
53,0.240808,"Agadez",1,123771
53,0.240808,"Agadez",1,146117
53,0.240808,"Agadez",1,96720
53,0.240808,"Agadez",1,134944
53,0.240808,"Agadez",1,91228
53,0.240808,"Agadez",1,226496
53,0.240808,"Agadez",1,151621
53,0.240808,"Agadez",1,161919
53,0.240808,"Agadez",1,375293
53,0.240808,"Agadez",1,164403
54,0.365597,"Diffa",0,-56786
54,0.365597,"Diffa",0,-32510
54,0.365597,"Diffa",0,-20414
54,0.365597,"Diffa",0,-43023
54,0.365597,"Diffa",0,-55841
54,0.365597,"Diffa",0,-47796
54,0.365597,"Diffa",0,-56640
54,0.365597,"Diffa",0,-59085
54,0.365597,"Diffa",0,-61250
54,0.365597,"Diffa",0,-53341
54,0.365597,"Diffa",0,-50288
54,0.365597,"Diffa",0,-59085
54,0.365597,"Diffa",0,-51693
54,0.365597,"Diffa",0,-39897
54,0.365597,"Diffa",0,-40914
54,0.365597,"Diffa",0,-42402
54,0.365597,"Diffa",0,-59318
54,0.365597,"Diffa",0,-27394
54,0.365597,"Diffa",0,-50732
54,0.365597,"Diffa",0,-62052
54,0.365597,"Diffa",0,-51261
54,0.365597,"Diffa",0,-59624
55,0.306657,"Niamey",1,111713
55,0.306657,"Niamey",1,121983
55,0.306657,"Niamey",1,120286
55,0.306657,"Niamey",1,119842
55,0.306657,"Niamey",1,101909
55,0.306657,"Niamey",1,154030
55,0.306657,"Niamey",1,156966
55,0.306657,"Niamey",1,86564
55,0.306657,"Niamey",1,86759
55,0.306657,"Niamey",1,96707
55,0.306657,"Niamey",1,53960
55,0.306657,"Niamey",1,140039
55,0.306657,"Niamey",1,155792
55,0.306657,"Niamey",1,135679
55,0.306657,"Niamey",1,121418
55,0.306657,"Niamey",1,62202
55,0.306657,"Niamey",1,121678
55,0.306657,"Niamey",1,216074
55,0.306657,"Niamey",1,489236
55,0.306657,"Niamey",1,43273
55,0.306657,"Niamey",1,96815
55,0.306657,"Niamey",1,135085
56,1.402165,"Zinder",0,-60368
56,1.402165,"Zinder",0,-34230
56,1.402165,"Zinder",0,25317
56,1.402165,"Zinder",0,9030
56,1.402165,"Zinder",0,-38030
56,1.402165,"Zinder",0,-63224
56,1.402165,"Zinder",0,-63853
56,1.402165,"Zinder",0,-26150
56,1.402165,"Zinder",0,-58470
56,1.402165,"Zinder",0,-49694
56,1.402165,"Zinder",0,-52780
56,1.402165,"Zinder",0,-61334
56,1.402165,"Zinder",0,57882
56,1.402165,"Zinder",0,-64203
56,1.402165,"Zinder",0,-18935
56,1.402165,"Zinder",0,-40587
56,1.402165,"Zinder",0,-10804
56,1.402165,"Zinder",0,47889
56,1.402165,"Zinder",0,-57387
56,1.402165,"Zinder",0,-36537
57,0.244474,"Diffa",0,-61881
57,0.244474,"Diffa",0,-61692
57,0.244474,"Diffa",0,-31229
57,0.244474,"Diffa",0,-58702
57,0.244474,"Diffa",0,-59529
57,0.244474,"Diffa",0,-29735
57,0.244474,"Diffa",0,-51197
57,0.244474,"Diffa",0,-62061
57,0.244474,"Diffa",0,-58191
57,0.244474,"Diffa",0,-55611
57,0.244474,"Diffa",0,-56925
57,0.244474,"Diffa",0,-27190
57,0.244474,"Diffa",0,-59524
57,0.244474,"Diffa",0,-57780
57,0.244474,"Diffa",0,-56551
57,0.244474,"Diffa",0,-56372
57,0.244474,"Diffa",0,-56811
57,0.244474,"Diffa",0,-36651
57,0.244474,"Diffa",0,-73179
57,0.244474,"Diffa",0,-54138
57,0.244474,"Diffa",0,-61945
57,0.244474,"Diffa",0,-56158
57,0.244474,"Diffa",0,-48101
57,0.244474,"Diffa",0,-53311
57,0.244474,"Diffa",0,-52122
58,0.137928,"Agadez",0,171301
58,0.137928,"Agadez",0,-57473
58,0.137928,"Agadez",0,-54728
58,0.137928,"Agadez",0,-55723
58,0.137928,"Agadez",0,-35667
58,0.137928,"Agadez",0,-55733
58,0.137928,"Agadez",0,-42410
58,0.137928,"Agadez",0,-53864
58,0.137928,"Agadez",0,-54101
58,0.137928,"Agadez",0,-45098
58,0.137928,"Agadez",0,-54576
58,0.137928,"Agadez",0,-55915
58,0.137928,"Agadez",0,-54146
58,0.137928,"Agadez",0,-53370
58,0.137928,"Agadez",0,-53111
58,0.137928,"Agadez",0,-49108
58,0.137928,"Agadez",0,-62396
58,0.137928,"Agadez",0,-56145
58,0.137928,"Agadez",0,-69184
58,0.137928,"Agadez",0,-57838
58,0.137928,"Agadez",0,-55674
58,0.137928,"Agadez",0,-57831
58,0.137928,"Agadez",0,-30798
58,0.137928,"Agadez",0,-57141
59,0.656164,"Niamey",1,171864
59,0.656164,"Niamey",1,160084
59,0.656164,"Niamey",1,79967
59,0.656164,"Niamey",1,63415
59,0.656164,"Niamey",1,-19137
59,0.656164,"Niamey",1,336321
59,0.656164,"Niamey",1,297573
59,0.656164,"Niamey",1,190186
59,0.656164,"Niamey",1,446947
59,0.656164,"Niamey",1,53052
59,0.656164,"Niamey",1,28990
59,0.656164,"Niamey",1,291178
59,0.656164,"Niamey",1,131271
59,0.656164,"Niamey",1,158456
59,0.656164,"Niamey",1,158999
59,0.656164,"Niamey",1,-21843
59,0.656164,"Niamey",1,77973
59,0.656164,"Niamey",1,173566
59,0.656164,"Niamey",1,246982
59,0.656164,"Niamey",1,36405
59,0.656164,"Niamey",1,-41413
59,0.656164,"Niamey",1,118410
59,0.656164,"Niamey",1,94966
59,0.656164,"Niamey",1,105463
60,0.484385,"Niamey",1,235547
60,0.484385,"Niamey",1,187916
60,0.484385,"Niamey",1,368742
60,0.484385,"Niamey",1,184919
60,0.484385,"Niamey",1,232238
60,0.484385,"Niamey",1,152675
60,0.484385,"Niamey",1,377550
60,0.484385,"Niamey",1,418768
60,0.484385,"Niamey",1,114470
60,0.484385,"Niamey",1,115892
60,0.484385,"Niamey",1,184861
60,0.484385,"Niamey",1,176397
60,0.484385,"Niamey",1,392699
60,0.484385,"Niamey",1,200624
60,0.484385,"Niamey",1,282164
60,0.484385,"Niamey",1,180782
60,0.484385,"Niamey",1,208485
60,0.484385,"Niamey",1,159944
60,0.484385,"Niamey",1,199257
60,0.484385,"Niamey",1,99734
60,0.484385,"Niamey",1,147742
60,0.484385,"Niamey",1,152141
60,0.484385,"Niamey",1,160286
60,0.484385,"Niamey",1,331959
60,0.484385,"Niamey",1,109393
61,0.659683,"Tahoua",0,-54393
61,0.659683,"Tahoua",0,-54152
61,0.659683,"Tahoua",0,-59598
61,0.659683,"Tahoua",0,-59723
61,0.659683,"Tahoua",0,-59488
61,0.659683,"Tahoua",0,-55290
61,0.659683,"Tahoua",0,-54275
61,0.659683,"Tahoua",0,-56380
61,0.659683,"Tahoua",0,-58132
61,0.659683,"Tahoua",0,-62018
61,0.659683,"Tahoua",0,-64900
61,0.659683,"Tahoua",0,-55996
61,0.659683,"Tahoua",0,-58019
61,0.659683,"Tahoua",0,-63766
61,0.659683,"Tahoua",0,-56121
61,0.659683,"Tahoua",0,-57262
61,0.659683,"Tahoua",0,-56886
61,0.659683,"Tahoua",0,-49341
61,0.659683,"Tahoua",0,-68271
61,0.659683,"Tahoua",0,-56818
61,0.659683,"Tahoua",0,-67406
62,1.118697,"Dosso",0,-6401
62,1.118697,"Dosso",0,44118
62,1.118697,"Dosso",0,4418
62,1.118697,"Dosso",0,-46295
62,1.118697,"Dosso",0,-60544
62,1.118697,"Dosso",0,-849
62,1.118697,"Dosso",0,-3598
62,1.118697,"Dosso",0,-59910
62,1.118697,"Dosso",0,-32806
62,1.118697,"Dosso",0,-56600
62,1.118697,"Dosso",0,-51068
62,1.118697,"Dosso",0,-58605
62,1.118697,"Dosso",0,57208
62,1.118697,"Dosso",0,60312
62,1.118697,"Dosso",0,-35859
62,1.118697,"Dosso",0,-60032
62,1.118697,"Dosso",0,-20999
62,1.118697,"Dosso",0,-54938
62,1.118697,"Dosso",0,-49443
62,1.118697,"Dosso",0,-11066
62,1.118697,"Dosso",0,3877
62,1.118697,"Dosso",0,-47641
63,0.31256,"Agadez",1,179917
63,0.31256,"Agadez",1,197305
63,0.31256,"Agadez",1,126638
63,0.31256,"Agadez",1,157482
63,0.31256,"Agadez",1,165582
63,0.31256,"Agadez",1,215128
63,0.31256,"Agadez",1,159858
63,0.31256,"Agadez",1,-13389
63,0.31256,"Agadez",1,82282
63,0.31256,"Agadez",1,175087
63,0.31256,"Agadez",1,194205
63,0.31256,"Agadez",1,67992
63,0.31256,"Agadez",1,37687
63,0.31256,"Agadez",1,185499
63,0.31256,"Agadez",1,120999
63,0.31256,"Agadez",1,66504
63,0.31256,"Agadez",1,20517
63,0.31256,"Agadez",1,197400
63,0.31256,"Agadez",1,128461
63,0.31256,"Agadez",1,122798
63,0.31256,"Agadez",1,78607
63,0.31256,"Agadez",1,96522
63,0.31256,"Agadez",1,60763
64,0.275114,"Diffa",0,-61205
64,0.275114,"Diffa",0,-29007
64,0.275114,"Diffa",0,-56618
64,0.275114,"Diffa",0,-45433
64,0.275114,"Diffa",0,-44838
64,0.275114,"Diffa",0,-34828
64,0.275114,"Diffa",0,-56466
64,0.275114,"Diffa",0,-51644
64,0.275114,"Diffa",0,-43541
64,0.275114,"Diffa",0,-53468
64,0.275114,"Diffa",0,-51241
64,0.275114,"Diffa",0,-58927
64,0.275114,"Diffa",0,-57191
64,0.275114,"Diffa",0,-45744
64,0.275114,"Diffa",0,-19338
64,0.275114,"Diffa",0,-60510
64,0.275114,"Diffa",0,-40197
64,0.275114,"Diffa",0,-47589
64,0.275114,"Diffa",0,-58673
64,0.275114,"Diffa",0,-57205
64,0.275114,"Diffa",0,-52180
64,0.275114,"Diffa",0,-60353
64,0.275114,"Diffa",0,-58440
64,0.275114,"Diffa",0,-56789
65,0.387257,"Diffa",0,-37618
65,0.387257,"Diffa",0,-55921
65,0.387257,"Diffa",0,-60818
65,0.387257,"Diffa",0,-45459
65,0.387257,"Diffa",0,-60834
65,0.387257,"Diffa",0,-51600
65,0.387257,"Diffa",0,-58133
65,0.387257,"Diffa",0,-40766
65,0.387257,"Diffa",0,-34927
65,0.387257,"Diffa",0,-53725
65,0.387257,"Diffa",0,-58333
65,0.387257,"Diffa",0,-58672
65,0.387257,"Diffa",0,-53725
65,0.387257,"Diffa",0,-54981
65,0.387257,"Diffa",0,-53247
65,0.387257,"Diffa",0,-51156
65,0.387257,"Diffa",0,-16024
65,0.387257,"Diffa",0,-52444
65,0.387257,"Diffa",0,-58672
65,0.387257,"Diffa",0,-60231
65,0.387257,"Diffa",0,-51706
65,0.387257,"Diffa",0,-58837
65,0.387257,"Diffa",0,-58680
65,0.387257,"Diffa",0,-61522
66,0.31072,"Diffa",0,50337
66,0.31072,"Diffa",0,52639
66,0.31072,"Diffa",0,53481
66,0.31072,"Diffa",0,-4421
66,0.31072,"Diffa",0,49385
66,0.31072,"Diffa",0,-40188
66,0.31072,"Diffa",0,63462
66,0.31072,"Diffa",0,-39206
66,0.31072,"Diffa",0,-42401
66,0.31072,"Diffa",0,-24602
66,0.31072,"Diffa",0,-36316
66,0.31072,"Diffa",0,32088
66,0.31072,"Diffa",0,-27737
66,0.31072,"Diffa",0,-10207
66,0.31072,"Diffa",0,-24757
66,0.31072,"Diffa",0,9250
66,0.31072,"Diffa",0,4417
66,0.31072,"Diffa",0,2298
66,0.31072,"Diffa",0,-33212
66,0.31072,"Diffa",0,60622
66,0.31072,"Diffa",0,-48287
66,0.31072,"Diffa",0,-40062
66,0.31072,"Diffa",0,-39711
66,0.31072,"Diffa",0,-1701
67,0.179906,"Diffa",0,-52081
67,0.179906,"Diffa",0,-54271
67,0.179906,"Diffa",0,-41071
67,0.179906,"Diffa",0,-44561
67,0.179906,"Diffa",0,-49712
67,0.179906,"Diffa",0,-44980
67,0.179906,"Diffa",0,-43114
67,0.179906,"Diffa",0,-60112
67,0.179906,"Diffa",0,-48889
67,0.179906,"Diffa",0,-44201
67,0.179906,"Diffa",0,-34927
67,0.179906,"Diffa",0,-23593
67,0.179906,"Diffa",0,-53443
67,0.179906,"Diffa",0,-55185
67,0.179906,"Diffa",0,-60634
67,0.179906,"Diffa",0,-55008
68,2.898796,"Zinder",0,-63271
68,2.898796,"Zinder",0,-58134
68,2.898796,"Zinder",0,-57313
68,2.898796,"Zinder",0,-56131
68,2.898796,"Zinder",0,-55775
68,2.898796,"Zinder",0,-19800
68,2.898796,"Zinder",0,-46453
68,2.898796,"Zinder",0,-36728
68,2.898796,"Zinder",0,-52329
68,2.898796,"Zinder",0,-62015
68,2.898796,"Zinder",0,-38577
68,2.898796,"Zinder",0,-49297
68,2.898796,"Zinder",0,-41710
68,2.898796,"Zinder",0,-54437
68,2.898796,"Zinder",0,-36750
68,2.898796,"Zinder",0,-59606
68,2.898796,"Zinder",0,-47776
68,2.898796,"Zinder",0,-41365
68,2.898796,"Zinder",0,-57706
68,2.898796,"Zinder",0,-54652
68,2.898796,"Zinder",0,-39583
69,0.72371,"Tahoua",1,116138
69,0.72371,"Tahoua",1,57995
69,0.72371,"Tahoua",1,70087
69,0.72371,"Tahoua",1,147954
69,0.72371,"Tahoua",1,-20145
69,0.72371,"Tahoua",1,11408
69,0.72371,"Tahoua",1,272696
69,0.72371,"Tahoua",1,102758
69,0.72371,"Tahoua",1,201017
69,0.72371,"Tahoua",1,181446
69,0.72371,"Tahoua",1,71080
69,0.72371,"Tahoua",1,81585
69,0.72371,"Tahoua",1,-41363
69,0.72371,"Tahoua",1,339065
69,0.72371,"Tahoua",1,83650
69,0.72371,"Tahoua",1,53415
69,0.72371,"Tahoua",1,202629
69,0.72371,"Tahoua",1,21984
69,0.72371,"Tahoua",1,10467
69,0.72371,"Tahoua",1,3367
69,0.72371,"Tahoua",1,231242
69,0.72371,"Tahoua",1,112040
69,0.72371,"Tahoua",1,13211
70,0.666101,"Zinder",1,925
70,0.666101,"Zinder",1,119337
70,0.666101,"Zinder",1,29544
70,0.666101,"Zinder",1,88497
70,0.666101,"Zinder",1,201017
70,0.666101,"Zinder",1,-12075
70,0.666101,"Zinder",1,127727
70,0.666101,"Zinder",1,142224
70,0.666101,"Zinder",1,108265
70,0.666101,"Zinder",1,54901
70,0.666101,"Zinder",1,209525
70,0.666101,"Zinder",1,194127
70,0.666101,"Zinder",1,189758
70,0.666101,"Zinder",1,32442
70,0.666101,"Zinder",1,268060
70,0.666101,"Zinder",1,200270
70,0.666101,"Zinder",1,110473
70,0.666101,"Zinder",1,122615
70,0.666101,"Zinder",1,99530
70,0.666101,"Zinder",1,255053
70,0.666101,"Zinder",1,60410
70,0.666101,"Zinder",1,148745
70,0.666101,"Zinder",1,94677
70,0.666101,"Zinder",1,82760
70,0.666101,"Zinder",1,178769
71,1.306322,"Maradi",0,-63297
71,1.306322,"Maradi",0,-47099
71,1.306322,"Maradi",0,-59058
71,1.306322,"Maradi",0,-53080
71,1.306322,"Maradi",0,-61500
71,1.306322,"Maradi",0,-59076
71,1.306322,"Maradi",0,-56403
71,1.306322,"Maradi",0,-64325
71,1.306322,"Maradi",0,-61639
71,1.306322,"Maradi",0,-63201
71,1.306322,"Maradi",0,-63063
71,1.306322,"Maradi",0,-56243
71,1.306322,"Maradi",0,-48137
71,1.306322,"Maradi",0,-63275
71,1.306322,"Maradi",0,-1341
71,1.306322,"Maradi",0,-46641
71,1.306322,"Maradi",0,-56255
71,1.306322,"Maradi",0,-59456
71,1.306322,"Maradi",0,-47111
71,1.306322,"Maradi",0,-55489
71,1.306322,"Maradi",0,-63390
71,1.306322,"Maradi",0,-53945
71,1.306322,"Maradi",0,-47323
72,0.637618,"Niamey",1,75209
72,0.637618,"Niamey",1,48491
72,0.637618,"Niamey",1,268097
72,0.637618,"Niamey",1,384068
72,0.637618,"Niamey",1,9616
72,0.637618,"Niamey",1,430462
72,0.637618,"Niamey",1,91428
72,0.637618,"Niamey",1,374276
72,0.637618,"Niamey",1,148601
72,0.637618,"Niamey",1,84370
72,0.637618,"Niamey",1,107417
72,0.637618,"Niamey",1,35450
72,0.637618,"Niamey",1,206429
72,0.637618,"Niamey",1,205356
72,0.637618,"Niamey",1,-4681
72,0.637618,"Niamey",1,194951
72,0.637618,"Niamey",1,105865
72,0.637618,"Niamey",1,63993
72,0.637618,"Niamey",1,231710
72,0.637618,"Niamey",1,121736
72,0.637618,"Niamey",1,172207
72,0.637618,"Niamey",1,365598
72,0.637618,"Niamey",1,228254
72,0.637618,"Niamey",1,131215
73,0.977616,"Dosso",1,16621
73,0.977616,"Dosso",1,-45649
73,0.977616,"Dosso",1,156039
73,0.977616,"Dosso",1,11768
73,0.977616,"Dosso",1,-45959
73,0.977616,"Dosso",1,85428
73,0.977616,"Dosso",1,53593
73,0.977616,"Dosso",1,75060
73,0.977616,"Dosso",1,30370
73,0.977616,"Dosso",1,2019
73,0.977616,"Dosso",1,-17699
73,0.977616,"Dosso",1,18628
73,0.977616,"Dosso",1,99398
73,0.977616,"Dosso",1,50705
73,0.977616,"Dosso",1,98261
73,0.977616,"Dosso",1,91506
73,0.977616,"Dosso",1,9578
73,0.977616,"Dosso",1,-20702
73,0.977616,"Dosso",1,-29114
73,0.977616,"Dosso",1,-18579
74,1.677503,"Tahoua",0,-45751
74,1.677503,"Tahoua",0,-44985
74,1.677503,"Tahoua",0,-61654
74,1.677503,"Tahoua",0,-42975
74,1.677503,"Tahoua",0,-28944
74,1.677503,"Tahoua",0,-53739
74,1.677503,"Tahoua",0,-62866
74,1.677503,"Tahoua",0,-57823
74,1.677503,"Tahoua",0,188184
74,1.677503,"Tahoua",0,-46983
74,1.677503,"Tahoua",0,-46920
74,1.677503,"Tahoua",0,-39861
74,1.677503,"Tahoua",0,-41438
74,1.677503,"Tahoua",0,-43439
74,1.677503,"Tahoua",0,-42114
74,1.677503,"Tahoua",0,-61390
74,1.677503,"Tahoua",0,15660
74,1.677503,"Tahoua",0,-62173
74,1.677503,"Tahoua",0,-58741
74,1.677503,"Tahoua",0,-39942
74,1.677503,"Tahoua",0,-60763
74,1.677503,"Tahoua",0,-60988
74,1.677503,"Tahoua",0,-47205
74,1.677503,"Tahoua",0,-33671
74,1.677503,"Tahoua",0,-61346
75,1.346669,"Tillaberi",0,-51215
75,1.346669,"Tillaberi",0,-56035
75,1.346669,"Tillaberi",0,-57469
75,1.346669,"Tillaberi",0,-56468
75,1.346669,"Tillaberi",0,-51205
75,1.346669,"Tillaberi",0,-55428
75,1.346669,"Tillaberi",0,-61232
75,1.346669,"Tillaberi",0,-55163
75,1.346669,"Tillaberi",0,-33052
75,1.346669,"Tillaberi",0,-56991
75,1.346669,"Tillaberi",0,-57308
75,1.346669,"Tillaberi",0,-43218
75,1.346669,"Tillaberi",0,-42645
75,1.346669,"Tillaberi",0,-50532
75,1.346669,"Tillaberi",0,-55406
75,1.346669,"Tillaberi",0,-20106
75,1.346669,"Tillaberi",0,-38138
75,1.346669,"Tillaberi",0,-51748
75,1.346669,"Tillaberi",0,-45711
75,1.346669,"Tillaberi",0,-51831
75,1.346669,"Tillaberi",0,-57933
75,1.346669,"Tillaberi",0,-50871
75,1.346669,"Tillaberi",0,-31107
75,1.346669,"Tillaberi",0,-54068
76,0.624957,"Dosso",0,82296
76,0.624957,"Dosso",0,102905
76,0.624957,"Dosso",0,-51336
76,0.624957,"Dosso",0,-38988
76,0.624957,"Dosso",0,-17418
76,0.624957,"Dosso",0,-60201
76,0.624957,"Dosso",0,-47647
76,0.624957,"Dosso",0,-52483
76,0.624957,"Dosso",0,-53303
76,0.624957,"Dosso",0,-52580
76,0.624957,"Dosso",0,95328
76,0.624957,"Dosso",0,53706
76,0.624957,"Dosso",0,-6214
76,0.624957,"Dosso",0,5833
76,0.624957,"Dosso",0,137574
76,0.624957,"Dosso",0,-51470
76,0.624957,"Dosso",0,-41748
76,0.624957,"Dosso",0,-25600
77,1.803218,"Maradi",0,-4988
77,1.803218,"Maradi",0,-41213
77,1.803218,"Maradi",0,-38043
77,1.803218,"Maradi",0,-57777
77,1.803218,"Maradi",0,-36961
77,1.803218,"Maradi",0,-40799
77,1.803218,"Maradi",0,-51795
77,1.803218,"Maradi",0,-64720
77,1.803218,"Maradi",0,-40678
77,1.803218,"Maradi",0,-56864
77,1.803218,"Maradi",0,-57055
77,1.803218,"Maradi",0,-58856
77,1.803218,"Maradi",0,-56140
77,1.803218,"Maradi",0,-54350
77,1.803218,"Maradi",0,-49977
77,1.803218,"Maradi",0,-44764
77,1.803218,"Maradi",0,16953
77,1.803218,"Maradi",0,-56945
77,1.803218,"Maradi",0,-58618
77,1.803218,"Maradi",0,-44941
77,1.803218,"Maradi",0,-57787
77,1.803218,"Maradi",0,-41433
77,1.803218,"Maradi",0,-51307
77,1.803218,"Maradi",0,-59521
77,1.803218,"Maradi",0,-27649
78,0.494489,"Niamey",1,192822
78,0.494489,"Niamey",1,447176
78,0.494489,"Niamey",1,321939
78,0.494489,"Niamey",1,93142
78,0.494489,"Niamey",1,1957
78,0.494489,"Niamey",1,262942
78,0.494489,"Niamey",1,80866
78,0.494489,"Niamey",1,343391
78,0.494489,"Niamey",1,241644
78,0.494489,"Niamey",1,37239
78,0.494489,"Niamey",1,350323
78,0.494489,"Niamey",1,177569
78,0.494489,"Niamey",1,111944
78,0.494489,"Niamey",1,132285
78,0.494489,"Niamey",1,120855
78,0.494489,"Niamey",1,58502
78,0.494489,"Niamey",1,-12733
78,0.494489,"Niamey",1,303146
78,0.494489,"Niamey",1,238149
78,0.494489,"Niamey",1,22343
78,0.494489,"Niamey",1,134366
78,0.494489,"Niamey",1,150803
78,0.494489,"Niamey",1,422617
79,0.682609,"Tahoua",1,60205
79,0.682609,"Tahoua",1,133169
79,0.682609,"Tahoua",1,137131
79,0.682609,"Tahoua",1,48877
79,0.682609,"Tahoua",1,63839
79,0.682609,"Tahoua",1,37277
79,0.682609,"Tahoua",1,13699
79,0.682609,"Tahoua",1,173338
79,0.682609,"Tahoua",1,70670
79,0.682609,"Tahoua",1,2365
79,0.682609,"Tahoua",1,28122
79,0.682609,"Tahoua",1,178852
79,0.682609,"Tahoua",1,32477
79,0.682609,"Tahoua",1,36385
79,0.682609,"Tahoua",1,74501
79,0.682609,"Tahoua",1,225844
79,0.682609,"Tahoua",1,3447
79,0.682609,"Tahoua",1,149562
79,0.682609,"Tahoua",1,167452
79,0.682609,"Tahoua",1,111662
79,0.682609,"Tahoua",1,192311
79,0.682609,"Tahoua",1,26985
79,0.682609,"Tahoua",1,236721
79,0.682609,"Tahoua",1,120273
80,2.398168,"Zinder",0,-55610
80,2.398168,"Zinder",0,-56605
80,2.398168,"Zinder",0,-30572
80,2.398168,"Zinder",0,-51383
80,2.398168,"Zinder",0,-53552
80,2.398168,"Zinder",0,-56138
80,2.398168,"Zinder",0,-55262
80,2.398168,"Zinder",0,-53193
80,2.398168,"Zinder",0,3619
80,2.398168,"Zinder",0,-61218
80,2.398168,"Zinder",0,-56343
81,1.737113,"Zinder",0,958
81,1.737113,"Zinder",0,-37105
81,1.737113,"Zinder",0,-40736
81,1.737113,"Zinder",0,-39947
81,1.737113,"Zinder",0,-53578
81,1.737113,"Zinder",0,-59475
81,1.737113,"Zinder",0,-27824
81,1.737113,"Zinder",0,-62810
81,1.737113,"Zinder",0,-38471
81,1.737113,"Zinder",0,-52755
81,1.737113,"Zinder",0,-57123
81,1.737113,"Zinder",0,-57428
81,1.737113,"Zinder",0,-55664
81,1.737113,"Zinder",0,-60575
81,1.737113,"Zinder",0,-43793
81,1.737113,"Zinder",0,-54305
81,1.737113,"Zinder",0,-33825
81,1.737113,"Zinder",0,-57487
81,1.737113,"Zinder",0,-6221
81,1.737113,"Zinder",0,-50855
81,1.737113,"Zinder",0,-40959
81,1.737113,"Zinder",0,-44181
82,0.980519,"Tahoua",0,-47851
82,0.980519,"Tahoua",0,-50363
82,0.980519,"Tahoua",0,-45873
82,0.980519,"Tahoua",0,-57106
82,0.980519,"Tahoua",0,-9594
82,0.980519,"Tahoua",0,-45216
82,0.980519,"Tahoua",0,-29177
82,0.980519,"Tahoua",0,-58317
82,0.980519,"Tahoua",0,-55547
82,0.980519,"Tahoua",0,-16332
82,0.980519,"Tahoua",0,-60926
82,0.980519,"Tahoua",0,-28353
82,0.980519,"Tahoua",0,-28498
82,0.980519,"Tahoua",0,-60924
82,0.980519,"Tahoua",0,-42742
82,0.980519,"Tahoua",0,-51058
82,0.980519,"Tahoua",0,31522
82,0.980519,"Tahoua",0,-57230
82,0.980519,"Tahoua",0,-58942
82,0.980519,"Tahoua",0,-54695
82,0.980519,"Tahoua",0,-56701
82,0.980519,"Tahoua",0,-55125
82,0.980519,"Tahoua",0,53829
82,0.980519,"Tahoua",0,-26084
83,0.992867,"Tillaberi",0,-51112
83,0.992867,"Tillaberi",0,-56418
83,0.992867,"Tillaberi",0,-60628
83,0.992867,"Tillaberi",0,-54916
83,0.992867,"Tillaberi",0,-59930
83,0.992867,"Tillaberi",0,-55711
83,0.992867,"Tillaberi",0,-62433
83,0.992867,"Tillaberi",0,14864
83,0.992867,"Tillaberi",0,-56436
83,0.992867,"Tillaberi",0,-62022
83,0.992867,"Tillaberi",0,-63446
83,0.992867,"Tillaberi",0,-63350
83,0.992867,"Tillaberi",0,-57240
83,0.992867,"Tillaberi",0,-53421
83,0.992867,"Tillaberi",0,-53930
83,0.992867,"Tillaberi",0,-46259
83,0.992867,"Tillaberi",0,-49193
83,0.992867,"Tillaberi",0,-51834
83,0.992867,"Tillaberi",0,-62271
83,0.992867,"Tillaberi",0,-62988
83,0.992867,"Tillaberi",0,-56438
83,0.992867,"Tillaberi",0,-50441
83,0.992867,"Tillaberi",0,-62170
83,0.992867,"Tillaberi",0,-62183
84,1.285917,"Maradi",0,-63083
84,1.285917,"Maradi",0,-63450
84,1.285917,"Maradi",0,-62766
84,1.285917,"Maradi",0,-59957
84,1.285917,"Maradi",0,-14227
84,1.285917,"Maradi",0,-15929
84,1.285917,"Maradi",0,-33887
84,1.285917,"Maradi",0,-62641
84,1.285917,"Maradi",0,-46129
84,1.285917,"Maradi",0,-45971
84,1.285917,"Maradi",0,-15007
84,1.285917,"Maradi",0,2297
84,1.285917,"Maradi",0,-15929
84,1.285917,"Maradi",0,-48001
84,1.285917,"Maradi",0,-65258
84,1.285917,"Maradi",0,-38244
84,1.285917,"Maradi",0,-67368
84,1.285917,"Maradi",0,-54915
84,1.285917,"Maradi",0,-19736
84,1.285917,"Maradi",0,-63090
84,1.285917,"Maradi",0,-45662
84,1.285917,"Maradi",0,-37242
84,1.285917,"Maradi",0,-44971
85,2.049553,"Tahoua",0,-60686
85,2.049553,"Tahoua",0,-66581
85,2.049553,"Tahoua",0,-58212
85,2.049553,"Tahoua",0,-57248
85,2.049553,"Tahoua",0,-57323
85,2.049553,"Tahoua",0,-65990
85,2.049553,"Tahoua",0,-64481
85,2.049553,"Tahoua",0,-52239
85,2.049553,"Tahoua",0,-52783
85,2.049553,"Tahoua",0,-59872
85,2.049553,"Tahoua",0,-63535
85,2.049553,"Tahoua",0,-57568
85,2.049553,"Tahoua",0,-61065
85,2.049553,"Tahoua",0,-64830
85,2.049553,"Tahoua",0,-57278
85,2.049553,"Tahoua",0,-53451
85,2.049553,"Tahoua",0,-61217
85,2.049553,"Tahoua",0,-59944
85,2.049553,"Tahoua",0,-59927
85,2.049553,"Tahoua",0,-66788
85,2.049553,"Tahoua",0,-61773
85,2.049553,"Tahoua",0,-64398
85,2.049553,"Tahoua",0,-59410
85,2.049553,"Tahoua",0,-56550
85,2.049553,"Tahoua",0,-67332
86,1.085571,"Maradi",1,86652
86,1.085571,"Maradi",1,6083
86,1.085571,"Maradi",1,-5779
86,1.085571,"Maradi",1,-3750
86,1.085571,"Maradi",1,67514
86,1.085571,"Maradi",1,1621
86,1.085571,"Maradi",1,-4202
86,1.085571,"Maradi",1,72308
86,1.085571,"Maradi",1,90465
86,1.085571,"Maradi",1,-38199
86,1.085571,"Maradi",1,35807
86,1.085571,"Maradi",1,64900
86,1.085571,"Maradi",1,35214
86,1.085571,"Maradi",1,-23215
86,1.085571,"Maradi",1,-7031
86,1.085571,"Maradi",1,-4677
86,1.085571,"Maradi",1,10510
86,1.085571,"Maradi",1,11669
86,1.085571,"Maradi",1,-26438
86,1.085571,"Maradi",1,-19153
86,1.085571,"Maradi",1,-30220
86,1.085571,"Maradi",1,-657
86,1.085571,"Maradi",1,11768
87,0.722079,"Tillaberi",0,-53898
87,0.722079,"Tillaberi",0,-56955
87,0.722079,"Tillaberi",0,-56573
87,0.722079,"Tillaberi",0,-57379
87,0.722079,"Tillaberi",0,-47559
87,0.722079,"Tillaberi",0,-58031
87,0.722079,"Tillaberi",0,-55126
87,0.722079,"Tillaberi",0,-42820
87,0.722079,"Tillaberi",0,-44777
87,0.722079,"Tillaberi",0,-51710
87,0.722079,"Tillaberi",0,-60502
87,0.722079,"Tillaberi",0,-51247
87,0.722079,"Tillaberi",0,-42996
87,0.722079,"Tillaberi",0,-50175
87,0.722079,"Tillaberi",0,-30155
88,0.209353,"Diffa",1,38429
88,0.209353,"Diffa",1,29457
88,0.209353,"Diffa",1,4683
88,0.209353,"Diffa",1,19327
88,0.209353,"Diffa",1,-35995
88,0.209353,"Diffa",1,149990
88,0.209353,"Diffa",1,51425
88,0.209353,"Diffa",1,-25966
88,0.209353,"Diffa",1,58575
88,0.209353,"Diffa",1,192343
88,0.209353,"Diffa",1,-11000
88,0.209353,"Diffa",1,154419
88,0.209353,"Diffa",1,59030
88,0.209353,"Diffa",1,65855
88,0.209353,"Diffa",1,53625
88,0.209353,"Diffa",1,38678
88,0.209353,"Diffa",1,68499
88,0.209353,"Diffa",1,35295
88,0.209353,"Diffa",1,93427
88,0.209353,"Diffa",1,46203
88,0.209353,"Diffa",1,-6418
88,0.209353,"Diffa",1,-12164
89,0.503688,"Tillaberi",0,-53151
89,0.503688,"Tillaberi",0,-59280
89,0.503688,"Tillaberi",0,-62800
89,0.503688,"Tillaberi",0,-50016
89,0.503688,"Tillaberi",0,-54115
89,0.503688,"Tillaberi",0,-41653
89,0.503688,"Tillaberi",0,-62711
89,0.503688,"Tillaberi",0,-55931
89,0.503688,"Tillaberi",0,-50080
89,0.503688,"Tillaberi",0,-58713
89,0.503688,"Tillaberi",0,-56188
89,0.503688,"Tillaberi",0,-55758
89,0.503688,"Tillaberi",0,-67372
89,0.503688,"Tillaberi",0,-34015
89,0.503688,"Tillaberi",0,-61387
89,0.503688,"Tillaberi",0,-61037
89,0.503688,"Tillaberi",0,-48602
89,0.503688,"Tillaberi",0,-60745
89,0.503688,"Tillaberi",0,-53238
89,0.503688,"Tillaberi",0,-61420
89,0.503688,"Tillaberi",0,-55215
89,0.503688,"Tillaberi",0,-42754
89,0.503688,"Tillaberi",0,-56410
90,1.061055,"Maradi",0,-54815
90,1.061055,"Maradi",0,-54752
90,1.061055,"Maradi",0,-54281
90,1.061055,"Maradi",0,-41297
90,1.061055,"Maradi",0,-59099
90,1.061055,"Maradi",0,-60220
90,1.061055,"Maradi",0,-56238
90,1.061055,"Maradi",0,-54474
90,1.061055,"Maradi",0,-60865
90,1.061055,"Maradi",0,-52476
90,1.061055,"Maradi",0,-57746
90,1.061055,"Maradi",0,-62995
90,1.061055,"Maradi",0,-57716
90,1.061055,"Maradi",0,-60140
90,1.061055,"Maradi",0,-52527
90,1.061055,"Maradi",0,-58746
90,1.061055,"Maradi",0,-57943
90,1.061055,"Maradi",0,-53656
90,1.061055,"Maradi",0,-57179
90,1.061055,"Maradi",0,-59249
90,1.061055,"Maradi",0,-52040
90,1.061055,"Maradi",0,-59342
90,1.061055,"Maradi",0,-62775
91,1.132219,"Tahoua",1,15518
91,1.132219,"Tahoua",1,107691
91,1.132219,"Tahoua",1,113832
91,1.132219,"Tahoua",1,160838
91,1.132219,"Tahoua",1,170
91,1.132219,"Tahoua",1,177397
91,1.132219,"Tahoua",1,115147
91,1.132219,"Tahoua",1,50249
91,1.132219,"Tahoua",1,127387
91,1.132219,"Tahoua",1,6103
91,1.132219,"Tahoua",1,110189
91,1.132219,"Tahoua",1,87335
91,1.132219,"Tahoua",1,39066
91,1.132219,"Tahoua",1,112915
91,1.132219,"Tahoua",1,-39159
91,1.132219,"Tahoua",1,148279
91,1.132219,"Tahoua",1,179176
91,1.132219,"Tahoua",1,324879
91,1.132219,"Tahoua",1,55815
91,1.132219,"Tahoua",1,59164
91,1.132219,"Tahoua",1,124943
91,1.132219,"Tahoua",1,61350
91,1.132219,"Tahoua",1,26669
91,1.132219,"Tahoua",1,81906
92,1.257099,"Maradi",0,-67550
92,1.257099,"Maradi",0,-62505
92,1.257099,"Maradi",0,-62554
92,1.257099,"Maradi",0,-41826
92,1.257099,"Maradi",0,-62375
92,1.257099,"Maradi",0,-57675
92,1.257099,"Maradi",0,-63510
92,1.257099,"Maradi",0,-62020
92,1.257099,"Maradi",0,-53425
92,1.257099,"Maradi",0,-59261
92,1.257099,"Maradi",0,-35924
92,1.257099,"Maradi",0,-45935
92,1.257099,"Maradi",0,-45396
92,1.257099,"Maradi",0,-60523
92,1.257099,"Maradi",0,-53781
92,1.257099,"Maradi",0,-63157
92,1.257099,"Maradi",0,-60435
92,1.257099,"Maradi",0,-65766
92,1.257099,"Maradi",0,-59667
92,1.257099,"Maradi",0,-61513
92,1.257099,"Maradi",0,-64127
92,1.257099,"Maradi",0,-63180
92,1.257099,"Maradi",0,-57305
92,1.257099,"Maradi",0,-64336
92,1.257099,"Maradi",0,-60613
93,0.354991,"Diffa",1,225647
93,0.354991,"Diffa",1,79892
93,0.354991,"Diffa",1,107131
93,0.354991,"Diffa",1,17080
93,0.354991,"Diffa",1,99404
93,0.354991,"Diffa",1,39841
93,0.354991,"Diffa",1,-6968
93,0.354991,"Diffa",1,-2864
93,0.354991,"Diffa",1,6383
93,0.354991,"Diffa",1,63857
93,0.354991,"Diffa",1,179983
93,0.354991,"Diffa",1,27022
93,0.354991,"Diffa",1,-33586
93,0.354991,"Diffa",1,21376
93,0.354991,"Diffa",1,72234
93,0.354991,"Diffa",1,74462
93,0.354991,"Diffa",1,73933
94,1.713563,"Zinder",0,-53242
94,1.713563,"Zinder",0,-54061
94,1.713563,"Zinder",0,-61802
94,1.713563,"Zinder",0,-59622
94,1.713563,"Zinder",0,-60275
94,1.713563,"Zinder",0,-54051
94,1.713563,"Zinder",0,-52664
94,1.713563,"Zinder",0,-55523
94,1.713563,"Zinder",0,-55673
94,1.713563,"Zinder",0,-63870
94,1.713563,"Zinder",0,-50406
94,1.713563,"Zinder",0,-45593
94,1.713563,"Zinder",0,-58470
94,1.713563,"Zinder",0,-59144
94,1.713563,"Zinder",0,-56405
94,1.713563,"Zinder",0,-53896
94,1.713563,"Zinder",0,-53883
94,1.713563,"Zinder",0,-56567
94,1.713563,"Zinder",0,-56978
94,1.713563,"Zinder",0,-63357
94,1.713563,"Zinder",0,-54723
94,1.713563,"Zinder",0,-60236
94,1.713563,"Zinder",0,-60850
94,1.713563,"Zinder",0,-65486
94,1.713563,"Zinder",0,-58204
95,1.598451,"Tahoua",0,-50758
95,1.598451,"Tahoua",0,-55566
95,1.598451,"Tahoua",0,-52381
95,1.598451,"Tahoua",0,-60735
95,1.598451,"Tahoua",0,-48812
95,1.598451,"Tahoua",0,-60001
95,1.598451,"Tahoua",0,-56455
95,1.598451,"Tahoua",0,-60307
95,1.598451,"Tahoua",0,-60307
95,1.598451,"Tahoua",0,-58522
95,1.598451,"Tahoua",0,-50961
95,1.598451,"Tahoua",0,-57401
95,1.598451,"Tahoua",0,-46456
95,1.598451,"Tahoua",0,-55965
95,1.598451,"Tahoua",0,-59026
95,1.598451,"Tahoua",0,-57130
95,1.598451,"Tahoua",0,-36206
95,1.598451,"Tahoua",0,-57575
95,1.598451,"Tahoua",0,-54186
95,1.598451,"Tahoua",0,-60834
95,1.598451,"Tahoua",0,-49381
95,1.598451,"Tahoua",0,-42025
95,1.598451,"Tahoua",0,-41463
95,1.598451,"Tahoua",0,-51052
95,1.598451,"Tahoua",0,-61480
96,1.013974,"Maradi",0,-54396
96,1.013974,"Maradi",0,-61875
96,1.013974,"Maradi",0,-52234
96,1.013974,"Maradi",0,-57576
96,1.013974,"Maradi",0,-42957
96,1.013974,"Maradi",0,-64735
96,1.013974,"Maradi",0,-52080
96,1.013974,"Maradi",0,-49464
96,1.013974,"Maradi",0,-49672
96,1.013974,"Maradi",0,-57118
96,1.013974,"Maradi",0,-56441
96,1.013974,"Maradi",0,-54816
96,1.013974,"Maradi",0,-57440
96,1.013974,"Maradi",0,-58282
96,1.013974,"Maradi",0,-54625
96,1.013974,"Maradi",0,-61759
96,1.013974,"Maradi",0,-58654
96,1.013974,"Maradi",0,-57304
96,1.013974,"Maradi",0,-62833
96,1.013974,"Maradi",0,-55580
96,1.013974,"Maradi",0,-63893
96,1.013974,"Maradi",0,-61431
96,1.013974,"Maradi",0,-48953
97,1.162062,"Zinder",1,49771
97,1.162062,"Zinder",1,333893
97,1.162062,"Zinder",1,292582
97,1.162062,"Zinder",1,198455
97,1.162062,"Zinder",1,7847
97,1.162062,"Zinder",1,111311
97,1.162062,"Zinder",1,33323
97,1.162062,"Zinder",1,47837
97,1.162062,"Zinder",1,135854
97,1.162062,"Zinder",1,18131
97,1.162062,"Zinder",1,39534
97,1.162062,"Zinder",1,51307
97,1.162062,"Zinder",1,150475
97,1.162062,"Zinder",1,2885
97,1.162062,"Zinder",1,46970
97,1.162062,"Zinder",1,113546
97,1.162062,"Zinder",1,-24810
97,1.162062,"Zinder",1,12656
97,1.162062,"Zinder",1,210829
97,1.162062,"Zinder",1,16223
97,1.162062,"Zinder",1,-9406
97,1.162062,"Zinder",1,18029
98,1.150298,"Tahoua",0,-52676
98,1.150298,"Tahoua",0,-49089
98,1.150298,"Tahoua",0,-63275
98,1.150298,"Tahoua",0,-62083
98,1.150298,"Tahoua",0,-53856
98,1.150298,"Tahoua",0,-52678
98,1.150298,"Tahoua",0,3417
98,1.150298,"Tahoua",0,-49136
98,1.150298,"Tahoua",0,-61658
98,1.150298,"Tahoua",0,-57155
98,1.150298,"Tahoua",0,-59877
98,1.150298,"Tahoua",0,-54376
98,1.150298,"Tahoua",0,-63707
98,1.150298,"Tahoua",0,-31682
98,1.150298,"Tahoua",0,-57416
98,1.150298,"Tahoua",0,-62735
98,1.150298,"Tahoua",0,-54448
98,1.150298,"Tahoua",0,-60105
98,1.150298,"Tahoua",0,-47298
98,1.150298,"Tahoua",0,-49767
98,1.150298,"Tahoua",0,8234
98,1.150298,"Tahoua",0,-44590
99,0.477706,"Niamey",1,324945
99,0.477706,"Niamey",1,106077
99,0.477706,"Niamey",1,186536
99,0.477706,"Niamey",1,119134
99,0.477706,"Niamey",1,239160
99,0.477706,"Niamey",1,56326
99,0.477706,"Niamey",1,136612
99,0.477706,"Niamey",1,93725
99,0.477706,"Niamey",1,201833
99,0.477706,"Niamey",1,158832
99,0.477706,"Niamey",1,5962
99,0.477706,"Niamey",1,193485
99,0.477706,"Niamey",1,335757
99,0.477706,"Niamey",1,68974
99,0.477706,"Niamey",1,373866
99,0.477706,"Niamey",1,93218
99,0.477706,"Niamey",1,84694
99,0.477706,"Niamey",1,75249
99,0.477706,"Niamey",1,5956
99,0.477706,"Niamey",1,295418
99,0.477706,"Niamey",1,383606
99,0.477706,"Niamey",1,255935
99,0.477706,"Niamey",1,48974
99,0.477706,"Niamey",1,39215
100,1.12541,"Agadez",0,-70355
100,1.12541,"Agadez",0,-14779
100,1.12541,"Agadez",0,-55775
100,1.12541,"Agadez",0,144266
100,1.12541,"Agadez",0,765
100,1.12541,"Agadez",0,-1985
100,1.12541,"Agadez",0,-61230
100,1.12541,"Agadez",0,45145
100,1.12541,"Agadez",0,241204
100,1.12541,"Agadez",0,-61785
100,1.12541,"Agadez",0,-33853
100,1.12541,"Agadez",0,17343
100,1.12541,"Agadez",0,-29052
100,1.12541,"Agadez",0,-7055
100,1.12541,"Agadez",0,-64334
100,1.12541,"Agadez",0,50179
100,1.12541,"Agadez",0,-12005
100,1.12541,"Agadez",0,-11733
100,1.12541,"Agadez",0,20373
100,1.12541,"Agadez",0,40192
100,1.12541,"Agadez",0,-64230
101,0.410328,"Diffa",0,56807
101,0.410328,"Diffa",0,30305
101,0.410328,"Diffa",0,-59454
101,0.410328,"Diffa",0,-31772
101,0.410328,"Diffa",0,-24894
101,0.410328,"Diffa",0,908
101,0.410328,"Diffa",0,-55803
101,0.410328,"Diffa",0,-19378
101,0.410328,"Diffa",0,2949
101,0.410328,"Diffa",0,-52646
101,0.410328,"Diffa",0,387764
101,0.410328,"Diffa",0,-54855
101,0.410328,"Diffa",0,-53390
101,0.410328,"Diffa",0,-47722
101,0.410328,"Diffa",0,-7026
101,0.410328,"Diffa",0,-40926
101,0.410328,"Diffa",0,-10437
101,0.410328,"Diffa",0,15316
101,0.410328,"Diffa",0,-12672
101,0.410328,"Diffa",0,28016
101,0.410328,"Diffa",0,-47189
101,0.410328,"Diffa",0,-43906
101,0.410328,"Diffa",0,7796
102,1.293102,"Maradi",0,-45918
102,1.293102,"Maradi",0,-63211
102,1.293102,"Maradi",0,-61352
102,1.293102,"Maradi",0,-63995
102,1.293102,"Maradi",0,-21374
102,1.293102,"Maradi",0,-56381
102,1.293102,"Maradi",0,-48068
102,1.293102,"Maradi",0,-57001
102,1.293102,"Maradi",0,-48105
102,1.293102,"Maradi",0,-53198
102,1.293102,"Maradi",0,-61180
102,1.293102,"Maradi",0,-64361
102,1.293102,"Maradi",0,-59635
102,1.293102,"Maradi",0,-44255
102,1.293102,"Maradi",0,-44733
102,1.293102,"Maradi",0,-54049
102,1.293102,"Maradi",0,-54930
102,1.293102,"Maradi",0,15168
102,1.293102,"Maradi",0,-56523
102,1.293102,"Maradi",0,-55450
102,1.293102,"Maradi",0,-58268
102,1.293102,"Maradi",0,-59728
102,1.293102,"Maradi",0,-62552
102,1.293102,"Maradi",0,-55088
103,0.908024,"Maradi",0,-65116
103,0.908024,"Maradi",0,-57713
103,0.908024,"Maradi",0,-48425
103,0.908024,"Maradi",0,-64008
103,0.908024,"Maradi",0,-61841
103,0.908024,"Maradi",0,-60578
103,0.908024,"Maradi",0,-50929
103,0.908024,"Maradi",0,-46339
103,0.908024,"Maradi",0,-59692
103,0.908024,"Maradi",0,-52963
103,0.908024,"Maradi",0,-45433
103,0.908024,"Maradi",0,-51736
103,0.908024,"Maradi",0,-53879
103,0.908024,"Maradi",0,-59338
103,0.908024,"Maradi",0,-62966
103,0.908024,"Maradi",0,-55181
103,0.908024,"Maradi",0,-50485
103,0.908024,"Maradi",0,-57164
103,0.908024,"Maradi",0,-62349
103,0.908024,"Maradi",0,-59936
103,0.908024,"Maradi",0,-46287
103,0.908024,"Maradi",0,-58413
103,0.908024,"Maradi",0,-53376
103,0.908024,"Maradi",0,-32971
103,0.908024,"Maradi",0,-52891
104,1.339919,"Tillaberi",0,-51737
104,1.339919,"Tillaberi",0,-51918
104,1.339919,"Tillaberi",0,-49237
104,1.339919,"Tillaberi",0,-63918
104,1.339919,"Tillaberi",0,-52393
104,1.339919,"Tillaberi",0,-60796
104,1.339919,"Tillaberi",0,-53681
104,1.339919,"Tillaberi",0,-65343
104,1.339919,"Tillaberi",0,-54021
104,1.339919,"Tillaberi",0,-56098
104,1.339919,"Tillaberi",0,-60675
104,1.339919,"Tillaberi",0,-31549
104,1.339919,"Tillaberi",0,-58722
104,1.339919,"Tillaberi",0,-54449
104,1.339919,"Tillaberi",0,244266
104,1.339919,"Tillaberi",0,-63708
104,1.339919,"Tillaberi",0,-55667
104,1.339919,"Tillaberi",0,-61968
104,1.339919,"Tillaberi",0,-59151
104,1.339919,"Tillaberi",0,-54915
104,1.339919,"Tillaberi",0,-50234
104,1.339919,"Tillaberi",0,-54132
104,1.339919,"Tillaberi",0,-59685
104,1.339919,"Tillaberi",0,-48963
105,0.497462,"Agadez",0,-62597
105,0.497462,"Agadez",0,-67895
105,0.497462,"Agadez",0,-44486
105,0.497462,"Agadez",0,-29632
105,0.497462,"Agadez",0,-52078
105,0.497462,"Agadez",0,-62858
105,0.497462,"Agadez",0,-60139
105,0.497462,"Agadez",0,-50478
105,0.497462,"Agadez",0,-54196
105,0.497462,"Agadez",0,-53786
105,0.497462,"Agadez",0,-56903
105,0.497462,"Agadez",0,-59704
105,0.497462,"Agadez",0,-55015
105,0.497462,"Agadez",0,-62510
105,0.497462,"Agadez",0,-41929
105,0.497462,"Agadez",0,-60295
105,0.497462,"Agadez",0,-54795
105,0.497462,"Agadez",0,-43945
105,0.497462,"Agadez",0,-46267
105,0.497462,"Agadez",0,-10764
105,0.497462,"Agadez",0,-63785
106,0.478716,"Tillaberi",1,-10511
106,0.478716,"Tillaberi",1,-34871
106,0.478716,"Tillaberi",1,-65675
106,0.478716,"Tillaberi",1,14066
106,0.478716,"Tillaberi",1,-35098
106,0.478716,"Tillaberi",1,-50241
106,0.478716,"Tillaberi",1,12429
106,0.478716,"Tillaberi",1,14013
106,0.478716,"Tillaberi",1,-60709
106,0.478716,"Tillaberi",1,-22158
106,0.478716,"Tillaberi",1,-33562
106,0.478716,"Tillaberi",1,-15230
106,0.478716,"Tillaberi",1,-18662
106,0.478716,"Tillaberi",1,-34380
106,0.478716,"Tillaberi",1,-1371
106,0.478716,"Tillaberi",1,-19945
106,0.478716,"Tillaberi",1,-25265
107,1.190104,"Tahoua",0,-59633
107,1.190104,"Tahoua",0,-25978
107,1.190104,"Tahoua",0,-61835
107,1.190104,"Tahoua",0,-54071
107,1.190104,"Tahoua",0,-54310
107,1.190104,"Tahoua",0,-61558
107,1.190104,"Tahoua",0,-61697
107,1.190104,"Tahoua",0,-58079
107,1.190104,"Tahoua",0,-51405
107,1.190104,"Tahoua",0,-58557
107,1.190104,"Tahoua",0,-55635
107,1.190104,"Tahoua",0,-55825
107,1.190104,"Tahoua",0,-57530
107,1.190104,"Tahoua",0,-25698
107,1.190104,"Tahoua",0,-25594
107,1.190104,"Tahoua",0,-57553
107,1.190104,"Tahoua",0,-59663
107,1.190104,"Tahoua",0,-56900
107,1.190104,"Tahoua",0,-63168
107,1.190104,"Tahoua",0,-56538
107,1.190104,"Tahoua",0,-61385
107,1.190104,"Tahoua",0,-60844
107,1.190104,"Tahoua",0,-55630
107,1.190104,"Tahoua",0,-57291
107,1.190104,"Tahoua",0,-57404
108,3.161421,"Tillaberi",0,-41951
108,3.161421,"Tillaberi",0,-50030
108,3.161421,"Tillaberi",0,-45993
108,3.161421,"Tillaberi",0,-46610
108,3.161421,"Tillaberi",0,-63535
108,3.161421,"Tillaberi",0,-46977
108,3.161421,"Tillaberi",0,-33263
108,3.161421,"Tillaberi",0,-35726
108,3.161421,"Tillaberi",0,-53120
108,3.161421,"Tillaberi",0,-55257
108,3.161421,"Tillaberi",0,-54285
108,3.161421,"Tillaberi",0,-17907
108,3.161421,"Tillaberi",0,-53455
108,3.161421,"Tillaberi",0,-53936
108,3.161421,"Tillaberi",0,-41361
108,3.161421,"Tillaberi",0,-60995
108,3.161421,"Tillaberi",0,-35171
108,3.161421,"Tillaberi",0,-57078
108,3.161421,"Tillaberi",0,-29059
108,3.161421,"Tillaberi",0,-60326
109,0.975031,"Dosso",0,-55471
109,0.975031,"Dosso",0,-57164
109,0.975031,"Dosso",0,-40594
109,0.975031,"Dosso",0,-53286
109,0.975031,"Dosso",0,-55142
109,0.975031,"Dosso",0,-58646
109,0.975031,"Dosso",0,-58382
109,0.975031,"Dosso",0,-49100
109,0.975031,"Dosso",0,-53263
109,0.975031,"Dosso",0,-27635
109,0.975031,"Dosso",0,-66397
109,0.975031,"Dosso",0,-50457
109,0.975031,"Dosso",0,-60163
109,0.975031,"Dosso",0,-34357
109,0.975031,"Dosso",0,-63226
109,0.975031,"Dosso",0,-56603
109,0.975031,"Dosso",0,-53036
109,0.975031,"Dosso",0,-45203
109,0.975031,"Dosso",0,-65361
109,0.975031,"Dosso",0,-64241
109,0.975031,"Dosso",0,-62339
109,0.975031,"Dosso",0,-59548
109,0.975031,"Dosso",0,-56278
109,0.975031,"Dosso",0,-46808
110,1.550012,"Tahoua",0,-62700
110,1.550012,"Tahoua",0,-70035
110,1.550012,"Tahoua",0,-64125
110,1.550012,"Tahoua",0,-61906
110,1.550012,"Tahoua",0,-64080
110,1.550012,"Tahoua",0,-63888
110,1.550012,"Tahoua",0,-64241
110,1.550012,"Tahoua",0,-55542
110,1.550012,"Tahoua",0,-61147
110,1.550012,"Tahoua",0,-61795
110,1.550012,"Tahoua",0,-66894
110,1.550012,"Tahoua",0,-62468
110,1.550012,"Tahoua",0,-62188
110,1.550012,"Tahoua",0,-25778
110,1.550012,"Tahoua",0,-52770
110,1.550012,"Tahoua",0,-63327
110,1.550012,"Tahoua",0,-61734
110,1.550012,"Tahoua",0,-62071
110,1.550012,"Tahoua",0,-63096
110,1.550012,"Tahoua",0,-72579
110,1.550012,"Tahoua",0,-67217
110,1.550012,"Tahoua",0,-62761
110,1.550012,"Tahoua",0,-65893
110,1.550012,"Tahoua",0,-68835
110,1.550012,"Tahoua",0,-62713
111,0.462126,"Diffa",0,-66709
111,0.462126,"Diffa",0,-64537
111,0.462126,"Diffa",0,-67162
111,0.462126,"Diffa",0,-53256
111,0.462126,"Diffa",0,-64150
111,0.462126,"Diffa",0,-62426
111,0.462126,"Diffa",0,-64141
111,0.462126,"Diffa",0,-69649
111,0.462126,"Diffa",0,-58040
111,0.462126,"Diffa",0,-69250
111,0.462126,"Diffa",0,-65954
111,0.462126,"Diffa",0,-61745
111,0.462126,"Diffa",0,-68921
111,0.462126,"Diffa",0,-61414
111,0.462126,"Diffa",0,-62311
111,0.462126,"Diffa",0,-65061
112,1.727882,"Maradi",0,-59829
112,1.727882,"Maradi",0,-59734
112,1.727882,"Maradi",0,-59988
112,1.727882,"Maradi",0,-54231
112,1.727882,"Maradi",0,-51653
112,1.727882,"Maradi",0,-50261
112,1.727882,"Maradi",0,-64886
112,1.727882,"Maradi",0,-58187
112,1.727882,"Maradi",0,-62413
112,1.727882,"Maradi",0,-57478
112,1.727882,"Maradi",0,-43807
112,1.727882,"Maradi",0,-54356
112,1.727882,"Maradi",0,-64500
112,1.727882,"Maradi",0,-63815
112,1.727882,"Maradi",0,-55328
112,1.727882,"Maradi",0,-44350
112,1.727882,"Maradi",0,-52050
112,1.727882,"Maradi",0,-52993
112,1.727882,"Maradi",0,-58515
112,1.727882,"Maradi",0,-54362
112,1.727882,"Maradi",0,-48070
112,1.727882,"Maradi",0,-61373
112,1.727882,"Maradi",0,-53101
113,0.910391,"Dosso",0,-57488
113,0.910391,"Dosso",0,-55396
113,0.910391,"Dosso",0,-3161
113,0.910391,"Dosso",0,-62413
113,0.910391,"Dosso",0,-57791
113,0.910391,"Dosso",0,-54225
113,0.910391,"Dosso",0,-55996
113,0.910391,"Dosso",0,-58116
113,0.910391,"Dosso",0,-54355
113,0.910391,"Dosso",0,-60834
113,0.910391,"Dosso",0,-63802
113,0.910391,"Dosso",0,-61280
113,0.910391,"Dosso",0,-32823
113,0.910391,"Dosso",0,-53771
113,0.910391,"Dosso",0,-64403
113,0.910391,"Dosso",0,-52757
113,0.910391,"Dosso",0,-58472
113,0.910391,"Dosso",0,-43912
113,0.910391,"Dosso",0,-61476
113,0.910391,"Dosso",0,-61395
113,0.910391,"Dosso",0,-53261
113,0.910391,"Dosso",0,-52029
113,0.910391,"Dosso",0,-51230
113,0.910391,"Dosso",0,-25203
114,0.810432,"Dosso",0,-49166
114,0.810432,"Dosso",0,-57621
114,0.810432,"Dosso",0,-49495
114,0.810432,"Dosso",0,-48097
114,0.810432,"Dosso",0,-42831
114,0.810432,"Dosso",0,-60835
114,0.810432,"Dosso",0,-54952
114,0.810432,"Dosso",0,-49913
114,0.810432,"Dosso",0,-56276
114,0.810432,"Dosso",0,-61868
114,0.810432,"Dosso",0,-62542
114,0.810432,"Dosso",0,-49186
114,0.810432,"Dosso",0,-48613
114,0.810432,"Dosso",0,-57185
114,0.810432,"Dosso",0,-62159
114,0.810432,"Dosso",0,-50088
114,0.810432,"Dosso",0,-61011
114,0.810432,"Dosso",0,-53839
114,0.810432,"Dosso",0,-62695
114,0.810432,"Dosso",0,-45176
114,0.810432,"Dosso",0,-55943
114,0.810432,"Dosso",0,-54713
114,0.810432,"Dosso",0,-60531
114,0.810432,"Dosso",0,-53925
115,0.931571,"Niamey",1,211086
115,0.931571,"Niamey",1,225980
115,0.931571,"Niamey",1,140889
115,0.931571,"Niamey",1,309729
115,0.931571,"Niamey",1,72369
115,0.931571,"Niamey",1,274969
115,0.931571,"Niamey",1,71587
115,0.931571,"Niamey",1,248325
115,0.931571,"Niamey",1,238445
115,0.931571,"Niamey",1,188778
115,0.931571,"Niamey",1,175920
115,0.931571,"Niamey",1,158819
115,0.931571,"Niamey",1,302405
115,0.931571,"Niamey",1,195439
115,0.931571,"Niamey",1,173274
115,0.931571,"Niamey",1,77243
115,0.931571,"Niamey",1,435946
115,0.931571,"Niamey",1,126410
115,0.931571,"Niamey",1,71915
115,0.931571,"Niamey",1,180464
115,0.931571,"Niamey",1,64865
115,0.931571,"Niamey",1,117165
115,0.931571,"Niamey",1,305943
115,0.931571,"Niamey",1,102428
116,1.635785,"Maradi",0,-19734
116,1.635785,"Maradi",0,8470
116,1.635785,"Maradi",0,-50996
116,1.635785,"Maradi",0,-52034
116,1.635785,"Maradi",0,-59204
116,1.635785,"Maradi",0,18606
116,1.635785,"Maradi",0,-54476
116,1.635785,"Maradi",0,-44388
116,1.635785,"Maradi",0,-37839
116,1.635785,"Maradi",0,-55330
116,1.635785,"Maradi",0,-44273
116,1.635785,"Maradi",0,-54354
116,1.635785,"Maradi",0,-43608
116,1.635785,"Maradi",0,-39603
116,1.635785,"Maradi",0,-28073
116,1.635785,"Maradi",0,-21990
116,1.635785,"Maradi",0,-61190
116,1.635785,"Maradi",0,-26591
116,1.635785,"Maradi",0,-37731
116,1.635785,"Maradi",0,-42165
116,1.635785,"Maradi",0,-49001
116,1.635785,"Maradi",0,-62126
116,1.635785,"Maradi",0,-16567
117,0.414616,"Niamey",1,361460
117,0.414616,"Niamey",1,26328
117,0.414616,"Niamey",1,30981
117,0.414616,"Niamey",1,179819
117,0.414616,"Niamey",1,9428
117,0.414616,"Niamey",1,76632
117,0.414616,"Niamey",1,50530
117,0.414616,"Niamey",1,47202
117,0.414616,"Niamey",1,136373
117,0.414616,"Niamey",1,10782
117,0.414616,"Niamey",1,397497
117,0.414616,"Niamey",1,67790
117,0.414616,"Niamey",1,-36963
117,0.414616,"Niamey",1,95920
117,0.414616,"Niamey",1,493482
117,0.414616,"Niamey",1,311140
117,0.414616,"Niamey",1,32477
117,0.414616,"Niamey",1,442256
117,0.414616,"Niamey",1,-54149
117,0.414616,"Niamey",1,5057
118,0.915951,"Dosso",0,-56016
118,0.915951,"Dosso",0,-56672
118,0.915951,"Dosso",0,-44188
118,0.915951,"Dosso",0,-28004
118,0.915951,"Dosso",0,-54762
118,0.915951,"Dosso",0,-50993
118,0.915951,"Dosso",0,-50070
118,0.915951,"Dosso",0,-52320
118,0.915951,"Dosso",0,-56525
118,0.915951,"Dosso",0,-55437
118,0.915951,"Dosso",0,-50281
118,0.915951,"Dosso",0,-58952
118,0.915951,"Dosso",0,-53011
118,0.915951,"Dosso",0,-61463
118,0.915951,"Dosso",0,-59487
118,0.915951,"Dosso",0,-47969
118,0.915951,"Dosso",0,-55821
118,0.915951,"Dosso",0,-63059
118,0.915951,"Dosso",0,-32399
118,0.915951,"Dosso",0,-59020
118,0.915951,"Dosso",0,-53449
118,0.915951,"Dosso",0,-47669
118,0.915951,"Dosso",0,-28983
118,0.915951,"Dosso",0,-56856
119,0.218928,"Diffa",1,172845
119,0.218928,"Diffa",1,99364
119,0.218928,"Diffa",1,250449
119,0.218928,"Diffa",1,318711
119,0.218928,"Diffa",1,186986
119,0.218928,"Diffa",1,83595
119,0.218928,"Diffa",1,276665
119,0.218928,"Diffa",1,133101
119,0.218928,"Diffa",1,83059
119,0.218928,"Diffa",1,307301
119,0.218928,"Diffa",1,-7777
119,0.218928,"Diffa",1,99744
119,0.218928,"Diffa",1,-34098
119,0.218928,"Diffa",1,141520
119,0.218928,"Diffa",1,82224
119,0.218928,"Diffa",1,196801
119,0.218928,"Diffa",1,167729
119,0.218928,"Diffa",1,86702
119,0.218928,"Diffa",1,36106
119,0.218928,"Diffa",1,119489
120,1.310603,"Tahoua",0,-59118
120,1.310603,"Tahoua",0,-55496
120,1.310603,"Tahoua",0,-60571
120,1.310603,"Tahoua",0,-55496
120,1.310603,"Tahoua",0,-60909
120,1.310603,"Tahoua",0,-50080
120,1.310603,"Tahoua",0,-58925
120,1.310603,"Tahoua",0,-61658
120,1.310603,"Tahoua",0,-53655
120,1.310603,"Tahoua",0,-56852
120,1.310603,"Tahoua",0,-56898
120,1.310603,"Tahoua",0,-63257
120,1.310603,"Tahoua",0,-63149
120,1.310603,"Tahoua",0,-64091
120,1.310603,"Tahoua",0,-63245
120,1.310603,"Tahoua",0,-56696
120,1.310603,"Tahoua",0,-51348
120,1.310603,"Tahoua",0,-41052
120,1.310603,"Tahoua",0,-48008
120,1.310603,"Tahoua",0,-49946
120,1.310603,"Tahoua",0,-59270
120,1.310603,"Tahoua",0,-62324
120,1.310603,"Tahoua",0,-62197
121,0.339131,"Agadez",0,-58150
121,0.339131,"Agadez",0,-55284
121,0.339131,"Agadez",0,-46577
121,0.339131,"Agadez",0,-61213
121,0.339131,"Agadez",0,-51063
121,0.339131,"Agadez",0,-63005
121,0.339131,"Agadez",0,-40923
121,0.339131,"Agadez",0,-50561
121,0.339131,"Agadez",0,-59273
121,0.339131,"Agadez",0,-59125
121,0.339131,"Agadez",0,-59868
121,0.339131,"Agadez",0,-63383
121,0.339131,"Agadez",0,-60499
121,0.339131,"Agadez",0,-57190
121,0.339131,"Agadez",0,-56078
121,0.339131,"Agadez",0,-55620
121,0.339131,"Agadez",0,-50395
121,0.339131,"Agadez",0,-48079
121,0.339131,"Agadez",0,-57820
121,0.339131,"Agadez",0,-62820
121,0.339131,"Agadez",0,-58437
121,0.339131,"Agadez",0,-63027
121,0.339131,"Agadez",0,-53741
122,2.12049,"Tahoua",0,-59696
122,2.12049,"Tahoua",0,-64295
122,2.12049,"Tahoua",0,-62775
122,2.12049,"Tahoua",0,-60395
122,2.12049,"Tahoua",0,-56871
122,2.12049,"Tahoua",0,-55691
122,2.12049,"Tahoua",0,-62740
122,2.12049,"Tahoua",0,-56621
122,2.12049,"Tahoua",0,-58658
122,2.12049,"Tahoua",0,-62195
122,2.12049,"Tahoua",0,-61829
122,2.12049,"Tahoua",0,-62073
122,2.12049,"Tahoua",0,-56838
122,2.12049,"Tahoua",0,-62197
122,2.12049,"Tahoua",0,-54208
122,2.12049,"Tahoua",0,-55713
122,2.12049,"Tahoua",0,-58347
122,2.12049,"Tahoua",0,-53935
122,2.12049,"Tahoua",0,-63685
122,2.12049,"Tahoua",0,-58455
122,2.12049,"Tahoua",0,-57455
122,2.12049,"Tahoua",0,-55996
122,2.12049,"Tahoua",0,-62146
122,2.12049,"Tahoua",0,-61288
122,2.12049,"Tahoua",0,-53588
123,0.442364,"Niamey",1,248109
123,0.442364,"Niamey",1,99633
123,0.442364,"Niamey",1,70682
123,0.442364,"Niamey",1,229975
123,0.442364,"Niamey",1,142569
123,0.442364,"Niamey",1,15342
123,0.442364,"Niamey",1,214447
123,0.442364,"Niamey",1,127515
123,0.442364,"Niamey",1,212997
123,0.442364,"Niamey",1,211000
123,0.442364,"Niamey",1,65160
123,0.442364,"Niamey",1,260071
123,0.442364,"Niamey",1,206314
123,0.442364,"Niamey",1,127919
123,0.442364,"Niamey",1,86495
123,0.442364,"Niamey",1,-38374
123,0.442364,"Niamey",1,100681
123,0.442364,"Niamey",1,321839
123,0.442364,"Niamey",1,106317
123,0.442364,"Niamey",1,165685
123,0.442364,"Niamey",1,63444
123,0.442364,"Niamey",1,231555
123,0.442364,"Niamey",1,24691
124,1.250745,"Zinder",0,-59561
124,1.250745,"Zinder",0,52812
124,1.250745,"Zinder",0,-62590
124,1.250745,"Zinder",0,-26888
124,1.250745,"Zinder",0,-54850
124,1.250745,"Zinder",0,-56988
124,1.250745,"Zinder",0,-27379
124,1.250745,"Zinder",0,-59708
124,1.250745,"Zinder",0,-62163
124,1.250745,"Zinder",0,16808
124,1.250745,"Zinder",0,-4522
124,1.250745,"Zinder",0,28938
124,1.250745,"Zinder",0,-36590
124,1.250745,"Zinder",0,-54991
124,1.250745,"Zinder",0,-37077
124,1.250745,"Zinder",0,-973
124,1.250745,"Zinder",0,-61910
124,1.250745,"Zinder",0,-2842
124,1.250745,"Zinder",0,-34678
124,1.250745,"Zinder",0,-24598
124,1.250745,"Zinder",0,-59570
124,1.250745,"Zinder",0,-39444
124,1.250745,"Zinder",0,-38756
124,1.250745,"Zinder",0,49537
125,1.029244,"Maradi",0,-57545
125,1.029244,"Maradi",0,-43319
125,1.029244,"Maradi",0,-60333
125,1.029244,"Maradi",0,-52068
125,1.029244,"Maradi",0,-22000
125,1.029244,"Maradi",0,-60378
125,1.029244,"Maradi",0,-41865
125,1.029244,"Maradi",0,-58111
125,1.029244,"Maradi",0,-55600
125,1.029244,"Maradi",0,-56196
125,1.029244,"Maradi",0,-52564
125,1.029244,"Maradi",0,-59373
125,1.029244,"Maradi",0,-57348
125,1.029244,"Maradi",0,-60896
125,1.029244,"Maradi",0,-63596
125,1.029244,"Maradi",0,-50459
125,1.029244,"Maradi",0,-42353
125,1.029244,"Maradi",0,-59018
125,1.029244,"Maradi",0,-44543
125,1.029244,"Maradi",0,-46043
125,1.029244,"Maradi",0,-56363
125,1.029244,"Maradi",0,-50280
125,1.029244,"Maradi",0,-57553
126,2.184281,"Zinder",0,-67269
126,2.184281,"Zinder",0,-63848
126,2.184281,"Zinder",0,-62065
126,2.184281,"Zinder",0,-74432
126,2.184281,"Zinder",0,-66004
126,2.184281,"Zinder",0,-64973
126,2.184281,"Zinder",0,-65792
126,2.184281,"Zinder",0,-63930
126,2.184281,"Zinder",0,-63390
126,2.184281,"Zinder",0,-57677
126,2.184281,"Zinder",0,-57099
126,2.184281,"Zinder",0,-64976
126,2.184281,"Zinder",0,-53420
126,2.184281,"Zinder",0,-61022
126,2.184281,"Zinder",0,-60047
126,2.184281,"Zinder",0,-60666
126,2.184281,"Zinder",0,-60129
126,2.184281,"Zinder",0,-59717
126,2.184281,"Zinder",0,-61983
126,2.184281,"Zinder",0,-57883
126,2.184281,"Zinder",0,-67483
126,2.184281,"Zinder",0,-59151
126,2.184281,"Zinder",0,-33280
127,0.635886,"Niamey",1,104048
127,0.635886,"Niamey",1,89127
127,0.635886,"Niamey",1,193778
127,0.635886,"Niamey",1,292482
127,0.635886,"Niamey",1,140165
127,0.635886,"Niamey",1,185889
127,0.635886,"Niamey",1,251890
127,0.635886,"Niamey",1,58275
127,0.635886,"Niamey",1,147865
127,0.635886,"Niamey",1,213615
127,0.635886,"Niamey",1,106638
127,0.635886,"Niamey",1,77375
127,0.635886,"Niamey",1,152294
127,0.635886,"Niamey",1,46036
127,0.635886,"Niamey",1,8856
127,0.635886,"Niamey",1,104280
127,0.635886,"Niamey",1,375754
127,0.635886,"Niamey",1,81842
127,0.635886,"Niamey",1,387901
127,0.635886,"Niamey",1,111576
127,0.635886,"Niamey",1,94404
127,0.635886,"Niamey",1,217220
127,0.635886,"Niamey",1,66909
128,1.770076,"Zinder",0,-36863
128,1.770076,"Zinder",0,-61092
128,1.770076,"Zinder",0,-51866
128,1.770076,"Zinder",0,-60334
128,1.770076,"Zinder",0,-55523
128,1.770076,"Zinder",0,-40508
128,1.770076,"Zinder",0,-63096
128,1.770076,"Zinder",0,-59407
128,1.770076,"Zinder",0,-38144
128,1.770076,"Zinder",0,-58153
128,1.770076,"Zinder",0,-52426
128,1.770076,"Zinder",0,-50747
128,1.770076,"Zinder",0,-59484
128,1.770076,"Zinder",0,-38644
128,1.770076,"Zinder",0,-43564
128,1.770076,"Zinder",0,-45014
128,1.770076,"Zinder",0,-59914
128,1.770076,"Zinder",0,-32703
128,1.770076,"Zinder",0,-28140
128,1.770076,"Zinder",0,-53268
128,1.770076,"Zinder",0,-44943
128,1.770076,"Zinder",0,-56543
128,1.770076,"Zinder",0,-54605
129,1.108747,"Dosso",0,-49314
129,1.108747,"Dosso",0,75019
129,1.108747,"Dosso",0,-53559
129,1.108747,"Dosso",0,74901
129,1.108747,"Dosso",0,-55690
129,1.108747,"Dosso",0,-49965
129,1.108747,"Dosso",0,-47271
129,1.108747,"Dosso",0,31884
129,1.108747,"Dosso",0,-614
129,1.108747,"Dosso",0,-50112
129,1.108747,"Dosso",0,6377
129,1.108747,"Dosso",0,-50351
129,1.108747,"Dosso",0,-41019
129,1.108747,"Dosso",0,-45219
129,1.108747,"Dosso",0,-47615
129,1.108747,"Dosso",0,-41392
129,1.108747,"Dosso",0,-52005
129,1.108747,"Dosso",0,-51590
129,1.108747,"Dosso",0,-26378
129,1.108747,"Dosso",0,-27997
129,1.108747,"Dosso",0,-42177
129,1.108747,"Dosso",0,24025
129,1.108747,"Dosso",0,-3350
129,1.108747,"Dosso",0,-55820
130,0.886601,"Dosso",0,-55603
130,0.886601,"Dosso",0,-59330
130,0.886601,"Dosso",0,-51576
130,0.886601,"Dosso",0,-51547
130,0.886601,"Dosso",0,-53353
130,0.886601,"Dosso",0,-54390
130,0.886601,"Dosso",0,-52841
130,0.886601,"Dosso",0,-61028
130,0.886601,"Dosso",0,-45155
130,0.886601,"Dosso",0,-53749
130,0.886601,"Dosso",0,-55879
130,0.886601,"Dosso",0,-44285
130,0.886601,"Dosso",0,-55036
130,0.886601,"Dosso",0,-58210
130,0.886601,"Dosso",0,-58168
130,0.886601,"Dosso",0,-52730
130,0.886601,"Dosso",0,-48841
130,0.886601,"Dosso",0,-48099
130,0.886601,"Dosso",0,-53583
130,0.886601,"Dosso",0,-59971
130,0.886601,"Dosso",0,-22328
131,1.320041,"Maradi",0,47975
131,1.320041,"Maradi",0,-56331
131,1.320041,"Maradi",0,-50435
131,1.320041,"Maradi",0,3127
131,1.320041,"Maradi",0,-52744
131,1.320041,"Maradi",0,-54531
131,1.320041,"Maradi",0,100550
131,1.320041,"Maradi",0,23114
131,1.320041,"Maradi",0,32368
131,1.320041,"Maradi",0,78687
131,1.320041,"Maradi",0,-55664
131,1.320041,"Maradi",0,15769
131,1.320041,"Maradi",0,70210
131,1.320041,"Maradi",0,-15895
131,1.320041,"Maradi",0,-17615
131,1.320041,"Maradi",0,90395
131,1.320041,"Maradi",0,4886
131,1.320041,"Maradi",0,-56146
131,1.320041,"Maradi",0,-34588
131,1.320041,"Maradi",0,-36046
131,1.320041,"Maradi",0,-54228
131,1.320041,"Maradi",0,-52552
131,1.320041,"Maradi",0,-27529
132,2.264953,"Tahoua",0,-55820
132,2.264953,"Tahoua",0,-63939
132,2.264953,"Tahoua",0,-13645
132,2.264953,"Tahoua",0,-30149
132,2.264953,"Tahoua",0,-13122
132,2.264953,"Tahoua",0,-47658
132,2.264953,"Tahoua",0,-49585
132,2.264953,"Tahoua",0,-56218
132,2.264953,"Tahoua",0,-48899
132,2.264953,"Tahoua",0,4
132,2.264953,"Tahoua",0,-26319
132,2.264953,"Tahoua",0,-57263
132,2.264953,"Tahoua",0,-56613
132,2.264953,"Tahoua",0,-45738
132,2.264953,"Tahoua",0,-29753
132,2.264953,"Tahoua",0,-61105
132,2.264953,"Tahoua",0,-62261
132,2.264953,"Tahoua",0,-54915
132,2.264953,"Tahoua",0,-35717
132,2.264953,"Tahoua",0,-54869
132,2.264953,"Tahoua",0,-53075
132,2.264953,"Tahoua",0,-48747
132,2.264953,"Tahoua",0,-5295
132,2.264953,"Tahoua",0,7080
133,1.146015,"Tillaberi",0,-62363
133,1.146015,"Tillaberi",0,-56836
133,1.146015,"Tillaberi",0,-52795
133,1.146015,"Tillaberi",0,-61154
133,1.146015,"Tillaberi",0,-51128
133,1.146015,"Tillaberi",0,-44735
133,1.146015,"Tillaberi",0,-52771
133,1.146015,"Tillaberi",0,-62463
133,1.146015,"Tillaberi",0,-50793
133,1.146015,"Tillaberi",0,-55980
133,1.146015,"Tillaberi",0,-62850
133,1.146015,"Tillaberi",0,-46733
133,1.146015,"Tillaberi",0,-47979
133,1.146015,"Tillaberi",0,-46379
133,1.146015,"Tillaberi",0,-54595
133,1.146015,"Tillaberi",0,-52883
133,1.146015,"Tillaberi",0,-58641
133,1.146015,"Tillaberi",0,-61995
133,1.146015,"Tillaberi",0,-52295
133,1.146015,"Tillaberi",0,-48334
133,1.146015,"Tillaberi",0,-63092
133,1.146015,"Tillaberi",0,-47555
133,1.146015,"Tillaberi",0,-59267
133,1.146015,"Tillaberi",0,-54361
133,1.146015,"Tillaberi",0,-56886
134,0.8393,"Agadez",0,-60508
134,0.8393,"Agadez",0,-74035
134,0.8393,"Agadez",0,-76542
134,0.8393,"Agadez",0,-64950
134,0.8393,"Agadez",0,-68327
134,0.8393,"Agadez",0,-65298
134,0.8393,"Agadez",0,-75456
134,0.8393,"Agadez",0,-66435
134,0.8393,"Agadez",0,-74763
134,0.8393,"Agadez",0,-65537
134,0.8393,"Agadez",0,-73439
134,0.8393,"Agadez",0,-65416
134,0.8393,"Agadez",0,-72957
134,0.8393,"Agadez",0,-71555
134,0.8393,"Agadez",0,-67259
134,0.8393,"Agadez",0,-65415
134,0.8393,"Agadez",0,-67310
134,0.8393,"Agadez",0,-71689
134,0.8393,"Agadez",0,-70313
134,0.8393,"Agadez",0,-63903
135,0.905738,"Dosso",0,-58946
135,0.905738,"Dosso",0,-55715
135,0.905738,"Dosso",0,-25033
135,0.905738,"Dosso",0,-48013
135,0.905738,"Dosso",0,-52355
135,0.905738,"Dosso",0,-61692
135,0.905738,"Dosso",0,-49375
135,0.905738,"Dosso",0,-49635
135,0.905738,"Dosso",0,-56730
135,0.905738,"Dosso",0,-57543
135,0.905738,"Dosso",0,-50939
135,0.905738,"Dosso",0,-52170
135,0.905738,"Dosso",0,-56618
135,0.905738,"Dosso",0,-58498
135,0.905738,"Dosso",0,-51356
135,0.905738,"Dosso",0,-40700
135,0.905738,"Dosso",0,-64370
135,0.905738,"Dosso",0,-53693
135,0.905738,"Dosso",0,-62434
135,0.905738,"Dosso",0,-62295
136,0.67412,"Tillaberi",1,39140
136,0.67412,"Tillaberi",1,208385
136,0.67412,"Tillaberi",1,50539
136,0.67412,"Tillaberi",1,129971
136,0.67412,"Tillaberi",1,223857
136,0.67412,"Tillaberi",1,53966
136,0.67412,"Tillaberi",1,157295
136,0.67412,"Tillaberi",1,223501
136,0.67412,"Tillaberi",1,-50443
136,0.67412,"Tillaberi",1,90706
136,0.67412,"Tillaberi",1,51632
136,0.67412,"Tillaberi",1,108664
136,0.67412,"Tillaberi",1,156980
136,0.67412,"Tillaberi",1,224390
136,0.67412,"Tillaberi",1,239610
136,0.67412,"Tillaberi",1,94507
136,0.67412,"Tillaberi",1,-125
136,0.67412,"Tillaberi",1,79205
136,0.67412,"Tillaberi",1,369813
136,0.67412,"Tillaberi",1,-48512
136,0.67412,"Tillaberi",1,152194
136,0.67412,"Tillaberi",1,-8887
136,0.67412,"Tillaberi",1,121457
136,0.67412,"Tillaberi",1,10324
136,0.67412,"Tillaberi",1,408714
137,0.27174,"Agadez",1,60345
137,0.27174,"Agadez",1,91663
137,0.27174,"Agadez",1,372526
137,0.27174,"Agadez",1,118758
137,0.27174,"Agadez",1,42325
137,0.27174,"Agadez",1,182049
137,0.27174,"Agadez",1,179375
137,0.27174,"Agadez",1,102277
137,0.27174,"Agadez",1,107942
137,0.27174,"Agadez",1,88175
137,0.27174,"Agadez",1,240720
137,0.27174,"Agadez",1,65217
137,0.27174,"Agadez",1,82140
137,0.27174,"Agadez",1,104377
137,0.27174,"Agadez",1,258168
137,0.27174,"Agadez",1,174251
137,0.27174,"Agadez",1,105970
137,0.27174,"Agadez",1,10328
137,0.27174,"Agadez",1,236809
137,0.27174,"Agadez",1,193343
137,0.27174,"Agadez",1,8940
137,0.27174,"Agadez",1,-27269
138,1.7839,"Zinder",0,-54276
138,1.7839,"Zinder",0,-64391
138,1.7839,"Zinder",0,-59634
138,1.7839,"Zinder",0,-61946
138,1.7839,"Zinder",0,-63190
138,1.7839,"Zinder",0,-54221
138,1.7839,"Zinder",0,-63158
138,1.7839,"Zinder",0,-54166
138,1.7839,"Zinder",0,-65286
138,1.7839,"Zinder",0,-33632
138,1.7839,"Zinder",0,-46634
138,1.7839,"Zinder",0,-57840
138,1.7839,"Zinder",0,-55685
138,1.7839,"Zinder",0,-62734
138,1.7839,"Zinder",0,-63457
138,1.7839,"Zinder",0,-56898
138,1.7839,"Zinder",0,-63238
138,1.7839,"Zinder",0,-52490
138,1.7839,"Zinder",0,-60685
138,1.7839,"Zinder",0,-34344
138,1.7839,"Zinder",0,-66398
138,1.7839,"Zinder",0,-63778
138,1.7839,"Zinder",0,-35665
138,1.7839,"Zinder",0,-46471
139,0.708656,"Dosso",0,-48066
139,0.708656,"Dosso",0,-43042
139,0.708656,"Dosso",0,-38690
139,0.708656,"Dosso",0,-53866
139,0.708656,"Dosso",0,-25310
139,0.708656,"Dosso",0,-12658
139,0.708656,"Dosso",0,-42508
139,0.708656,"Dosso",0,-58486
139,0.708656,"Dosso",0,-33284
139,0.708656,"Dosso",0,-1871
139,0.708656,"Dosso",0,-55045
139,0.708656,"Dosso",0,-60176
139,0.708656,"Dosso",0,-55630
139,0.708656,"Dosso",0,-19747
139,0.708656,"Dosso",0,-61661
139,0.708656,"Dosso",0,-52837
139,0.708656,"Dosso",0,-58576
139,0.708656,"Dosso",0,-56518
139,0.708656,"Dosso",0,-53088
139,0.708656,"Dosso",0,1360
139,0.708656,"Dosso",0,-52548
139,0.708656,"Dosso",0,-38916
139,0.708656,"Dosso",0,-51300
140,0.072032,"Maradi",0,-73051
140,0.072032,"Maradi",0,-63663
140,0.072032,"Maradi",0,-70034
140,0.072032,"Maradi",0,-58365
140,0.072032,"Maradi",0,-71073
140,0.072032,"Maradi",0,-70815
140,0.072032,"Maradi",0,-61290
140,0.072032,"Maradi",0,-66606
140,0.072032,"Maradi",0,-73776
140,0.072032,"Maradi",0,-62295
140,0.072032,"Maradi",0,-67237
140,0.072032,"Maradi",0,-73433
141,1.355289,"Tahoua",0,-59702
141,1.355289,"Tahoua",0,-57135
141,1.355289,"Tahoua",0,-43157
141,1.355289,"Tahoua",0,-56303
141,1.355289,"Tahoua",0,-60729
141,1.355289,"Tahoua",0,-55840
141,1.355289,"Tahoua",0,-51896
141,1.355289,"Tahoua",0,-62627
141,1.355289,"Tahoua",0,-45370
141,1.355289,"Tahoua",0,-62629
141,1.355289,"Tahoua",0,-62088
141,1.355289,"Tahoua",0,-62931
141,1.355289,"Tahoua",0,-50653
141,1.355289,"Tahoua",0,-60376
141,1.355289,"Tahoua",0,-56928
141,1.355289,"Tahoua",0,-57523
141,1.355289,"Tahoua",0,-59972
141,1.355289,"Tahoua",0,-58891
141,1.355289,"Tahoua",0,-30655
141,1.355289,"Tahoua",0,-58946
141,1.355289,"Tahoua",0,-20568
141,1.355289,"Tahoua",0,-61385
141,1.355289,"Tahoua",0,-56033
141,1.355289,"Tahoua",0,-61875
142,1.90077,"Zinder",0,-50461
142,1.90077,"Zinder",0,-59827
142,1.90077,"Zinder",0,-38229
142,1.90077,"Zinder",0,-41908
142,1.90077,"Zinder",0,-54556
142,1.90077,"Zinder",0,-34092
142,1.90077,"Zinder",0,-25789
142,1.90077,"Zinder",0,-44505
142,1.90077,"Zinder",0,-55228
142,1.90077,"Zinder",0,-61410
142,1.90077,"Zinder",0,-48310
142,1.90077,"Zinder",0,-51981
142,1.90077,"Zinder",0,-30545
142,1.90077,"Zinder",0,-51642
142,1.90077,"Zinder",0,-56426
142,1.90077,"Zinder",0,-42732
142,1.90077,"Zinder",0,-60514
142,1.90077,"Zinder",0,-64621
142,1.90077,"Zinder",0,-52661
142,1.90077,"Zinder",0,-58681
143,0.948718,"Agadez",0,-27119
143,0.948718,"Agadez",0,-34551
143,0.948718,"Agadez",0,-61851
143,0.948718,"Agadez",0,-49259
143,0.948718,"Agadez",0,-36940
143,0.948718,"Agadez",0,-8380
143,0.948718,"Agadez",0,-43684
143,0.948718,"Agadez",0,-58345
143,0.948718,"Agadez",0,-34797
143,0.948718,"Agadez",0,-4539
143,0.948718,"Agadez",0,-38113
143,0.948718,"Agadez",0,-35198
143,0.948718,"Agadez",0,-23960
143,0.948718,"Agadez",0,-63539
143,0.948718,"Agadez",0,-7822
143,0.948718,"Agadez",0,-36401
143,0.948718,"Agadez",0,-53720
143,0.948718,"Agadez",0,-36276
143,0.948718,"Agadez",0,58579
143,0.948718,"Agadez",0,-61322
144,0.431771,"Tillaberi",1,96715
144,0.431771,"Tillaberi",1,-20668
144,0.431771,"Tillaberi",1,-5529
144,0.431771,"Tillaberi",1,-6990
144,0.431771,"Tillaberi",1,59077
144,0.431771,"Tillaberi",1,6626
144,0.431771,"Tillaberi",1,99868
144,0.431771,"Tillaberi",1,81226
144,0.431771,"Tillaberi",1,92425
144,0.431771,"Tillaberi",1,-21690
144,0.431771,"Tillaberi",1,120049
144,0.431771,"Tillaberi",1,171153
144,0.431771,"Tillaberi",1,120203
144,0.431771,"Tillaberi",1,135251
144,0.431771,"Tillaberi",1,-8151
144,0.431771,"Tillaberi",1,317454
144,0.431771,"Tillaberi",1,135917
144,0.431771,"Tillaberi",1,298425
144,0.431771,"Tillaberi",1,38963
144,0.431771,"Tillaberi",1,40849
144,0.431771,"Tillaberi",1,37701
144,0.431771,"Tillaberi",1,97574
145,2.550233,"Zinder",0,-51239
145,2.550233,"Zinder",0,-38276
145,2.550233,"Zinder",0,-59475
145,2.550233,"Zinder",0,-42173
145,2.550233,"Zinder",0,-62922
145,2.550233,"Zinder",0,-61104
145,2.550233,"Zinder",0,-44229
145,2.550233,"Zinder",0,-61519
145,2.550233,"Zinder",0,-47017
145,2.550233,"Zinder",0,-40529
145,2.550233,"Zinder",0,-60673
145,2.550233,"Zinder",0,-47524
145,2.550233,"Zinder",0,-52686
145,2.550233,"Zinder",0,-60550
145,2.550233,"Zinder",0,-53176
145,2.550233,"Zinder",0,-63085
145,2.550233,"Zinder",0,-54901
145,2.550233,"Zinder",0,-60552
145,2.550233,"Zinder",0,-54101
145,2.550233,"Zinder",0,-58849
145,2.550233,"Zinder",0,-57601
145,2.550233,"Zinder",0,-62373
145,2.550233,"Zinder",0,-54325
145,2.550233,"Zinder",0,-55542
146,0.101111,"Diffa",1,23309
146,0.101111,"Diffa",1,166210
146,0.101111,"Diffa",1,87226
146,0.101111,"Diffa",1,208466
146,0.101111,"Diffa",1,214907
146,0.101111,"Diffa",1,118566
146,0.101111,"Diffa",1,125882
146,0.101111,"Diffa",1,155664
146,0.101111,"Diffa",1,133612
146,0.101111,"Diffa",1,49549
146,0.101111,"Diffa",1,117716
146,0.101111,"Diffa",1,104508
146,0.101111,"Diffa",1,306675
146,0.101111,"Diffa",1,151728
146,0.101111,"Diffa",1,162275
146,0.101111,"Diffa",1,72763
146,0.101111,"Diffa",1,141639
147,0.189739,"Agadez",1,386750
147,0.189739,"Agadez",1,292828
147,0.189739,"Agadez",1,273112
147,0.189739,"Agadez",1,332324
147,0.189739,"Agadez",1,284175
147,0.189739,"Agadez",1,320434
147,0.189739,"Agadez",1,349977
147,0.189739,"Agadez",1,119539
147,0.189739,"Agadez",1,382719
147,0.189739,"Agadez",1,371878
147,0.189739,"Agadez",1,382784
147,0.189739,"Agadez",1,301140
147,0.189739,"Agadez",1,422625
147,0.189739,"Agadez",1,262025
147,0.189739,"Agadez",1,380582
147,0.189739,"Agadez",1,349189
147,0.189739,"Agadez",1,358587
147,0.189739,"Agadez",1,256589
147,0.189739,"Agadez",1,322933
147,0.189739,"Agadez",1,264747
147,0.189739,"Agadez",1,355325
147,0.189739,"Agadez",1,348804
148,1.189632,"Dosso",0,-62090
148,1.189632,"Dosso",0,-49239
148,1.189632,"Dosso",0,-47493
148,1.189632,"Dosso",0,-55901
148,1.189632,"Dosso",0,-63280
148,1.189632,"Dosso",0,-58648
148,1.189632,"Dosso",0,-53748
148,1.189632,"Dosso",0,-56628
148,1.189632,"Dosso",0,-56399
148,1.189632,"Dosso",0,-52225
148,1.189632,"Dosso",0,-52656
148,1.189632,"Dosso",0,-54586
148,1.189632,"Dosso",0,-48519
148,1.189632,"Dosso",0,-58047
148,1.189632,"Dosso",0,-60505
148,1.189632,"Dosso",0,-63093
148,1.189632,"Dosso",0,-58075
148,1.189632,"Dosso",0,-62535
148,1.189632,"Dosso",0,-52739
148,1.189632,"Dosso",0,-56115
149,1.303398,"Maradi",0,-61737
149,1.303398,"Maradi",0,-55570
149,1.303398,"Maradi",0,-2037
149,1.303398,"Maradi",0,-42412
149,1.303398,"Maradi",0,-53605
149,1.303398,"Maradi",0,-57935
149,1.303398,"Maradi",0,2427
149,1.303398,"Maradi",0,6337
149,1.303398,"Maradi",0,8036
149,1.303398,"Maradi",0,332
149,1.303398,"Maradi",0,-47600
149,1.303398,"Maradi",0,-15791
149,1.303398,"Maradi",0,-11083
149,1.303398,"Maradi",0,-64080
149,1.303398,"Maradi",0,-54532
149,1.303398,"Maradi",0,-60419
149,1.303398,"Maradi",0,-54936
149,1.303398,"Maradi",0,-58735
149,1.303398,"Maradi",0,-3220
149,1.303398,"Maradi",0,6775
149,1.303398,"Maradi",0,-3853
149,1.303398,"Maradi",0,-28622
149,1.303398,"Maradi",0,7275
149,1.303398,"Maradi",0,-52625
149,1.303398,"Maradi",0,9933
150,1.266673,"Tahoua",0,-55164
150,1.266673,"Tahoua",0,-63040
150,1.266673,"Tahoua",0,-46762
150,1.266673,"Tahoua",0,-60871
150,1.266673,"Tahoua",0,-61924
150,1.266673,"Tahoua",0,-60449
150,1.266673,"Tahoua",0,-56855
150,1.266673,"Tahoua",0,-57911
150,1.266673,"Tahoua",0,-64700
150,1.266673,"Tahoua",0,-62526
150,1.266673,"Tahoua",0,-61100
150,1.266673,"Tahoua",0,-58330
150,1.266673,"Tahoua",0,-56728
150,1.266673,"Tahoua",0,-59084
150,1.266673,"Tahoua",0,-53645
150,1.266673,"Tahoua",0,-57171
150,1.266673,"Tahoua",0,-52005
150,1.266673,"Tahoua",0,-59977
150,1.266673,"Tahoua",0,-59208
150,1.266673,"Tahoua",0,-51035
150,1.266673,"Tahoua",0,-60873
150,1.266673,"Tahoua",0,-13105
150,1.266673,"Tahoua",0,-59371
150,1.266673,"Tahoua",0,-29309
151,1.133089,"Maradi",0,-61873
151,1.133089,"Maradi",0,-53955
151,1.133089,"Maradi",0,-63333
151,1.133089,"Maradi",0,-62178
151,1.133089,"Maradi",0,-48124
151,1.133089,"Maradi",0,-59214
151,1.133089,"Maradi",0,-53893
151,1.133089,"Maradi",0,-57350
151,1.133089,"Maradi",0,-56438
151,1.133089,"Maradi",0,-57157
151,1.133089,"Maradi",0,-42183
151,1.133089,"Maradi",0,-49052
151,1.133089,"Maradi",0,-48767
151,1.133089,"Maradi",0,-63188
151,1.133089,"Maradi",0,-54511
151,1.133089,"Maradi",0,-58203
151,1.133089,"Maradi",0,-43448
151,1.133089,"Maradi",0,-64647
151,1.133089,"Maradi",0,-53230
151,1.133089,"Maradi",0,-62148
151,1.133089,"Maradi",0,-42434
151,1.133089,"Maradi",0,-59531
151,1.133089,"Maradi",0,-62975
152,0.578519,"Tillaberi",0,-59705
152,0.578519,"Tillaberi",0,-56095
152,0.578519,"Tillaberi",0,-55198
152,0.578519,"Tillaberi",0,-56250
152,0.578519,"Tillaberi",0,-61191
152,0.578519,"Tillaberi",0,-57750
152,0.578519,"Tillaberi",0,-54518
152,0.578519,"Tillaberi",0,-55001
152,0.578519,"Tillaberi",0,-56823
152,0.578519,"Tillaberi",0,-54141
152,0.578519,"Tillaberi",0,-60485
152,0.578519,"Tillaberi",0,-57025
152,0.578519,"Tillaberi",0,-57060
152,0.578519,"Tillaberi",0,-54623
152,0.578519,"Tillaberi",0,-64210
152,0.578519,"Tillaberi",0,-55265
152,0.578519,"Tillaberi",0,-58059
152,0.578519,"Tillaberi",0,-44820
152,0.578519,"Tillaberi",0,-55421
152,0.578519,"Tillaberi",0,-58370
152,0.578519,"Tillaberi",0,-65751
152,0.578519,"Tillaberi",0,-55000
153,1.606074,"Tahoua",0,-47659
153,1.606074,"Tahoua",0,-61661
153,1.606074,"Tahoua",0,-60515
153,1.606074,"Tahoua",0,-58946
153,1.606074,"Tahoua",0,-56445
153,1.606074,"Tahoua",0,-56569
153,1.606074,"Tahoua",0,-35833
153,1.606074,"Tahoua",0,-40989
153,1.606074,"Tahoua",0,-61056
153,1.606074,"Tahoua",0,-56583
153,1.606074,"Tahoua",0,-27204
153,1.606074,"Tahoua",0,-43420
153,1.606074,"Tahoua",0,-54937
153,1.606074,"Tahoua",0,-55956
153,1.606074,"Tahoua",0,-55820
153,1.606074,"Tahoua",0,-49070
153,1.606074,"Tahoua",0,-54305
153,1.606074,"Tahoua",0,-63245
153,1.606074,"Tahoua",0,-59441
153,1.606074,"Tahoua",0,-39960
153,1.606074,"Tahoua",0,-50993
153,1.606074,"Tahoua",0,-57279
153,1.606074,"Tahoua",0,-56196
153,1.606074,"Tahoua",0,-57271
154,1.413983,"Maradi",0,-58214
154,1.413983,"Maradi",0,-57718
154,1.413983,"Maradi",0,-46393
154,1.413983,"Maradi",0,-60765
154,1.413983,"Maradi",0,-46163
154,1.413983,"Maradi",0,-56874
154,1.413983,"Maradi",0,-51781
154,1.413983,"Maradi",0,-61227
154,1.413983,"Maradi",0,-66006
154,1.413983,"Maradi",0,-45049
154,1.413983,"Maradi",0,-43724
154,1.413983,"Maradi",0,-46193
154,1.413983,"Maradi",0,-55015
154,1.413983,"Maradi",0,-57738
154,1.413983,"Maradi",0,-65028
154,1.413983,"Maradi",0,-51608
154,1.413983,"Maradi",0,-57489
154,1.413983,"Maradi",0,-57055
154,1.413983,"Maradi",0,-55906
154,1.413983,"Maradi",0,-55142
154,1.413983,"Maradi",0,-55706
154,1.413983,"Maradi",0,-44519
154,1.413983,"Maradi",0,-49878
154,1.413983,"Maradi",0,-53291
154,1.413983,"Maradi",0,-56315
155,1.007988,"Maradi",0,-55983
155,1.007988,"Maradi",0,-54940
155,1.007988,"Maradi",0,-56096
155,1.007988,"Maradi",0,-27802
155,1.007988,"Maradi",0,-55578
155,1.007988,"Maradi",0,-55091
155,1.007988,"Maradi",0,-36436
155,1.007988,"Maradi",0,-29914
155,1.007988,"Maradi",0,-57048
155,1.007988,"Maradi",0,-54495
155,1.007988,"Maradi",0,-56662
155,1.007988,"Maradi",0,-50995
155,1.007988,"Maradi",0,-41801
155,1.007988,"Maradi",0,-53748
155,1.007988,"Maradi",0,3775
155,1.007988,"Maradi",0,-43388
155,1.007988,"Maradi",0,-52740
155,1.007988,"Maradi",0,-48731
155,1.007988,"Maradi",0,-49809
155,1.007988,"Maradi",0,-54865
155,1.007988,"Maradi",0,-54716
155,1.007988,"Maradi",0,-62359
155,1.007988,"Maradi",0,-54965
155,1.007988,"Maradi",0,-30327
156,1.285191,"Dosso",0,-40737
156,1.285191,"Dosso",0,46741
156,1.285191,"Dosso",0,-27063
156,1.285191,"Dosso",0,-33616
156,1.285191,"Dosso",0,-44908
156,1.285191,"Dosso",0,-56328
156,1.285191,"Dosso",0,-30626
156,1.285191,"Dosso",0,227590
156,1.285191,"Dosso",0,2219
156,1.285191,"Dosso",0,-43408
156,1.285191,"Dosso",0,-42863
156,1.285191,"Dosso",0,-50476
156,1.285191,"Dosso",0,-49651
156,1.285191,"Dosso",0,-55383
156,1.285191,"Dosso",0,-53973
156,1.285191,"Dosso",0,51869
156,1.285191,"Dosso",0,31571
156,1.285191,"Dosso",0,-22117
156,1.285191,"Dosso",0,-57913
156,1.285191,"Dosso",0,-41996
156,1.285191,"Dosso",0,12689
156,1.285191,"Dosso",0,-55350
156,1.285191,"Dosso",0,-50447
156,1.285191,"Dosso",0,-29859
157,1.206593,"Zinder",1,105375
157,1.206593,"Zinder",1,217187
157,1.206593,"Zinder",1,17668
157,1.206593,"Zinder",1,14326
157,1.206593,"Zinder",1,-7607
157,1.206593,"Zinder",1,188836
157,1.206593,"Zinder",1,134626
157,1.206593,"Zinder",1,192750
157,1.206593,"Zinder",1,79648
157,1.206593,"Zinder",1,91789
157,1.206593,"Zinder",1,102028
157,1.206593,"Zinder",1,158097
157,1.206593,"Zinder",1,72632
157,1.206593,"Zinder",1,147142
157,1.206593,"Zinder",1,18249
157,1.206593,"Zinder",1,301931
157,1.206593,"Zinder",1,267999
157,1.206593,"Zinder",1,143806
157,1.206593,"Zinder",1,179477
157,1.206593,"Zinder",1,93633
157,1.206593,"Zinder",1,12004
157,1.206593,"Zinder",1,47748
157,1.206593,"Zinder",1,25524
157,1.206593,"Zinder",1,133955
158,1.854407,"Tahoua",0,-59259
158,1.854407,"Tahoua",0,-48883
158,1.854407,"Tahoua",0,-50022
158,1.854407,"Tahoua",0,-64110
158,1.854407,"Tahoua",0,-52132
158,1.854407,"Tahoua",0,-56808
158,1.854407,"Tahoua",0,-54676
158,1.854407,"Tahoua",0,-59843
158,1.854407,"Tahoua",0,-54296
158,1.854407,"Tahoua",0,-56695
158,1.854407,"Tahoua",0,-58079
158,1.854407,"Tahoua",0,-53790
158,1.854407,"Tahoua",0,-34648
158,1.854407,"Tahoua",0,-54464
158,1.854407,"Tahoua",0,-58706
158,1.854407,"Tahoua",0,-55257
158,1.854407,"Tahoua",0,-54751
158,1.854407,"Tahoua",0,-42785
158,1.854407,"Tahoua",0,-55796
158,1.854407,"Tahoua",0,-64778
158,1.854407,"Tahoua",0,-56320
158,1.854407,"Tahoua",0,-60057
158,1.854407,"Tahoua",0,-52757
158,1.854407,"Tahoua",0,-57618
158,1.854407,"Tahoua",0,-57420
159,0.898888,"Tillaberi",0,-51696
159,0.898888,"Tillaberi",0,82385
159,0.898888,"Tillaberi",0,-48268
159,0.898888,"Tillaberi",0,-51843
159,0.898888,"Tillaberi",0,-35186
159,0.898888,"Tillaberi",0,-59671
159,0.898888,"Tillaberi",0,-63035
159,0.898888,"Tillaberi",0,-56142
159,0.898888,"Tillaberi",0,-54121
159,0.898888,"Tillaberi",0,-54701
159,0.898888,"Tillaberi",0,-6209
159,0.898888,"Tillaberi",0,9172
159,0.898888,"Tillaberi",0,-48629
159,0.898888,"Tillaberi",0,-59891
159,0.898888,"Tillaberi",0,-21402
159,0.898888,"Tillaberi",0,-56113
159,0.898888,"Tillaberi",0,-54105
159,0.898888,"Tillaberi",0,-57261
159,0.898888,"Tillaberi",0,-41620
159,0.898888,"Tillaberi",0,-54776
159,0.898888,"Tillaberi",0,-61205
159,0.898888,"Tillaberi",0,-46009
159,0.898888,"Tillaberi",0,-42340
159,0.898888,"Tillaberi",0,-54325
160,0.804638,"Niamey",1,151572
160,0.804638,"Niamey",1,176495
160,0.804638,"Niamey",1,130791
160,0.804638,"Niamey",1,172002
160,0.804638,"Niamey",1,74932
160,0.804638,"Niamey",1,-13207
160,0.804638,"Niamey",1,353246
160,0.804638,"Niamey",1,275962
160,0.804638,"Niamey",1,131972
160,0.804638,"Niamey",1,162184
160,0.804638,"Niamey",1,248850
160,0.804638,"Niamey",1,91434
160,0.804638,"Niamey",1,122956
160,0.804638,"Niamey",1,169403
160,0.804638,"Niamey",1,45803
160,0.804638,"Niamey",1,367719
160,0.804638,"Niamey",1,181834
160,0.804638,"Niamey",1,267831
160,0.804638,"Niamey",1,81310
160,0.804638,"Niamey",1,154856
160,0.804638,"Niamey",1,201149
160,0.804638,"Niamey",1,137686
160,0.804638,"Niamey",1,148901
160,0.804638,"Niamey",1,76380
160,0.804638,"Niamey",1,108143
161,1.139349,"Dosso",0,-35513
161,1.139349,"Dosso",0,-56518
161,1.139349,"Dosso",0,-29500
161,1.139349,"Dosso",0,18951
161,1.139349,"Dosso",0,-39910
161,1.139349,"Dosso",0,-28429
161,1.139349,"Dosso",0,-9577
161,1.139349,"Dosso",0,35111
161,1.139349,"Dosso",0,28903
161,1.139349,"Dosso",0,-15274
161,1.139349,"Dosso",0,-2067
161,1.139349,"Dosso",0,6813
161,1.139349,"Dosso",0,11155
161,1.139349,"Dosso",0,-7343
161,1.139349,"Dosso",0,-5068
161,1.139349,"Dosso",0,-35533
161,1.139349,"Dosso",0,12455
161,1.139349,"Dosso",0,-39692
161,1.139349,"Dosso",0,-9848
161,1.139349,"Dosso",0,39946
161,1.139349,"Dosso",0,-3767
162,1.583837,"Zinder",0,-58712
162,1.583837,"Zinder",0,-62985
162,1.583837,"Zinder",0,-1159
162,1.583837,"Zinder",0,-53838
162,1.583837,"Zinder",0,-49477
162,1.583837,"Zinder",0,-55206
162,1.583837,"Zinder",0,-62813
162,1.583837,"Zinder",0,-50335
162,1.583837,"Zinder",0,-54688
162,1.583837,"Zinder",0,-35191
162,1.583837,"Zinder",0,-43093
162,1.583837,"Zinder",0,-63483
162,1.583837,"Zinder",0,-36832
162,1.583837,"Zinder",0,-63768
162,1.583837,"Zinder",0,-50590
162,1.583837,"Zinder",0,-64648
162,1.583837,"Zinder",0,-60311
162,1.583837,"Zinder",0,-65026
162,1.583837,"Zinder",0,-63118
162,1.583837,"Zinder",0,-57764
162,1.583837,"Zinder",0,-55433
162,1.583837,"Zinder",0,-45981
162,1.583837,"Zinder",0,-52223
162,1.583837,"Zinder",0,-54320
163,1.58891,"Zinder",0,-62705
163,1.58891,"Zinder",0,-40363
163,1.58891,"Zinder",0,-46803
163,1.58891,"Zinder",0,-62443
163,1.58891,"Zinder",0,-56555
163,1.58891,"Zinder",0,-42469
163,1.58891,"Zinder",0,-55101
163,1.58891,"Zinder",0,-48275
163,1.58891,"Zinder",0,-65401
163,1.58891,"Zinder",0,-55003
163,1.58891,"Zinder",0,-50532
163,1.58891,"Zinder",0,-54711
163,1.58891,"Zinder",0,-50378
163,1.58891,"Zinder",0,-61395
163,1.58891,"Zinder",0,-49540
163,1.58891,"Zinder",0,-36263
163,1.58891,"Zinder",0,-50452
163,1.58891,"Zinder",0,-59063
163,1.58891,"Zinder",0,-45029
163,1.58891,"Zinder",0,-54735
163,1.58891,"Zinder",0,-60260
163,1.58891,"Zinder",0,-50512
163,1.58891,"Zinder",0,-42247
164,0.390463,"Niamey",1,332450
164,0.390463,"Niamey",1,194212
164,0.390463,"Niamey",1,157890
164,0.390463,"Niamey",1,301809
164,0.390463,"Niamey",1,184118
164,0.390463,"Niamey",1,203758
164,0.390463,"Niamey",1,199598
164,0.390463,"Niamey",1,261956
164,0.390463,"Niamey",1,407993
164,0.390463,"Niamey",1,188278
164,0.390463,"Niamey",1,209853
164,0.390463,"Niamey",1,339578
164,0.390463,"Niamey",1,427400
164,0.390463,"Niamey",1,283746
164,0.390463,"Niamey",1,246690
164,0.390463,"Niamey",1,98491
164,0.390463,"Niamey",1,252904
164,0.390463,"Niamey",1,246866
164,0.390463,"Niamey",1,200473
164,0.390463,"Niamey",1,252910
164,0.390463,"Niamey",1,212026
164,0.390463,"Niamey",1,234946
164,0.390463,"Niamey",1,287097
165,1.700165,"Zinder",0,-44810
165,1.700165,"Zinder",0,-53808
165,1.700165,"Zinder",0,-59090
165,1.700165,"Zinder",0,-56825
165,1.700165,"Zinder",0,-50746
165,1.700165,"Zinder",0,-52805
165,1.700165,"Zinder",0,-50435
165,1.700165,"Zinder",0,-53000
165,1.700165,"Zinder",0,-52773
165,1.700165,"Zinder",0,-63471
165,1.700165,"Zinder",0,-57715
165,1.700165,"Zinder",0,-39875
165,1.700165,"Zinder",0,-56783
165,1.700165,"Zinder",0,-51310
165,1.700165,"Zinder",0,-49715
165,1.700165,"Zinder",0,-55481
165,1.700165,"Zinder",0,-55253
165,1.700165,"Zinder",0,-45090
165,1.700165,"Zinder",0,-38196
165,1.700165,"Zinder",0,-51773
165,1.700165,"Zinder",0,-49189
165,1.700165,"Zinder",0,-60925
165,1.700165,"Zinder",0,-53576
165,1.700165,"Zinder",0,-48897
166,0.179371,"Maradi",0,-49640
166,0.179371,"Maradi",0,51440
166,0.179371,"Maradi",0,31145
166,0.179371,"Maradi",0,-17338
166,0.179371,"Maradi",0,82534
166,0.179371,"Maradi",0,-50525
166,0.179371,"Maradi",0,136679
166,0.179371,"Maradi",0,-64021
166,0.179371,"Maradi",0,27183
166,0.179371,"Maradi",0,-63242
166,0.179371,"Maradi",0,28788
166,0.179371,"Maradi",0,-50165
166,0.179371,"Maradi",0,-17657
166,0.179371,"Maradi",0,167857
166,0.179371,"Maradi",0,-31764
166,0.179371,"Maradi",0,-45855
166,0.179371,"Maradi",0,-40849
166,0.179371,"Maradi",0,46815
166,0.179371,"Maradi",0,-70681
166,0.179371,"Maradi",0,-23932
166,0.179371,"Maradi",0,-55550
167,1.08433,"Dosso",0,-59251
167,1.08433,"Dosso",0,-64129
167,1.08433,"Dosso",0,-34681
167,1.08433,"Dosso",0,-21430
167,1.08433,"Dosso",0,-20282
167,1.08433,"Dosso",0,-59286
167,1.08433,"Dosso",0,-36666
167,1.08433,"Dosso",0,-52473
167,1.08433,"Dosso",0,-64352
167,1.08433,"Dosso",0,-55170
167,1.08433,"Dosso",0,-39633
167,1.08433,"Dosso",0,-30741
167,1.08433,"Dosso",0,-56155
167,1.08433,"Dosso",0,-43674
167,1.08433,"Dosso",0,-51590
167,1.08433,"Dosso",0,-58773
167,1.08433,"Dosso",0,-50902
167,1.08433,"Dosso",0,-60761
167,1.08433,"Dosso",0,-62938
167,1.08433,"Dosso",0,-48152
167,1.08433,"Dosso",0,-54208
167,1.08433,"Dosso",0,-62502
167,1.08433,"Dosso",0,-55503
168,0.627591,"Maradi",0,-41655
168,0.627591,"Maradi",0,11178
168,0.627591,"Maradi",0,49741
168,0.627591,"Maradi",0,-50300
168,0.627591,"Maradi",0,35972
168,0.627591,"Maradi",0,-19192
168,0.627591,"Maradi",0,-46641
168,0.627591,"Maradi",0,30040
168,0.627591,"Maradi",0,68475
168,0.627591,"Maradi",0,-19440
168,0.627591,"Maradi",0,106149
168,0.627591,"Maradi",0,44035
168,0.627591,"Maradi",0,-3241
168,0.627591,"Maradi",0,-27514
168,0.627591,"Maradi",0,-12333
168,0.627591,"Maradi",0,-23366
168,0.627591,"Maradi",0,13304
168,0.627591,"Maradi",0,-16489
168,0.627591,"Maradi",0,50154
168,0.627591,"Maradi",0,-49033
168,0.627591,"Maradi",0,-56196
168,0.627591,"Maradi",0,44586
168,0.627591,"Maradi",0,-16343
169,1.62379,"Zinder",0,-36051
169,1.62379,"Zinder",0,-60968
169,1.62379,"Zinder",0,-61506
169,1.62379,"Zinder",0,-61704
169,1.62379,"Zinder",0,-60451
169,1.62379,"Zinder",0,-61163
169,1.62379,"Zinder",0,-29782
169,1.62379,"Zinder",0,-54940
169,1.62379,"Zinder",0,161310
169,1.62379,"Zinder",0,-57945
169,1.62379,"Zinder",0,-60553
169,1.62379,"Zinder",0,-59475
169,1.62379,"Zinder",0,-36149
169,1.62379,"Zinder",0,-64224
169,1.62379,"Zinder",0,-43042
169,1.62379,"Zinder",0,-34735
169,1.62379,"Zinder",0,-61585
169,1.62379,"Zinder",0,-57206
169,1.62379,"Zinder",0,-36326
169,1.62379,"Zinder",0,-31539
169,1.62379,"Zinder",0,-62205
170,1.23519,"Tillaberi",0,4604
170,1.23519,"Tillaberi",0,-54993
170,1.23519,"Tillaberi",0,-6711
170,1.23519,"Tillaberi",0,-32160
170,1.23519,"Tillaberi",0,-50865
170,1.23519,"Tillaberi",0,-52698
170,1.23519,"Tillaberi",0,-63896
170,1.23519,"Tillaberi",0,-50208
170,1.23519,"Tillaberi",0,-45239
170,1.23519,"Tillaberi",0,-49950
170,1.23519,"Tillaberi",0,-34467
170,1.23519,"Tillaberi",0,-31747
170,1.23519,"Tillaberi",0,-62697
170,1.23519,"Tillaberi",0,-51285
170,1.23519,"Tillaberi",0,-16082
170,1.23519,"Tillaberi",0,-16962
170,1.23519,"Tillaberi",0,-51533
170,1.23519,"Tillaberi",0,-64185
170,1.23519,"Tillaberi",0,-47631
170,1.23519,"Tillaberi",0,-53255
170,1.23519,"Tillaberi",0,-53708
170,1.23519,"Tillaberi",0,-43749
170,1.23519,"Tillaberi",0,-46284
170,1.23519,"Tillaberi",0,-16583
171,1.540131,"Zinder",0,-63810
171,1.540131,"Zinder",0,-60198
171,1.540131,"Zinder",0,-35714
171,1.540131,"Zinder",0,-55066
171,1.540131,"Zinder",0,-59870
171,1.540131,"Zinder",0,17397
171,1.540131,"Zinder",0,-39312
171,1.540131,"Zinder",0,-34157
171,1.540131,"Zinder",0,-55273
171,1.540131,"Zinder",0,-27060
171,1.540131,"Zinder",0,-11497
171,1.540131,"Zinder",0,-18055
171,1.540131,"Zinder",0,-62183
171,1.540131,"Zinder",0,24959
171,1.540131,"Zinder",0,-30825
171,1.540131,"Zinder",0,-26974
171,1.540131,"Zinder",0,-33653
171,1.540131,"Zinder",0,-24327
171,1.540131,"Zinder",0,-5498
171,1.540131,"Zinder",0,-34107
171,1.540131,"Zinder",0,-61639
171,1.540131,"Zinder",0,-54027
171,1.540131,"Zinder",0,-27867
171,1.540131,"Zinder",0,-49672
171,1.540131,"Zinder",0,-57281
172,0.419073,"Dosso",0,-57969
172,0.419073,"Dosso",0,-58896
172,0.419073,"Dosso",0,-58925
172,0.419073,"Dosso",0,-62480
172,0.419073,"Dosso",0,-49091
172,0.419073,"Dosso",0,-51446
172,0.419073,"Dosso",0,-62512
172,0.419073,"Dosso",0,-34899
172,0.419073,"Dosso",0,-56035
172,0.419073,"Dosso",0,-58248
172,0.419073,"Dosso",0,-59175
172,0.419073,"Dosso",0,-28465
172,0.419073,"Dosso",0,-56175
172,0.419073,"Dosso",0,-58883
172,0.419073,"Dosso",0,-53686
172,0.419073,"Dosso",0,-58491
172,0.419073,"Dosso",0,-59346
172,0.419073,"Dosso",0,-53983
172,0.419073,"Dosso",0,-52346
172,0.419073,"Dosso",0,-58277
172,0.419073,"Dosso",0,-46514
173,0.482524,"Niamey",1,61197
173,0.482524,"Niamey",1,101617
173,0.482524,"Niamey",1,140434
173,0.482524,"Niamey",1,207283
173,0.482524,"Niamey",1,-32946
173,0.482524,"Niamey",1,-34437
173,0.482524,"Niamey",1,129529
173,0.482524,"Niamey",1,116875
173,0.482524,"Niamey",1,61834
173,0.482524,"Niamey",1,17003
173,0.482524,"Niamey",1,-23986
173,0.482524,"Niamey",1,140822
173,0.482524,"Niamey",1,88163
173,0.482524,"Niamey",1,173891
173,0.482524,"Niamey",1,43381
173,0.482524,"Niamey",1,91276
173,0.482524,"Niamey",1,183592
173,0.482524,"Niamey",1,161862
173,0.482524,"Niamey",1,121028
173,0.482524,"Niamey",1,27945
173,0.482524,"Niamey",1,-3090
173,0.482524,"Niamey",1,51347
173,0.482524,"Niamey",1,18532
173,0.482524,"Niamey",1,68910
173,0.482524,"Niamey",1,206429
174,0.27212,"Diffa",0,-42659
174,0.27212,"Diffa",0,-49718
174,0.27212,"Diffa",0,-44854
174,0.27212,"Diffa",0,-52080
174,0.27212,"Diffa",0,-24882
174,0.27212,"Diffa",0,-57630
174,0.27212,"Diffa",0,-60755
174,0.27212,"Diffa",0,-57889
174,0.27212,"Diffa",0,-53266
174,0.27212,"Diffa",0,-47172
174,0.27212,"Diffa",0,-63113
174,0.27212,"Diffa",0,-48476
174,0.27212,"Diffa",0,-60280
174,0.27212,"Diffa",0,-33140
174,0.27212,"Diffa",0,-50651
174,0.27212,"Diffa",0,-44807
174,0.27212,"Diffa",0,41243
174,0.27212,"Diffa",0,-59624
174,0.27212,"Diffa",0,-60163
174,0.27212,"Diffa",0,-52632
174,0.27212,"Diffa",0,-56445
174,0.27212,"Diffa",0,-56862
175,1.250899,"Maradi",0,-38464
175,1.250899,"Maradi",0,-57428
175,1.250899,"Maradi",0,-56463
175,1.250899,"Maradi",0,-1703
175,1.250899,"Maradi",0,-59977
175,1.250899,"Maradi",0,-57981
175,1.250899,"Maradi",0,-55803
175,1.250899,"Maradi",0,-32506
175,1.250899,"Maradi",0,-48595
175,1.250899,"Maradi",0,-59829
175,1.250899,"Maradi",0,-54630
175,1.250899,"Maradi",0,-53274
175,1.250899,"Maradi",0,-55000
175,1.250899,"Maradi",0,4388
175,1.250899,"Maradi",0,-45709
175,1.250899,"Maradi",0,-63166
175,1.250899,"Maradi",0,6326
175,1.250899,"Maradi",0,-28209
175,1.250899,"Maradi",0,-55796
175,1.250899,"Maradi",0,-59887
175,1.250899,"Maradi",0,-58438
175,1.250899,"Maradi",0,-58430
175,1.250899,"Maradi",0,-45799
175,1.250899,"Maradi",0,-54868
175,1.250899,"Maradi",0,-56818
176,0.858267,"Niamey",1,9797
176,0.858267,"Niamey",1,278505
176,0.858267,"Niamey",1,391451
176,0.858267,"Niamey",1,-29895
176,0.858267,"Niamey",1,168436
176,0.858267,"Niamey",1,153797
176,0.858267,"Niamey",1,297637
176,0.858267,"Niamey",1,296953
176,0.858267,"Niamey",1,237087
176,0.858267,"Niamey",1,103216
176,0.858267,"Niamey",1,409300
176,0.858267,"Niamey",1,204653
176,0.858267,"Niamey",1,-50126
176,0.858267,"Niamey",1,116486
176,0.858267,"Niamey",1,390122
176,0.858267,"Niamey",1,-24097
176,0.858267,"Niamey",1,234154
176,0.858267,"Niamey",1,222628
176,0.858267,"Niamey",1,22920
176,0.858267,"Niamey",1,165443
176,0.858267,"Niamey",1,39828
176,0.858267,"Niamey",1,187115
176,0.858267,"Niamey",1,169335
177,0.605231,"Zinder",1,18080
177,0.605231,"Zinder",1,-28668
177,0.605231,"Zinder",1,8928
177,0.605231,"Zinder",1,-42689
177,0.605231,"Zinder",1,-18928
177,0.605231,"Zinder",1,-47373
177,0.605231,"Zinder",1,13086
177,0.605231,"Zinder",1,-52633
177,0.605231,"Zinder",1,-52183
177,0.605231,"Zinder",1,-67773
177,0.605231,"Zinder",1,36023
177,0.605231,"Zinder",1,7337
177,0.605231,"Zinder",1,-12275
177,0.605231,"Zinder",1,19152
177,0.605231,"Zinder",1,-11951
177,0.605231,"Zinder",1,-44255
177,0.605231,"Zinder",1,-5645
177,0.605231,"Zinder",1,-25413
177,0.605231,"Zinder",1,-53798
177,0.605231,"Zinder",1,-69440
177,0.605231,"Zinder",1,-37615
177,0.605231,"Zinder",1,-12875
177,0.605231,"Zinder",1,-51793
177,0.605231,"Zinder",1,18210
178,2.122437,"Zinder",0,-50122
178,2.122437,"Zinder",0,-59481
178,2.122437,"Zinder",0,-63746
178,2.122437,"Zinder",0,-47622
178,2.122437,"Zinder",0,-63261
178,2.122437,"Zinder",0,-53649
178,2.122437,"Zinder",0,-60940
178,2.122437,"Zinder",0,-60814
178,2.122437,"Zinder",0,-33487
178,2.122437,"Zinder",0,-42346
178,2.122437,"Zinder",0,-58017
178,2.122437,"Zinder",0,-58632
178,2.122437,"Zinder",0,-65066
178,2.122437,"Zinder",0,-51176
178,2.122437,"Zinder",0,-57664
178,2.122437,"Zinder",0,-48865
178,2.122437,"Zinder",0,-44433
178,2.122437,"Zinder",0,-50963
178,2.122437,"Zinder",0,-53065
178,2.122437,"Zinder",0,-58439
178,2.122437,"Zinder",0,-60616
178,2.122437,"Zinder",0,-26124
179,0.272079,"Diffa",0,-57611
179,0.272079,"Diffa",0,-70598
179,0.272079,"Diffa",0,-59099
179,0.272079,"Diffa",0,-62123
179,0.272079,"Diffa",0,-55820
179,0.272079,"Diffa",0,-56470
179,0.272079,"Diffa",0,-68019
179,0.272079,"Diffa",0,-50863
179,0.272079,"Diffa",0,-67709
179,0.272079,"Diffa",0,-55159
180,1.7493,"Zinder",0,-31816
180,1.7493,"Zinder",0,-6045
180,1.7493,"Zinder",0,-52752
180,1.7493,"Zinder",0,-26793
180,1.7493,"Zinder",0,-48101
180,1.7493,"Zinder",0,-56175
180,1.7493,"Zinder",0,-56750
180,1.7493,"Zinder",0,-20435
180,1.7493,"Zinder",0,-52412
180,1.7493,"Zinder",0,-43501
180,1.7493,"Zinder",0,5237
180,1.7493,"Zinder",0,-51450
180,1.7493,"Zinder",0,-51483
180,1.7493,"Zinder",0,-32003
180,1.7493,"Zinder",0,-43019
180,1.7493,"Zinder",0,-17157
180,1.7493,"Zinder",0,-21903
180,1.7493,"Zinder",0,-19290
180,1.7493,"Zinder",0,-47260
180,1.7493,"Zinder",0,-53798
180,1.7493,"Zinder",0,118599
180,1.7493,"Zinder",0,-56572
180,1.7493,"Zinder",0,-55784
181,1.081913,"Tahoua",0,-48025
181,1.081913,"Tahoua",0,-56155
181,1.081913,"Tahoua",0,-46559
181,1.081913,"Tahoua",0,-51412
181,1.081913,"Tahoua",0,-2899
181,1.081913,"Tahoua",0,-62410
181,1.081913,"Tahoua",0,-55150
181,1.081913,"Tahoua",0,-61773
181,1.081913,"Tahoua",0,-59272
181,1.081913,"Tahoua",0,-52100
181,1.081913,"Tahoua",0,-51668
181,1.081913,"Tahoua",0,-44465
181,1.081913,"Tahoua",0,-58748
181,1.081913,"Tahoua",0,-52458
181,1.081913,"Tahoua",0,-49001
181,1.081913,"Tahoua",0,-50145
181,1.081913,"Tahoua",0,-51642
181,1.081913,"Tahoua",0,-51044
181,1.081913,"Tahoua",0,-60112
181,1.081913,"Tahoua",0,-49742
181,1.081913,"Tahoua",0,-49816
181,1.081913,"Tahoua",0,-50491
181,1.081913,"Tahoua",0,-56699
181,1.081913,"Tahoua",0,-54013
181,1.081913,"Tahoua",0,-48177
182,0.728997,"Tillaberi",0,-63498
182,0.728997,"Tillaberi",0,-54193
182,0.728997,"Tillaberi",0,-58006
182,0.728997,"Tillaberi",0,-52108
182,0.728997,"Tillaberi",0,-49286
182,0.728997,"Tillaberi",0,-64731
182,0.728997,"Tillaberi",0,-61565
182,0.728997,"Tillaberi",0,-54376
182,0.728997,"Tillaberi",0,-50508
182,0.728997,"Tillaberi",0,-59428
182,0.728997,"Tillaberi",0,-49591
182,0.728997,"Tillaberi",0,-59390
182,0.728997,"Tillaberi",0,-48455
182,0.728997,"Tillaberi",0,-53963
182,0.728997,"Tillaberi",0,-59907
182,0.728997,"Tillaberi",0,-51824
182,0.728997,"Tillaberi",0,-59620
182,0.728997,"Tillaberi",0,-59018
182,0.728997,"Tillaberi",0,-52668
182,0.728997,"Tillaberi",0,-58263
182,0.728997,"Tillaberi",0,-58804
182,0.728997,"Tillaberi",0,-49278
182,0.728997,"Tillaberi",0,-54181
182,0.728997,"Tillaberi",0,-62646
182,0.728997,"Tillaberi",0,-53476
183,0.719958,"Niamey",1,187805
183,0.719958,"Niamey",1,147742
183,0.719958,"Niamey",1,66256
183,0.719958,"Niamey",1,416127
183,0.719958,"Niamey",1,265255
183,0.719958,"Niamey",1,-31544
183,0.719958,"Niamey",1,87650
183,0.719958,"Niamey",1,12879
183,0.719958,"Niamey",1,145537
183,0.719958,"Niamey",1,153205
183,0.719958,"Niamey",1,59979
183,0.719958,"Niamey",1,95144
183,0.719958,"Niamey",1,168271
183,0.719958,"Niamey",1,78329
183,0.719958,"Niamey",1,75728
183,0.719958,"Niamey",1,70960
183,0.719958,"Niamey",1,21614
183,0.719958,"Niamey",1,102746
183,0.719958,"Niamey",1,64847
183,0.719958,"Niamey",1,5561
183,0.719958,"Niamey",1,167288
184,1.95985,"Maradi",0,11865
184,1.95985,"Maradi",0,35909
184,1.95985,"Maradi",0,3753
184,1.95985,"Maradi",0,-47893
184,1.95985,"Maradi",0,17622
184,1.95985,"Maradi",0,3217
184,1.95985,"Maradi",0,-1584
184,1.95985,"Maradi",0,-50331
184,1.95985,"Maradi",0,-55796
184,1.95985,"Maradi",0,-59391
184,1.95985,"Maradi",0,-53015
184,1.95985,"Maradi",0,29017
184,1.95985,"Maradi",0,-47737
184,1.95985,"Maradi",0,-10485
184,1.95985,"Maradi",0,-50775
184,1.95985,"Maradi",0,-54010
184,1.95985,"Maradi",0,54718
184,1.95985,"Maradi",0,-64293
184,1.95985,"Maradi",0,-32389
184,1.95985,"Maradi",0,-64386
184,1.95985,"Maradi",0,-48052
184,1.95985,"Maradi",0,-38805
184,1.95985,"Maradi",0,-51781
184,1.95985,"Maradi",0,-43908
185,0.596834,"Dosso",1,-37678
185,0.596834,"Dosso",1,18832
185,0.596834,"Dosso",1,228114
185,0.596834,"Dosso",1,95333
185,0.596834,"Dosso",1,51054
185,0.596834,"Dosso",1,-6443
185,0.596834,"Dosso",1,-18245
185,0.596834,"Dosso",1,59177
185,0.596834,"Dosso",1,-13457
185,0.596834,"Dosso",1,31140
185,0.596834,"Dosso",1,51219
185,0.596834,"Dosso",1,11432
185,0.596834,"Dosso",1,12745
185,0.596834,"Dosso",1,-2741
185,0.596834,"Dosso",1,24138
185,0.596834,"Dosso",1,82792
185,0.596834,"Dosso",1,53457
185,0.596834,"Dosso",1,-17847
185,0.596834,"Dosso",1,8767
185,0.596834,"Dosso",1,45248
185,0.596834,"Dosso",1,-31320
185,0.596834,"Dosso",1,-20675
185,0.596834,"Dosso",1,15200
186,1.852658,"Niamey",1,122385
186,1.852658,"Niamey",1,-13435
186,1.852658,"Niamey",1,108650
186,1.852658,"Niamey",1,112196
186,1.852658,"Niamey",1,204412
186,1.852658,"Niamey",1,-31060
186,1.852658,"Niamey",1,180709
186,1.852658,"Niamey",1,116119
186,1.852658,"Niamey",1,41101
186,1.852658,"Niamey",1,10980
186,1.852658,"Niamey",1,185672
186,1.852658,"Niamey",1,125929
186,1.852658,"Niamey",1,87589
186,1.852658,"Niamey",1,157811
186,1.852658,"Niamey",1,176996
186,1.852658,"Niamey",1,94202
186,1.852658,"Niamey",1,46524
186,1.852658,"Niamey",1,98797
186,1.852658,"Niamey",1,-6075
186,1.852658,"Niamey",1,108219
186,1.852658,"Niamey",1,280847
186,1.852658,"Niamey",1,114359
186,1.852658,"Niamey",1,17659
186,1.852658,"Niamey",1,300101
186,1.852658,"Niamey",1,173244
187,0.89008,"Zinder",0,-58662
187,0.89008,"Zinder",0,-41196
187,0.89008,"Zinder",0,-49610
187,0.89008,"Zinder",0,-64542
187,0.89008,"Zinder",0,-59308
187,0.89008,"Zinder",0,-43282
187,0.89008,"Zinder",0,-33322
187,0.89008,"Zinder",0,-36386
187,0.89008,"Zinder",0,-47515
187,0.89008,"Zinder",0,-63583
187,0.89008,"Zinder",0,-61442
187,0.89008,"Zinder",0,-43443
187,0.89008,"Zinder",0,-45182
187,0.89008,"Zinder",0,-58030
187,0.89008,"Zinder",0,-67019
187,0.89008,"Zinder",0,-47866
187,0.89008,"Zinder",0,-57388
187,0.89008,"Zinder",0,-41990
187,0.89008,"Zinder",0,-62134
187,0.89008,"Zinder",0,-50623
187,0.89008,"Zinder",0,-43688
187,0.89008,"Zinder",0,-63695
188,1.913475,"Maradi",0,10475
188,1.913475,"Maradi",0,-57743
188,1.913475,"Maradi",0,45344
188,1.913475,"Maradi",0,29807
188,1.913475,"Maradi",0,-55583
188,1.913475,"Maradi",0,-55793
188,1.913475,"Maradi",0,-27904
188,1.913475,"Maradi",0,1340
188,1.913475,"Maradi",0,29925
188,1.913475,"Maradi",0,80435
188,1.913475,"Maradi",0,-50324
188,1.913475,"Maradi",0,-52436
188,1.913475,"Maradi",0,-45449
188,1.913475,"Maradi",0,-46945
188,1.913475,"Maradi",0,-5524
188,1.913475,"Maradi",0,-5944
188,1.913475,"Maradi",0,-39169
188,1.913475,"Maradi",0,24412
188,1.913475,"Maradi",0,-19705
188,1.913475,"Maradi",0,4089
188,1.913475,"Maradi",0,140273
188,1.913475,"Maradi",0,-12253
188,1.913475,"Maradi",0,47067
188,1.913475,"Maradi",0,131750
188,1.913475,"Maradi",0,-14585
189,0.331193,"Diffa",0,-61211
189,0.331193,"Diffa",0,-60333
189,0.331193,"Diffa",0,-41893
189,0.331193,"Diffa",0,-61828
189,0.331193,"Diffa",0,-61954
189,0.331193,"Diffa",0,-56281
189,0.331193,"Diffa",0,-64413
189,0.331193,"Diffa",0,-65068
189,0.331193,"Diffa",0,-62320
189,0.331193,"Diffa",0,-54783
189,0.331193,"Diffa",0,-70207
189,0.331193,"Diffa",0,-36002
189,0.331193,"Diffa",0,-51383
189,0.331193,"Diffa",0,-62395
189,0.331193,"Diffa",0,-58658
189,0.331193,"Diffa",0,-58293
189,0.331193,"Diffa",0,-39195
189,0.331193,"Diffa",0,-62791
189,0.331193,"Diffa",0,-58402
189,0.331193,"Diffa",0,-63271
189,0.331193,"Diffa",0,-40625
189,0.331193,"Diffa",0,-71283
189,0.331193,"Diffa",0,-49694
189,0.331193,"Diffa",0,-29012
190,2.315558,"Zinder",0,-53696
190,2.315558,"Zinder",0,-63942
190,2.315558,"Zinder",0,-55353
190,2.315558,"Zinder",0,-52227
190,2.315558,"Zinder",0,-60629
190,2.315558,"Zinder",0,-40375
190,2.315558,"Zinder",0,-29953
190,2.315558,"Zinder",0,-56466
190,2.315558,"Zinder",0,-59488
190,2.315558,"Zinder",0,-56156
190,2.315558,"Zinder",0,-58949
190,2.315558,"Zinder",0,-51790
190,2.315558,"Zinder",0,-54008
190,2.315558,"Zinder",0,-46653
190,2.315558,"Zinder",0,-34558
191,1.346188,"Maradi",0,-56469
191,1.346188,"Maradi",0,-51318
191,1.346188,"Maradi",0,-55570
191,1.346188,"Maradi",0,-57562
191,1.346188,"Maradi",0,-47673
191,1.346188,"Maradi",0,-55079
191,1.346188,"Maradi",0,-62227
191,1.346188,"Maradi",0,-23652
191,1.346188,"Maradi",0,-63090
191,1.346188,"Maradi",0,-54066
191,1.346188,"Maradi",0,-64957
191,1.346188,"Maradi",0,-7524
191,1.346188,"Maradi",0,-54330
191,1.346188,"Maradi",0,-58970
191,1.346188,"Maradi",0,-50122
191,1.346188,"Maradi",0,-52164
191,1.346188,"Maradi",0,-48013
191,1.346188,"Maradi",0,-52355
191,1.346188,"Maradi",0,-55615
191,1.346188,"Maradi",0,-62465
191,1.346188,"Maradi",0,-53211
191,1.346188,"Maradi",0,-47642
191,1.346188,"Maradi",0,-61582
192,0.831181,"Dosso",0,-42193
192,0.831181,"Dosso",0,-57038
192,0.831181,"Dosso",0,-50059
192,0.831181,"Dosso",0,-58633
192,0.831181,"Dosso",0,-52539
192,0.831181,"Dosso",0,-59081
192,0.831181,"Dosso",0,-57992
192,0.831181,"Dosso",0,-54381
192,0.831181,"Dosso",0,-58612
192,0.831181,"Dosso",0,-48883
192,0.831181,"Dosso",0,-43204
192,0.831181,"Dosso",0,-45268
192,0.831181,"Dosso",0,1052
192,0.831181,"Dosso",0,-47381
192,0.831181,"Dosso",0,-45110
192,0.831181,"Dosso",0,-59001
192,0.831181,"Dosso",0,-59936
192,0.831181,"Dosso",0,-63047
192,0.831181,"Dosso",0,-57990
192,0.831181,"Dosso",0,-54188
192,0.831181,"Dosso",0,-59583
192,0.831181,"Dosso",0,-51891
192,0.831181,"Dosso",0,-58242
193,0.264417,"Agadez",1,2367
193,0.264417,"Agadez",1,82026
193,0.264417,"Agadez",1,55082
193,0.264417,"Agadez",1,131345
193,0.264417,"Agadez",1,76480
193,0.264417,"Agadez",1,105019
193,0.264417,"Agadez",1,7423
193,0.264417,"Agadez",1,137563
193,0.264417,"Agadez",1,-30196
193,0.264417,"Agadez",1,136926
193,0.264417,"Agadez",1,80720
193,0.264417,"Agadez",1,134961
193,0.264417,"Agadez",1,158380
193,0.264417,"Agadez",1,65084
193,0.264417,"Agadez",1,109840
193,0.264417,"Agadez",1,15020
193,0.264417,"Agadez",1,115032
193,0.264417,"Agadez",1,67982
193,0.264417,"Agadez",1,64219
193,0.264417,"Agadez",1,-8340
193,0.264417,"Agadez",1,26383
193,0.264417,"Agadez",1,28899
193,0.264417,"Agadez",1,121636
193,0.264417,"Agadez",1,24827
194,0.987885,"Niamey",1,366197
194,0.987885,"Niamey",1,126868
194,0.987885,"Niamey",1,-18086
194,0.987885,"Niamey",1,156561
194,0.987885,"Niamey",1,113985
194,0.987885,"Niamey",1,169541
194,0.987885,"Niamey",1,219539
194,0.987885,"Niamey",1,150488
194,0.987885,"Niamey",1,57159
194,0.987885,"Niamey",1,-11040
194,0.987885,"Niamey",1,173142
194,0.987885,"Niamey",1,-33839
194,0.987885,"Niamey",1,144163
194,0.987885,"Niamey",1,-17480
194,0.987885,"Niamey",1,172518
194,0.987885,"Niamey",1,371605
194,0.987885,"Niamey",1,288046
194,0.987885,"Niamey",1,166995
194,0.987885,"Niamey",1,192452
194,0.987885,"Niamey",1,320837
194,0.987885,"Niamey",1,237589
194,0.987885,"Niamey",1,-44412
194,0.987885,"Niamey",1,292958
195,0.749541,"Dosso",0,-61218
195,0.749541,"Dosso",0,-60804
195,0.749541,"Dosso",0,-8700
195,0.749541,"Dosso",0,-46214
195,0.749541,"Dosso",0,-59154
195,0.749541,"Dosso",0,-45754
195,0.749541,"Dosso",0,-44693
195,0.749541,"Dosso",0,-58028
195,0.749541,"Dosso",0,-53374
195,0.749541,"Dosso",0,-45216
195,0.749541,"Dosso",0,-50949
195,0.749541,"Dosso",0,-49849
195,0.749541,"Dosso",0,-53780
195,0.749541,"Dosso",0,-53815
195,0.749541,"Dosso",0,-44993
195,0.749541,"Dosso",0,-54680
195,0.749541,"Dosso",0,-43550
195,0.749541,"Dosso",0,-40321
195,0.749541,"Dosso",0,-45933
195,0.749541,"Dosso",0,-49744
195,0.749541,"Dosso",0,-44566
195,0.749541,"Dosso",0,-55858
196,1.774402,"Tahoua",1,-57891
196,1.774402,"Tahoua",1,-33443
196,1.774402,"Tahoua",1,-41396
196,1.774402,"Tahoua",1,232276
196,1.774402,"Tahoua",1,18277
196,1.774402,"Tahoua",1,-41189
196,1.774402,"Tahoua",1,-30562
196,1.774402,"Tahoua",1,-7588
196,1.774402,"Tahoua",1,33551
196,1.774402,"Tahoua",1,-32946
196,1.774402,"Tahoua",1,-20246
196,1.774402,"Tahoua",1,-39646
196,1.774402,"Tahoua",1,26640
196,1.774402,"Tahoua",1,31280
196,1.774402,"Tahoua",1,-1905
196,1.774402,"Tahoua",1,-30383
196,1.774402,"Tahoua",1,201737
196,1.774402,"Tahoua",1,-18950
196,1.774402,"Tahoua",1,23617
197,1.287919,"Maradi",0,-47377
197,1.287919,"Maradi",0,-58274
197,1.287919,"Maradi",0,-61246
197,1.287919,"Maradi",0,-38733
197,1.287919,"Maradi",0,-64727
197,1.287919,"Maradi",0,-62752
197,1.287919,"Maradi",0,-64296
197,1.287919,"Maradi",0,-61717
197,1.287919,"Maradi",0,-56320
197,1.287919,"Maradi",0,-61139
197,1.287919,"Maradi",0,-55274
197,1.287919,"Maradi",0,-63161
197,1.287919,"Maradi",0,-50448
197,1.287919,"Maradi",0,-55828
197,1.287919,"Maradi",0,-50117
197,1.287919,"Maradi",0,-61745
197,1.287919,"Maradi",0,-44070
197,1.287919,"Maradi",0,-58612
197,1.287919,"Maradi",0,-41109
197,1.287919,"Maradi",0,-69579
197,1.287919,"Maradi",0,-42873
197,1.287919,"Maradi",0,-63163
197,1.287919,"Maradi",0,-45074
197,1.287919,"Maradi",0,-61880
197,1.287919,"Maradi",0,-54438
198,0.67675,"Niamey",1,49268
198,0.67675,"Niamey",1,96430
198,0.67675,"Niamey",1,4075
198,0.67675,"Niamey",1,-5335
198,0.67675,"Niamey",1,62972
198,0.67675,"Niamey",1,-9635
198,0.67675,"Niamey",1,80888
198,0.67675,"Niamey",1,105118
198,0.67675,"Niamey",1,20558
198,0.67675,"Niamey",1,28941
198,0.67675,"Niamey",1,-20650
198,0.67675,"Niamey",1,94821
198,0.67675,"Niamey",1,-19536
198,0.67675,"Niamey",1,-24419
198,0.67675,"Niamey",1,80368
198,0.67675,"Niamey",1,-27424
198,0.67675,"Niamey",1,15675
198,0.67675,"Niamey",1,-3242
198,0.67675,"Niamey",1,-23602
198,0.67675,"Niamey",1,102619
198,0.67675,"Niamey",1,-17183
198,0.67675,"Niamey",1,87314
198,0.67675,"Niamey",1,45626
198,0.67675,"Niamey",1,15538
199,0.18602,"Agadez",0,-49983
199,0.18602,"Agadez",0,-43792
199,0.18602,"Agadez",0,-64568
199,0.18602,"Agadez",0,-73223
199,0.18602,"Agadez",0,-74451
199,0.18602,"Agadez",0,-45434
199,0.18602,"Agadez",0,-70007
199,0.18602,"Agadez",0,-43189
199,0.18602,"Agadez",0,-67387
199,0.18602,"Agadez",0,-66416
199,0.18602,"Agadez",0,-68795
199,0.18602,"Agadez",0,-64518
199,0.18602,"Agadez",0,-34911
199,0.18602,"Agadez",0,-66608
199,0.18602,"Agadez",0,-58545
199,0.18602,"Agadez",0,-59576
199,0.18602,"Agadez",0,-55705
200,0.270224,"Diffa",0,6589
200,0.270224,"Diffa",0,-57145
200,0.270224,"Diffa",0,-47909
200,0.270224,"Diffa",0,-52639
200,0.270224,"Diffa",0,-65740
200,0.270224,"Diffa",0,-56884
200,0.270224,"Diffa",0,-50407
200,0.270224,"Diffa",0,-65761
200,0.270224,"Diffa",0,-61238
200,0.270224,"Diffa",0,-65715
200,0.270224,"Diffa",0,-48127
200,0.270224,"Diffa",0,-67150
200,0.270224,"Diffa",0,-64781
200,0.270224,"Diffa",0,-68672
200,0.270224,"Diffa",0,-18212
200,0.270224,"Diffa",0,-66690
200,0.270224,"Diffa",0,-53550
200,0.270224,"Diffa",0,-63915
200,0.270224,"Diffa",0,-56153
200,0.270224,"Diffa",0,-30363
200,0.270224,"Diffa",0,-28109
200,0.270224,"Diffa",0,-57790
200,0.270224,"Diffa",0,-37302
200,0.270224,"Diffa",0,-27009
200,0.270224,"Diffa",0,-65709
201,2.17362,"Zinder",0,-59970
201,2.17362,"Zinder",0,-56765
201,2.17362,"Zinder",0,-60073
201,2.17362,"Zinder",0,-56803
201,2.17362,"Zinder",0,-63566
201,2.17362,"Zinder",0,-58179
201,2.17362,"Zinder",0,-63213
201,2.17362,"Zinder",0,-60014
201,2.17362,"Zinder",0,-59210
201,2.17362,"Zinder",0,-44767
201,2.17362,"Zinder",0,-60921
201,2.17362,"Zinder",0,-59044
201,2.17362,"Zinder",0,-59330
201,2.17362,"Zinder",0,-59961
201,2.17362,"Zinder",0,-60015
201,2.17362,"Zinder",0,-34158
201,2.17362,"Zinder",0,-53493
201,2.17362,"Zinder",0,-59109
201,2.17362,"Zinder",0,-34204
201,2.17362,"Zinder",0,-57445
201,2.17362,"Zinder",0,-55555
202,0.92325,"Dosso",0,-43848
202,0.92325,"Dosso",0,-39104
202,0.92325,"Dosso",0,-46022
202,0.92325,"Dosso",0,-37243
202,0.92325,"Dosso",0,-56511
202,0.92325,"Dosso",0,-52475
202,0.92325,"Dosso",0,-37692
202,0.92325,"Dosso",0,-42519
202,0.92325,"Dosso",0,-43070
202,0.92325,"Dosso",0,-48019
202,0.92325,"Dosso",0,-44567
202,0.92325,"Dosso",0,-51766
202,0.92325,"Dosso",0,-51332
202,0.92325,"Dosso",0,-45072
202,0.92325,"Dosso",0,-48342
202,0.92325,"Dosso",0,106078
202,0.92325,"Dosso",0,-53211
202,0.92325,"Dosso",0,-47679
202,0.92325,"Dosso",0,-54158
202,0.92325,"Dosso",0,-53866
202,0.92325,"Dosso",0,-55131
203,0.138769,"Agadez",1,121836
203,0.138769,"Agadez",1,20490
203,0.138769,"Agadez",1,89128
203,0.138769,"Agadez",1,-30674
203,0.138769,"Agadez",1,-28369
203,0.138769,"Agadez",1,42442
203,0.138769,"Agadez",1,168316
203,0.138769,"Agadez",1,28130
203,0.138769,"Agadez",1,42934
203,0.138769,"Agadez",1,154124
203,0.138769,"Agadez",1,98991
203,0.138769,"Agadez",1,208754
203,0.138769,"Agadez",1,135328
203,0.138769,"Agadez",1,109790
203,0.138769,"Agadez",1,145675
203,0.138769,"Agadez",1,-28491
203,0.138769,"Agadez",1,163593
203,0.138769,"Agadez",1,128902
203,0.138769,"Agadez",1,-23707
203,0.138769,"Agadez",1,110891
203,0.138769,"Agadez",1,90053
203,0.138769,"Agadez",1,108233
204,2.413625,"Tillaberi",0,-56647
204,2.413625,"Tillaberi",0,88526
204,2.413625,"Tillaberi",0,-55136
204,2.413625,"Tillaberi",0,-45751
204,2.413625,"Tillaberi",0,-51529
204,2.413625,"Tillaberi",0,160332
204,2.413625,"Tillaberi",0,-53391
204,2.413625,"Tillaberi",0,-54464
204,2.413625,"Tillaberi",0,-49273
204,2.413625,"Tillaberi",0,-57038
204,2.413625,"Tillaberi",0,-52933
204,2.413625,"Tillaberi",0,-59334
204,2.413625,"Tillaberi",0,-50690
204,2.413625,"Tillaberi",0,-47583
204,2.413625,"Tillaberi",0,31415
204,2.413625,"Tillaberi",0,-58454
204,2.413625,"Tillaberi",0,-58676
204,2.413625,"Tillaberi",0,-59593
204,2.413625,"Tillaberi",0,-23452
204,2.413625,"Tillaberi",0,-53727
204,2.413625,"Tillaberi",0,-56716
204,2.413625,"Tillaberi",0,-61709
204,2.413625,"Tillaberi",0,-52138
205,0.39893,"Tillaberi",1,104500
205,0.39893,"Tillaberi",1,131941
205,0.39893,"Tillaberi",1,188113
205,0.39893,"Tillaberi",1,235726
205,0.39893,"Tillaberi",1,204311
205,0.39893,"Tillaberi",1,-29453
205,0.39893,"Tillaberi",1,255264
205,0.39893,"Tillaberi",1,157235
205,0.39893,"Tillaberi",1,190680
205,0.39893,"Tillaberi",1,218196
205,0.39893,"Tillaberi",1,50924
205,0.39893,"Tillaberi",1,41802
205,0.39893,"Tillaberi",1,78882
205,0.39893,"Tillaberi",1,252717
205,0.39893,"Tillaberi",1,53227
205,0.39893,"Tillaberi",1,302432
205,0.39893,"Tillaberi",1,264790
205,0.39893,"Tillaberi",1,188619
205,0.39893,"Tillaberi",1,203731
205,0.39893,"Tillaberi",1,-48831
205,0.39893,"Tillaberi",1,96300
205,0.39893,"Tillaberi",1,63475
205,0.39893,"Tillaberi",1,122763
205,0.39893,"Tillaberi",1,-214
206,0.362674,"Agadez",0,-60708
206,0.362674,"Agadez",0,-48369
206,0.362674,"Agadez",0,-47267
206,0.362674,"Agadez",0,-50005
206,0.362674,"Agadez",0,-42039
206,0.362674,"Agadez",0,-65357
206,0.362674,"Agadez",0,-60480
206,0.362674,"Agadez",0,-59720
206,0.362674,"Agadez",0,-55146
206,0.362674,"Agadez",0,-61373
206,0.362674,"Agadez",0,-41232
206,0.362674,"Agadez",0,-56010
206,0.362674,"Agadez",0,-65427
206,0.362674,"Agadez",0,-59704
206,0.362674,"Agadez",0,-57347
206,0.362674,"Agadez",0,-53032
206,0.362674,"Agadez",0,-56941
206,0.362674,"Agadez",0,-64627
206,0.362674,"Agadez",0,-57455
206,0.362674,"Agadez",0,-63666
206,0.362674,"Agadez",0,-62395
206,0.362674,"Agadez",0,-55833
206,0.362674,"Agadez",0,-58268
207,0.683645,"Dosso",0,-51490
207,0.683645,"Dosso",0,-48895
207,0.683645,"Dosso",0,-57205
207,0.683645,"Dosso",0,-60003
207,0.683645,"Dosso",0,-54515
207,0.683645,"Dosso",0,-52495
207,0.683645,"Dosso",0,-56776
207,0.683645,"Dosso",0,-56655
207,0.683645,"Dosso",0,-36034
207,0.683645,"Dosso",0,-56251
207,0.683645,"Dosso",0,-58262
207,0.683645,"Dosso",0,-51857
207,0.683645,"Dosso",0,-54861
207,0.683645,"Dosso",0,-57289
207,0.683645,"Dosso",0,-56568
207,0.683645,"Dosso",0,-48369
207,0.683645,"Dosso",0,-57310
207,0.683645,"Dosso",0,-58195
207,0.683645,"Dosso",0,-56206
207,0.683645,"Dosso",0,-50313
207,0.683645,"Dosso",0,-54842
207,0.683645,"Dosso",0,-60166
207,0.683645,"Dosso",0,-52218
207,0.683645,"Dosso",0,-47638
207,0.683645,"Dosso",0,-54561
208,2.234438,"Zinder",0,-59484
208,2.234438,"Zinder",0,-62740
208,2.234438,"Zinder",0,-52481
208,2.234438,"Zinder",0,-59537
208,2.234438,"Zinder",0,-51521
208,2.234438,"Zinder",0,-55143
208,2.234438,"Zinder",0,-58443
208,2.234438,"Zinder",0,-56803
208,2.234438,"Zinder",0,-59484
208,2.234438,"Zinder",0,-56133
208,2.234438,"Zinder",0,-57366
208,2.234438,"Zinder",0,-59492
208,2.234438,"Zinder",0,-59431
208,2.234438,"Zinder",0,-59608
208,2.234438,"Zinder",0,-39503
208,2.234438,"Zinder",0,-50508
208,2.234438,"Zinder",0,-61247
208,2.234438,"Zinder",0,-62546
208,2.234438,"Zinder",0,-62561
208,2.234438,"Zinder",0,-57723
208,2.234438,"Zinder",0,-58643
209,0.398466,"Niamey",1,204562
209,0.398466,"Niamey",1,211136
209,0.398466,"Niamey",1,279621
209,0.398466,"Niamey",1,225715
209,0.398466,"Niamey",1,271686
209,0.398466,"Niamey",1,121645
209,0.398466,"Niamey",1,301879
209,0.398466,"Niamey",1,315653
209,0.398466,"Niamey",1,217974
209,0.398466,"Niamey",1,367774
209,0.398466,"Niamey",1,434144
209,0.398466,"Niamey",1,250342
209,0.398466,"Niamey",1,312429
209,0.398466,"Niamey",1,290776
209,0.398466,"Niamey",1,382871
209,0.398466,"Niamey",1,312272
209,0.398466,"Niamey",1,146884
209,0.398466,"Niamey",1,182026
209,0.398466,"Niamey",1,295159
209,0.398466,"Niamey",1,273540
209,0.398466,"Niamey",1,405470
209,0.398466,"Niamey",1,339711
209,0.398466,"Niamey",1,159747
209,0.398466,"Niamey",1,200077
209,0.398466,"Niamey",1,400821
210,1.220019,"Tahoua",0,-28689
210,1.220019,"Tahoua",0,-31383
210,1.220019,"Tahoua",0,-54710
210,1.220019,"Tahoua",0,3235
210,1.220019,"Tahoua",0,-57779
210,1.220019,"Tahoua",0,153509
210,1.220019,"Tahoua",0,14787
210,1.220019,"Tahoua",0,-32310
210,1.220019,"Tahoua",0,-53140
210,1.220019,"Tahoua",0,37644
210,1.220019,"Tahoua",0,28462
210,1.220019,"Tahoua",0,-35393
210,1.220019,"Tahoua",0,-30464
210,1.220019,"Tahoua",0,107780
210,1.220019,"Tahoua",0,-19700
210,1.220019,"Tahoua",0,-5349
210,1.220019,"Tahoua",0,593881
210,1.220019,"Tahoua",0,353099
210,1.220019,"Tahoua",0,-59475
210,1.220019,"Tahoua",0,50014
210,1.220019,"Tahoua",0,-42570
210,1.220019,"Tahoua",0,89712
211,0.296763,"Diffa",0,-64768
211,0.296763,"Diffa",0,-56020
211,0.296763,"Diffa",0,-60675
211,0.296763,"Diffa",0,-61480
211,0.296763,"Diffa",0,-57943
211,0.296763,"Diffa",0,-58725
211,0.296763,"Diffa",0,-42316
211,0.296763,"Diffa",0,-62229
211,0.296763,"Diffa",0,-62055
211,0.296763,"Diffa",0,-34929
211,0.296763,"Diffa",0,-49383
211,0.296763,"Diffa",0,-58771
211,0.296763,"Diffa",0,-40281
211,0.296763,"Diffa",0,-63451
211,0.296763,"Diffa",0,-53275
211,0.296763,"Diffa",0,-56450
211,0.296763,"Diffa",0,-62225
211,0.296763,"Diffa",0,-56380
211,0.296763,"Diffa",0,-65298
211,0.296763,"Diffa",0,-52020
211,0.296763,"Diffa",0,-60132
211,0.296763,"Diffa",0,-39671
211,0.296763,"Diffa",0,-62805
211,0.296763,"Diffa",0,-66051
211,0.296763,"Diffa",0,-58216
212,0.101957,"Maradi",0,-55871
212,0.101957,"Maradi",0,-55938
212,0.101957,"Maradi",0,-61687
212,0.101957,"Maradi",0,-11020
212,0.101957,"Maradi",0,-55786
212,0.101957,"Maradi",0,-62101
212,0.101957,"Maradi",0,-56418
212,0.101957,"Maradi",0,-53228
212,0.101957,"Maradi",0,-54723
212,0.101957,"Maradi",0,-59088
212,0.101957,"Maradi",0,-49604
212,0.101957,"Maradi",0,-51942
212,0.101957,"Maradi",0,-62513
212,0.101957,"Maradi",0,-50688
212,0.101957,"Maradi",0,-53954
212,0.101957,"Maradi",0,-52746
212,0.101957,"Maradi",0,-57128
212,0.101957,"Maradi",0,-60213
212,0.101957,"Maradi",0,-57931
212,0.101957,"Maradi",0,-61171
212,0.101957,"Maradi",0,-56459
212,0.101957,"Maradi",0,-2202
213,1.128921,"Tillaberi",0,-60143
213,1.128921,"Tillaberi",0,-44489
213,1.128921,"Tillaberi",0,-57783
213,1.128921,"Tillaberi",0,-38543
213,1.128921,"Tillaberi",0,-56920
213,1.128921,"Tillaberi",0,-57318
213,1.128921,"Tillaberi",0,-58848
213,1.128921,"Tillaberi",0,-59485
213,1.128921,"Tillaberi",0,-51588
213,1.128921,"Tillaberi",0,-61385
213,1.128921,"Tillaberi",0,-46914
213,1.128921,"Tillaberi",0,-50305
213,1.128921,"Tillaberi",0,-52823
213,1.128921,"Tillaberi",0,-55445
213,1.128921,"Tillaberi",0,-57133
213,1.128921,"Tillaberi",0,-53815
213,1.128921,"Tillaberi",0,-53788
213,1.128921,"Tillaberi",0,-70055
213,1.128921,"Tillaberi",0,-61381
213,1.128921,"Tillaberi",0,-53461
213,1.128921,"Tillaberi",0,-50348
213,1.128921,"Tillaberi",0,-59363
213,1.128921,"Tillaberi",0,-61932
213,1.128921,"Tillaberi",0,-59366
214,1.227972,"Maradi",0,-60270
214,1.227972,"Maradi",0,-41629
214,1.227972,"Maradi",0,-45645
214,1.227972,"Maradi",0,-38386
214,1.227972,"Maradi",0,-35065
214,1.227972,"Maradi",0,-22375
214,1.227972,"Maradi",0,-62731
214,1.227972,"Maradi",0,-55947
214,1.227972,"Maradi",0,-48577
214,1.227972,"Maradi",0,-659
214,1.227972,"Maradi",0,-61095
214,1.227972,"Maradi",0,-58329
214,1.227972,"Maradi",0,-60250
214,1.227972,"Maradi",0,-60059
214,1.227972,"Maradi",0,-66532
214,1.227972,"Maradi",0,-63290
214,1.227972,"Maradi",0,-37460
214,1.227972,"Maradi",0,-66996
214,1.227972,"Maradi",0,-61139
214,1.227972,"Maradi",0,-51634
214,1.227972,"Maradi",0,-51248
214,1.227972,"Maradi",0,-43179
214,1.227972,"Maradi",0,-56415
214,1.227972,"Maradi",0,-38932
214,1.227972,"Maradi",0,-56066
215,0.702028,"Niamey",1,110551
215,0.702028,"Niamey",1,209378
215,0.702028,"Niamey",1,128229
215,0.702028,"Niamey",1,2604
215,0.702028,"Niamey",1,209810
215,0.702028,"Niamey",1,192277
215,0.702028,"Niamey",1,32486
215,0.702028,"Niamey",1,190735
215,0.702028,"Niamey",1,86937
215,0.702028,"Niamey",1,178101
215,0.702028,"Niamey",1,291534
215,0.702028,"Niamey",1,153636
215,0.702028,"Niamey",1,177034
215,0.702028,"Niamey",1,248766
215,0.702028,"Niamey",1,141542
215,0.702028,"Niamey",1,160958
215,0.702028,"Niamey",1,213947
215,0.702028,"Niamey",1,168969
215,0.702028,"Niamey",1,-8691
215,0.702028,"Niamey",1,136937
215,0.702028,"Niamey",1,189437
215,0.702028,"Niamey",1,163157
215,0.702028,"Niamey",1,124270
215,0.702028,"Niamey",1,166484
216,0.80418,"Tillaberi",0,11305
216,0.80418,"Tillaberi",0,-37649
216,0.80418,"Tillaberi",0,145296
216,0.80418,"Tillaberi",0,-25583
216,0.80418,"Tillaberi",0,-6700
216,0.80418,"Tillaberi",0,-54269
216,0.80418,"Tillaberi",0,2833
216,0.80418,"Tillaberi",0,-38829
216,0.80418,"Tillaberi",0,-50876
216,0.80418,"Tillaberi",0,-39863
216,0.80418,"Tillaberi",0,-59788
216,0.80418,"Tillaberi",0,-48354
216,0.80418,"Tillaberi",0,-61105
216,0.80418,"Tillaberi",0,-61155
216,0.80418,"Tillaberi",0,-55961
216,0.80418,"Tillaberi",0,-30894
216,0.80418,"Tillaberi",0,-45078
216,0.80418,"Tillaberi",0,-57943
216,0.80418,"Tillaberi",0,-63463
216,0.80418,"Tillaberi",0,11802
217,0.465786,"Niamey",1,97523
217,0.465786,"Niamey",1,356502
217,0.465786,"Niamey",1,111537
217,0.465786,"Niamey",1,53120
217,0.465786,"Niamey",1,443348
217,0.465786,"Niamey",1,299585
217,0.465786,"Niamey",1,90996
217,0.465786,"Niamey",1,168774
217,0.465786,"Niamey",1,63719
217,0.465786,"Niamey",1,110598
217,0.465786,"Niamey",1,135713
217,0.465786,"Niamey",1,-8478
217,0.465786,"Niamey",1,-673
217,0.465786,"Niamey",1,13972
217,0.465786,"Niamey",1,153390
217,0.465786,"Niamey",1,462535
217,0.465786,"Niamey",1,208573
217,0.465786,"Niamey",1,-19608
217,0.465786,"Niamey",1,130990
217,0.465786,"Niamey",1,83763
217,0.465786,"Niamey",1,201084
217,0.465786,"Niamey",1,60944
217,0.465786,"Niamey",1,19490
217,0.465786,"Niamey",1,123716
218,1.014654,"Tillaberi",0,15949
218,1.014654,"Tillaberi",0,-26729
218,1.014654,"Tillaberi",0,-23195
218,1.014654,"Tillaberi",0,30014
218,1.014654,"Tillaberi",0,-55664
218,1.014654,"Tillaberi",0,-53203
218,1.014654,"Tillaberi",0,30128
218,1.014654,"Tillaberi",0,2270
218,1.014654,"Tillaberi",0,-33683
218,1.014654,"Tillaberi",0,-47769
218,1.014654,"Tillaberi",0,-25693
218,1.014654,"Tillaberi",0,-8807
218,1.014654,"Tillaberi",0,6766
218,1.014654,"Tillaberi",0,-43623
218,1.014654,"Tillaberi",0,20955
218,1.014654,"Tillaberi",0,45248
218,1.014654,"Tillaberi",0,-60676
218,1.014654,"Tillaberi",0,-5016
218,1.014654,"Tillaberi",0,-57031
218,1.014654,"Tillaberi",0,-4
218,1.014654,"Tillaberi",0,-12502
218,1.014654,"Tillaberi",0,-40643
218,1.014654,"Tillaberi",0,-11099
218,1.014654,"Tillaberi",0,-38303
219,0.898944,"Dosso",0,-10355
219,0.898944,"Dosso",0,-39433
219,0.898944,"Dosso",0,-33197
219,0.898944,"Dosso",0,-55966
219,0.898944,"Dosso",0,-51917
219,0.898944,"Dosso",0,-41781
219,0.898944,"Dosso",0,-48229
219,0.898944,"Dosso",0,-42233
219,0.898944,"Dosso",0,-60194
219,0.898944,"Dosso",0,-8087
219,0.898944,"Dosso",0,-52501
219,0.898944,"Dosso",0,-36978
219,0.898944,"Dosso",0,-50431
219,0.898944,"Dosso",0,-54259
219,0.898944,"Dosso",0,-9244
219,0.898944,"Dosso",0,-57126
219,0.898944,"Dosso",0,-56658
219,0.898944,"Dosso",0,-58492
219,0.898944,"Dosso",0,-42418
219,0.898944,"Dosso",0,-58793
219,0.898944,"Dosso",0,-34529
219,0.898944,"Dosso",0,-32431
219,0.898944,"Dosso",0,-55138
220,0.468322,"Zinder",0,-73246
220,0.468322,"Zinder",0,-71094
220,0.468322,"Zinder",0,-67083
220,0.468322,"Zinder",0,-73502
220,0.468322,"Zinder",0,-74220
220,0.468322,"Zinder",0,-63601
220,0.468322,"Zinder",0,-66136
220,0.468322,"Zinder",0,-74790
220,0.468322,"Zinder",0,-76837
220,0.468322,"Zinder",0,-63490
220,0.468322,"Zinder",0,-71413
220,0.468322,"Zinder",0,-68833
220,0.468322,"Zinder",0,-75365
220,0.468322,"Zinder",0,-65253
220,0.468322,"Zinder",0,-72124
220,0.468322,"Zinder",0,-75353
221,0.699806,"Maradi",1,71134
221,0.699806,"Maradi",1,40651
221,0.699806,"Maradi",1,174782
221,0.699806,"Maradi",1,21413
221,0.699806,"Maradi",1,223197
221,0.699806,"Maradi",1,164700
221,0.699806,"Maradi",1,39943
221,0.699806,"Maradi",1,257157
221,0.699806,"Maradi",1,-13037
221,0.699806,"Maradi",1,65549
221,0.699806,"Maradi",1,334603
221,0.699806,"Maradi",1,181294
221,0.699806,"Maradi",1,208612
221,0.699806,"Maradi",1,109022
221,0.699806,"Maradi",1,197710
221,0.699806,"Maradi",1,160418
221,0.699806,"Maradi",1,135617
221,0.699806,"Maradi",1,17263
221,0.699806,"Maradi",1,143439
221,0.699806,"Maradi",1,83014
221,0.699806,"Maradi",1,20747
221,0.699806,"Maradi",1,-6688
222,1.17742,"Tahoua",0,-38376
222,1.17742,"Tahoua",0,-58632
222,1.17742,"Tahoua",0,-21065
222,1.17742,"Tahoua",0,-35667
222,1.17742,"Tahoua",0,-40456
222,1.17742,"Tahoua",0,-35033
222,1.17742,"Tahoua",0,-16031
222,1.17742,"Tahoua",0,-56172
222,1.17742,"Tahoua",0,-25049
222,1.17742,"Tahoua",0,-53471
222,1.17742,"Tahoua",0,-62740
222,1.17742,"Tahoua",0,-1322
222,1.17742,"Tahoua",0,-14127
222,1.17742,"Tahoua",0,-58265
222,1.17742,"Tahoua",0,-58952
222,1.17742,"Tahoua",0,-10044
222,1.17742,"Tahoua",0,-54078
222,1.17742,"Tahoua",0,-42928
222,1.17742,"Tahoua",0,-57130
222,1.17742,"Tahoua",0,-64345
222,1.17742,"Tahoua",0,-32079
222,1.17742,"Tahoua",0,-39225
222,1.17742,"Tahoua",0,-62205
222,1.17742,"Tahoua",0,-60415
222,1.17742,"Tahoua",0,-54427
223,1.550065,"Tahoua",0,-58760
223,1.550065,"Tahoua",0,-40443
223,1.550065,"Tahoua",0,-5742
223,1.550065,"Tahoua",0,-53322
223,1.550065,"Tahoua",0,-26403
223,1.550065,"Tahoua",0,-59287
223,1.550065,"Tahoua",0,-53076
223,1.550065,"Tahoua",0,-18376
223,1.550065,"Tahoua",0,-60565
223,1.550065,"Tahoua",0,-56623
223,1.550065,"Tahoua",0,-56169
223,1.550065,"Tahoua",0,-35541
223,1.550065,"Tahoua",0,-38925
223,1.550065,"Tahoua",0,-35289
223,1.550065,"Tahoua",0,-58670
223,1.550065,"Tahoua",0,-58210
223,1.550065,"Tahoua",0,-60297
223,1.550065,"Tahoua",0,9210
223,1.550065,"Tahoua",0,-60736
223,1.550065,"Tahoua",0,-56635
223,1.550065,"Tahoua",0,-24442
223,1.550065,"Tahoua",0,-56220
223,1.550065,"Tahoua",0,-19356
223,1.550065,"Tahoua",0,-59477
223,1.550065,"Tahoua",0,-59098
224,1.371838,"Dosso",0,-63145
224,1.371838,"Dosso",0,-55628
224,1.371838,"Dosso",0,-55796
224,1.371838,"Dosso",0,-55354
224,1.371838,"Dosso",0,-56288
224,1.371838,"Dosso",0,-62546
224,1.371838,"Dosso",0,-61011
224,1.371838,"Dosso",0,-60492
224,1.371838,"Dosso",0,-49245
224,1.371838,"Dosso",0,-57125
224,1.371838,"Dosso",0,-59075
224,1.371838,"Dosso",0,-49124
224,1.371838,"Dosso",0,-48768
224,1.371838,"Dosso",0,-2119
224,1.371838,"Dosso",0,-56833
224,1.371838,"Dosso",0,-63911
224,1.371838,"Dosso",0,-60685
224,1.371838,"Dosso",0,-49791
224,1.371838,"Dosso",0,-58539
224,1.371838,"Dosso",0,-53396
224,1.371838,"Dosso",0,-56633
224,1.371838,"Dosso",0,-42689
224,1.371838,"Dosso",0,26509
224,1.371838,"Dosso",0,-7505
225,1.053625,"Maradi",0,-55385
225,1.053625,"Maradi",0,-58707
225,1.053625,"Maradi",0,-58440
225,1.053625,"Maradi",0,-59156
225,1.053625,"Maradi",0,-58123
225,1.053625,"Maradi",0,-62459
225,1.053625,"Maradi",0,-49844
225,1.053625,"Maradi",0,-60342
225,1.053625,"Maradi",0,-29468
225,1.053625,"Maradi",0,-56916
225,1.053625,"Maradi",0,-59789
225,1.053625,"Maradi",0,-51548
225,1.053625,"Maradi",0,-63254
225,1.053625,"Maradi",0,-35495
225,1.053625,"Maradi",0,-60297
225,1.053625,"Maradi",0,-64500
225,1.053625,"Maradi",0,-56711
225,1.053625,"Maradi",0,-43259
225,1.053625,"Maradi",0,-63537
225,1.053625,"Maradi",0,-44653
225,1.053625,"Maradi",0,-59137
225,1.053625,"Maradi",0,-29428
225,1.053625,"Maradi",0,-57153
226,0.780125,"Tahoua",0,2253
226,0.780125,"Tahoua",0,8005
226,0.780125,"Tahoua",0,65761
226,0.780125,"Tahoua",0,37863
226,0.780125,"Tahoua",0,34126
226,0.780125,"Tahoua",0,-35648
226,0.780125,"Tahoua",0,-29551
226,0.780125,"Tahoua",0,-6303
226,0.780125,"Tahoua",0,59997
226,0.780125,"Tahoua",0,-16522
226,0.780125,"Tahoua",0,-47026
226,0.780125,"Tahoua",0,44813
226,0.780125,"Tahoua",0,-33674
226,0.780125,"Tahoua",0,2205
226,0.780125,"Tahoua",0,17832
226,0.780125,"Tahoua",0,-37392
226,0.780125,"Tahoua",0,-22853
226,0.780125,"Tahoua",0,-33543
226,0.780125,"Tahoua",0,112322
226,0.780125,"Tahoua",0,291799
226,0.780125,"Tahoua",0,5237
227,0.732855,"Tillaberi",0,-60797
227,0.732855,"Tillaberi",0,-66495
227,0.732855,"Tillaberi",0,-58610
227,0.732855,"Tillaberi",0,-30543
227,0.732855,"Tillaberi",0,-59228
227,0.732855,"Tillaberi",0,93134
227,0.732855,"Tillaberi",0,-59354
227,0.732855,"Tillaberi",0,-69868
227,0.732855,"Tillaberi",0,-59029
227,0.732855,"Tillaberi",0,-55500
227,0.732855,"Tillaberi",0,-54298
227,0.732855,"Tillaberi",0,-14512
227,0.732855,"Tillaberi",0,-63335
227,0.732855,"Tillaberi",0,-65286
227,0.732855,"Tillaberi",0,-59277
227,0.732855,"Tillaberi",0,-55166
227,0.732855,"Tillaberi",0,-66516
227,0.732855,"Tillaberi",0,-52465
227,0.732855,"Tillaberi",0,-53368
227,0.732855,"Tillaberi",0,-55708
227,0.732855,"Tillaberi",0,-71599
227,0.732855,"Tillaberi",0,-65213
227,0.732855,"Tillaberi",0,-50801
227,0.732855,"Tillaberi",0,-39317
227,0.732855,"Tillaberi",0,-46899
228,1.083814,"Maradi",0,-35610
228,1.083814,"Maradi",0,-57871
228,1.083814,"Maradi",0,-62702
228,1.083814,"Maradi",0,-57326
228,1.083814,"Maradi",0,-51716
228,1.083814,"Maradi",0,-56948
228,1.083814,"Maradi",0,-59445
228,1.083814,"Maradi",0,-38361
228,1.083814,"Maradi",0,-49892
228,1.083814,"Maradi",0,-43658
228,1.083814,"Maradi",0,70456
228,1.083814,"Maradi",0,-35174
228,1.083814,"Maradi",0,-53808
228,1.083814,"Maradi",0,-54141
228,1.083814,"Maradi",0,-58957
228,1.083814,"Maradi",0,-49996
228,1.083814,"Maradi",0,-54696
228,1.083814,"Maradi",0,-53030
228,1.083814,"Maradi",0,-30626
228,1.083814,"Maradi",0,-57279
228,1.083814,"Maradi",0,-57248
228,1.083814,"Maradi",0,-61706
228,1.083814,"Maradi",0,-48171
229,1.341257,"Zinder",0,-52395
229,1.341257,"Zinder",0,-50166
229,1.341257,"Zinder",0,-59671
229,1.341257,"Zinder",0,-58740
229,1.341257,"Zinder",0,-47416
229,1.341257,"Zinder",0,-54713
229,1.341257,"Zinder",0,-60854
229,1.341257,"Zinder",0,-61275
229,1.341257,"Zinder",0,-64403
229,1.341257,"Zinder",0,-57336
229,1.341257,"Zinder",0,-57345
229,1.341257,"Zinder",0,-58070
229,1.341257,"Zinder",0,-60653
229,1.341257,"Zinder",0,-59488
229,1.341257,"Zinder",0,-60566
229,1.341257,"Zinder",0,-58233
229,1.341257,"Zinder",0,-61920
229,1.341257,"Zinder",0,-53964
229,1.341257,"Zinder",0,-52883
229,1.341257,"Zinder",0,-57310
229,1.341257,"Zinder",0,-24062
229,1.341257,"Zinder",0,-49346
229,1.341257,"Zinder",0,-59015
230,0.733379,"Niamey",1,55022
230,0.733379,"Niamey",1,56634
230,0.733379,"Niamey",1,202041
230,0.733379,"Niamey",1,217562
230,0.733379,"Niamey",1,154789
230,0.733379,"Niamey",1,112221
230,0.733379,"Niamey",1,162919
230,0.733379,"Niamey",1,4603
230,0.733379,"Niamey",1,88963
230,0.733379,"Niamey",1,-15693
230,0.733379,"Niamey",1,197274
230,0.733379,"Niamey",1,94150
230,0.733379,"Niamey",1,214005
230,0.733379,"Niamey",1,153047
230,0.733379,"Niamey",1,314595
230,0.733379,"Niamey",1,264186
230,0.733379,"Niamey",1,50998
230,0.733379,"Niamey",1,173930
230,0.733379,"Niamey",1,135710
230,0.733379,"Niamey",1,-1515
230,0.733379,"Niamey",1,-3560
230,0.733379,"Niamey",1,137477
230,0.733379,"Niamey",1,58854
230,0.733379,"Niamey",1,48619
230,0.733379,"Niamey",1,162222
231,0.19356,"Agadez",1,135607
231,0.19356,"Agadez",1,68236
231,0.19356,"Agadez",1,79024
231,0.19356,"Agadez",1,268816
231,0.19356,"Agadez",1,154307
231,0.19356,"Agadez",1,25360
231,0.19356,"Agadez",1,24377
231,0.19356,"Agadez",1,28570
231,0.19356,"Agadez",1,-9477
231,0.19356,"Agadez",1,66519
231,0.19356,"Agadez",1,44995
231,0.19356,"Agadez",1,286741
231,0.19356,"Agadez",1,70891
231,0.19356,"Agadez",1,97032
231,0.19356,"Agadez",1,103404
231,0.19356,"Agadez",1,265427
231,0.19356,"Agadez",1,81547
231,0.19356,"Agadez",1,104082
231,0.19356,"Agadez",1,109286
231,0.19356,"Agadez",1,39002
231,0.19356,"Agadez",1,40361
231,0.19356,"Agadez",1,3036
231,0.19356,"Agadez",1,72440
231,0.19356,"Agadez",1,42424
232,1.00128,"Tillaberi",0,-47715
232,1.00128,"Tillaberi",0,-45535
232,1.00128,"Tillaberi",0,-51826
232,1.00128,"Tillaberi",0,-55255
232,1.00128,"Tillaberi",0,-53583
232,1.00128,"Tillaberi",0,-50375
232,1.00128,"Tillaberi",0,-51938
232,1.00128,"Tillaberi",0,-53883
232,1.00128,"Tillaberi",0,-49986
232,1.00128,"Tillaberi",0,-53535
232,1.00128,"Tillaberi",0,-38521
232,1.00128,"Tillaberi",0,-49467
232,1.00128,"Tillaberi",0,-49862
232,1.00128,"Tillaberi",0,-51052
232,1.00128,"Tillaberi",0,-48939
232,1.00128,"Tillaberi",0,-51676
232,1.00128,"Tillaberi",0,-54403
232,1.00128,"Tillaberi",0,-55484
232,1.00128,"Tillaberi",0,-58288
232,1.00128,"Tillaberi",0,-50053
232,1.00128,"Tillaberi",0,-52691
232,1.00128,"Tillaberi",0,-55620
232,1.00128,"Tillaberi",0,-37146
232,1.00128,"Tillaberi",0,-54096
233,0.899365,"Tillaberi",1,47724
233,0.899365,"Tillaberi",1,-56323
233,0.899365,"Tillaberi",1,-37831
233,0.899365,"Tillaberi",1,86067
233,0.899365,"Tillaberi",1,396978
233,0.899365,"Tillaberi",1,99327
233,0.899365,"Tillaberi",1,-38835
233,0.899365,"Tillaberi",1,36741
233,0.899365,"Tillaberi",1,-52823
233,0.899365,"Tillaberi",1,-10867
233,0.899365,"Tillaberi",1,-44869
233,0.899365,"Tillaberi",1,286167
233,0.899365,"Tillaberi",1,-8788
233,0.899365,"Tillaberi",1,17711
233,0.899365,"Tillaberi",1,122601
233,0.899365,"Tillaberi",1,190588
233,0.899365,"Tillaberi",1,91890
233,0.899365,"Tillaberi",1,-27259
233,0.899365,"Tillaberi",1,262225
233,0.899365,"Tillaberi",1,-16662
233,0.899365,"Tillaberi",1,-41966
233,0.899365,"Tillaberi",1,-41271
233,0.899365,"Tillaberi",1,28191
233,0.899365,"Tillaberi",1,41792
234,0.840054,"Tillaberi",0,8561
234,0.840054,"Tillaberi",0,35531
234,0.840054,"Tillaberi",0,-14700
234,0.840054,"Tillaberi",0,8925
234,0.840054,"Tillaberi",0,-11291
234,0.840054,"Tillaberi",0,75769
234,0.840054,"Tillaberi",0,62345
234,0.840054,"Tillaberi",0,38027
234,0.840054,"Tillaberi",0,-10765
234,0.840054,"Tillaberi",0,-40584
234,0.840054,"Tillaberi",0,64680
234,0.840054,"Tillaberi",0,41498
234,0.840054,"Tillaberi",0,23928
234,0.840054,"Tillaberi",0,-36646
234,0.840054,"Tillaberi",0,-20206
234,0.840054,"Tillaberi",0,-39245
234,0.840054,"Tillaberi",0,-49765
234,0.840054,"Tillaberi",0,-55189
234,0.840054,"Tillaberi",0,-47496
234,0.840054,"Tillaberi",0,2979
234,0.840054,"Tillaberi",0,-22658
234,0.840054,"Tillaberi",0,2862
234,0.840054,"Tillaberi",0,-59606
235,1.198906,"Maradi",0,-24077
235,1.198906,"Maradi",0,141923
235,1.198906,"Maradi",0,4740
235,1.198906,"Maradi",0,60275
235,1.198906,"Maradi",0,-45419
235,1.198906,"Maradi",0,-31374
235,1.198906,"Maradi",0,-2466
235,1.198906,"Maradi",0,-24521
235,1.198906,"Maradi",0,7058
235,1.198906,"Maradi",0,705
235,1.198906,"Maradi",0,3003
235,1.198906,"Maradi",0,-26491
235,1.198906,"Maradi",0,-55336
235,1.198906,"Maradi",0,-9758
235,1.198906,"Maradi",0,-5070
235,1.198906,"Maradi",0,-62991
235,1.198906,"Maradi",0,-26111
235,1.198906,"Maradi",0,-45146
235,1.198906,"Maradi",0,12531
235,1.198906,"Maradi",0,11435
235,1.198906,"Maradi",0,-28539
235,1.198906,"Maradi",0,-36297
235,1.198906,"Maradi",0,-55883
235,1.198906,"Maradi",0,-42260
235,1.198906,"Maradi",0,20168
236,1.050552,"Dosso",0,-54466
236,1.050552,"Dosso",0,-57791
236,1.050552,"Dosso",0,-58462
236,1.050552,"Dosso",0,-60465
236,1.050552,"Dosso",0,-18662
236,1.050552,"Dosso",0,-62566
236,1.050552,"Dosso",0,-56648
236,1.050552,"Dosso",0,-40281
236,1.050552,"Dosso",0,-53008
236,1.050552,"Dosso",0,-58223
236,1.050552,"Dosso",0,-46164
236,1.050552,"Dosso",0,-53959
236,1.050552,"Dosso",0,-64632
236,1.050552,"Dosso",0,-55989
236,1.050552,"Dosso",0,-60987
236,1.050552,"Dosso",0,-59549
236,1.050552,"Dosso",0,-50073
236,1.050552,"Dosso",0,-59068
236,1.050552,"Dosso",0,-63773
236,1.050552,"Dosso",0,-47108
236,1.050552,"Dosso",0,-45642
236,1.050552,"Dosso",0,-58446
237,1.93879,"Zinder",0,-30654
237,1.93879,"Zinder",0,-21699
237,1.93879,"Zinder",0,-64671
237,1.93879,"Zinder",0,-68917
237,1.93879,"Zinder",0,-57098
237,1.93879,"Zinder",0,-60957
237,1.93879,"Zinder",0,-38616
237,1.93879,"Zinder",0,-58030
237,1.93879,"Zinder",0,-57963
237,1.93879,"Zinder",0,-27273
237,1.93879,"Zinder",0,-52976
237,1.93879,"Zinder",0,-14010
237,1.93879,"Zinder",0,-8077
237,1.93879,"Zinder",0,-59361
237,1.93879,"Zinder",0,-35475
237,1.93879,"Zinder",0,-26669
237,1.93879,"Zinder",0,-50023
237,1.93879,"Zinder",0,-35166
237,1.93879,"Zinder",0,-40669
237,1.93879,"Zinder",0,-54584
237,1.93879,"Zinder",0,-47857
238,1.161376,"Maradi",0,-64671
238,1.161376,"Maradi",0,-58985
238,1.161376,"Maradi",0,-50844
238,1.161376,"Maradi",0,-63233
238,1.161376,"Maradi",0,-58886
238,1.161376,"Maradi",0,-58693
238,1.161376,"Maradi",0,-47154
238,1.161376,"Maradi",0,-60439
238,1.161376,"Maradi",0,-58024
238,1.161376,"Maradi",0,-50820
238,1.161376,"Maradi",0,-39285
238,1.161376,"Maradi",0,-48779
238,1.161376,"Maradi",0,-61565
238,1.161376,"Maradi",0,-54075
238,1.161376,"Maradi",0,-50391
238,1.161376,"Maradi",0,-62834
238,1.161376,"Maradi",0,-59985
238,1.161376,"Maradi",0,-61990
238,1.161376,"Maradi",0,-58695
238,1.161376,"Maradi",0,-57050
238,1.161376,"Maradi",0,-51112
238,1.161376,"Maradi",0,-61838
238,1.161376,"Maradi",0,-53652
238,1.161376,"Maradi",0,-28352
239,1.410466,"Dosso",0,-49933
239,1.410466,"Dosso",0,-61408
239,1.410466,"Dosso",0,-52700
239,1.410466,"Dosso",0,-53215
239,1.410466,"Dosso",0,-59483
239,1.410466,"Dosso",0,-39844
239,1.410466,"Dosso",0,-64900
239,1.410466,"Dosso",0,-49875
239,1.410466,"Dosso",0,-53365
239,1.410466,"Dosso",0,-64178
239,1.410466,"Dosso",0,-50270
239,1.410466,"Dosso",0,-48595
239,1.410466,"Dosso",0,-51868
239,1.410466,"Dosso",0,-50419
239,1.410466,"Dosso",0,-49742
239,1.410466,"Dosso",0,-59529
239,1.410466,"Dosso",0,-55136
239,1.410466,"Dosso",0,-55337
239,1.410466,"Dosso",0,-35527
239,1.410466,"Dosso",0,-35324
239,1.410466,"Dosso",0,-59104
239,1.410466,"Dosso",0,-59070
239,1.410466,"Dosso",0,115248
239,1.410466,"Dosso",0,-48873
240,0.459491,"Zinder",1,68074
240,0.459491,"Zinder",1,102265
240,0.459491,"Zinder",1,-25062
240,0.459491,"Zinder",1,367788
240,0.459491,"Zinder",1,-17711
240,0.459491,"Zinder",1,95817
240,0.459491,"Zinder",1,-27143
240,0.459491,"Zinder",1,-42169
240,0.459491,"Zinder",1,-33406
240,0.459491,"Zinder",1,282687
240,0.459491,"Zinder",1,-20785
240,0.459491,"Zinder",1,197639
240,0.459491,"Zinder",1,-41089
240,0.459491,"Zinder",1,-34648
240,0.459491,"Zinder",1,33410
240,0.459491,"Zinder",1,243420
240,0.459491,"Zinder",1,-4023
240,0.459491,"Zinder",1,280969
240,0.459491,"Zinder",1,438386
240,0.459491,"Zinder",1,207243
240,0.459491,"Zinder",1,230681
240,0.459491,"Zinder",1,169205
240,0.459491,"Zinder",1,-41383
240,0.459491,"Zinder",1,244914
241,1.190543,"Dosso",0,-57955
241,1.190543,"Dosso",0,-63197
241,1.190543,"Dosso",0,-48269
241,1.190543,"Dosso",0,-60456
241,1.190543,"Dosso",0,-62609
241,1.190543,"Dosso",0,-56361
241,1.190543,"Dosso",0,-56550
241,1.190543,"Dosso",0,-59580
241,1.190543,"Dosso",0,-61168
241,1.190543,"Dosso",0,-61811
241,1.190543,"Dosso",0,-50944
241,1.190543,"Dosso",0,-57588
241,1.190543,"Dosso",0,-62092
241,1.190543,"Dosso",0,-62550
241,1.190543,"Dosso",0,-63817
241,1.190543,"Dosso",0,-60422
241,1.190543,"Dosso",0,-60857
241,1.190543,"Dosso",0,-52959
241,1.190543,"Dosso",0,-61973
242,1.353586,"Maradi",0,-51395
242,1.353586,"Maradi",0,-51573
242,1.353586,"Maradi",0,-47520
242,1.353586,"Maradi",0,-58846
242,1.353586,"Maradi",0,-49593
242,1.353586,"Maradi",0,-56272
242,1.353586,"Maradi",0,-54608
242,1.353586,"Maradi",0,-61081
242,1.353586,"Maradi",0,-62823
242,1.353586,"Maradi",0,-57957
242,1.353586,"Maradi",0,-59383
242,1.353586,"Maradi",0,757
242,1.353586,"Maradi",0,-52098
242,1.353586,"Maradi",0,-45433
242,1.353586,"Maradi",0,-62980
242,1.353586,"Maradi",0,-57731
242,1.353586,"Maradi",0,-59004
242,1.353586,"Maradi",0,-38350
242,1.353586,"Maradi",0,-57169
242,1.353586,"Maradi",0,-36130
242,1.353586,"Maradi",0,-57881
242,1.353586,"Maradi",0,-64691
242,1.353586,"Maradi",0,-54764
242,1.353586,"Maradi",0,-56875
243,1.920554,"Maradi",0,618
243,1.920554,"Maradi",0,26714
243,1.920554,"Maradi",0,54486
243,1.920554,"Maradi",0,-11017
243,1.920554,"Maradi",0,25083
243,1.920554,"Maradi",0,81199
243,1.920554,"Maradi",0,-52964
243,1.920554,"Maradi",0,116843
243,1.920554,"Maradi",0,-16035
243,1.920554,"Maradi",0,5127
243,1.920554,"Maradi",0,41092
243,1.920554,"Maradi",0,-21355
243,1.920554,"Maradi",0,16864
243,1.920554,"Maradi",0,15844
243,1.920554,"Maradi",0,2870
243,1.920554,"Maradi",0,-23333
243,1.920554,"Maradi",0,-53028
243,1.920554,"Maradi",0,45773
243,1.920554,"Maradi",0,69079
243,1.920554,"Maradi",0,-39568
243,1.920554,"Maradi",0,41172
243,1.920554,"Maradi",0,164505
244,0.32402,"Diffa",0,12133
244,0.32402,"Diffa",0,-34769
244,0.32402,"Diffa",0,43439
244,0.32402,"Diffa",0,-20657
244,0.32402,"Diffa",0,-60096
244,0.32402,"Diffa",0,-38712
244,0.32402,"Diffa",0,-27852
244,0.32402,"Diffa",0,77234
244,0.32402,"Diffa",0,-21182
244,0.32402,"Diffa",0,-62930
244,0.32402,"Diffa",0,-37927
244,0.32402,"Diffa",0,-52363
244,0.32402,"Diffa",0,16782
244,0.32402,"Diffa",0,-41499
244,0.32402,"Diffa",0,14728
244,0.32402,"Diffa",0,-47170
244,0.32402,"Diffa",0,-24849
244,0.32402,"Diffa",0,-16605
244,0.32402,"Diffa",0,-39599
244,0.32402,"Diffa",0,-52293
244,0.32402,"Diffa",0,-31118
245,0.589141,"Zinder",1,148121
245,0.589141,"Zinder",1,27886
245,0.589141,"Zinder",1,74647
245,0.589141,"Zinder",1,211181
245,0.589141,"Zinder",1,280874
245,0.589141,"Zinder",1,106550
245,0.589141,"Zinder",1,169485
245,0.589141,"Zinder",1,166827
245,0.589141,"Zinder",1,144457
245,0.589141,"Zinder",1,254995
245,0.589141,"Zinder",1,-11282
245,0.589141,"Zinder",1,44008
245,0.589141,"Zinder",1,88147
245,0.589141,"Zinder",1,6344
245,0.589141,"Zinder",1,406536
245,0.589141,"Zinder",1,1063
245,0.589141,"Zinder",1,204964
245,0.589141,"Zinder",1,38616
245,0.589141,"Zinder",1,314583
245,0.589141,"Zinder",1,106162
245,0.589141,"Zinder",1,150504
245,0.589141,"Zinder",1,54682
245,0.589141,"Zinder",1,2539
246,0.381058,"Maradi",1,93544
246,0.381058,"Maradi",1,62293
246,0.381058,"Maradi",1,209819
246,0.381058,"Maradi",1,101326
246,0.381058,"Maradi",1,149410
246,0.381058,"Maradi",1,156979
246,0.381058,"Maradi",1,214106
246,0.381058,"Maradi",1,354001
246,0.381058,"Maradi",1,197473
246,0.381058,"Maradi",1,205256
246,0.381058,"Maradi",1,114353
246,0.381058,"Maradi",1,87864
246,0.381058,"Maradi",1,34115
246,0.381058,"Maradi",1,153713
246,0.381058,"Maradi",1,111135
246,0.381058,"Maradi",1,72529
246,0.381058,"Maradi",1,163494
246,0.381058,"Maradi",1,120388
246,0.381058,"Maradi",1,160512
246,0.381058,"Maradi",1,224021
246,0.381058,"Maradi",1,160650
246,0.381058,"Maradi",1,82820
246,0.381058,"Maradi",1,144058
246,0.381058,"Maradi",1,100035
246,0.381058,"Maradi",1,164620
247,1.183943,"Tillaberi",0,-59956
247,1.183943,"Tillaberi",0,-40370
247,1.183943,"Tillaberi",0,-51230
247,1.183943,"Tillaberi",0,-53583
247,1.183943,"Tillaberi",0,-54491
247,1.183943,"Tillaberi",0,-56816
247,1.183943,"Tillaberi",0,-57513
247,1.183943,"Tillaberi",0,-54486
247,1.183943,"Tillaberi",0,-57233
247,1.183943,"Tillaberi",0,-47413
247,1.183943,"Tillaberi",0,-60823
247,1.183943,"Tillaberi",0,-47250
247,1.183943,"Tillaberi",0,-46336
247,1.183943,"Tillaberi",0,-62159
247,1.183943,"Tillaberi",0,-53739
247,1.183943,"Tillaberi",0,-55963
247,1.183943,"Tillaberi",0,-53188
247,1.183943,"Tillaberi",0,-59059
247,1.183943,"Tillaberi",0,-50292
247,1.183943,"Tillaberi",0,-60863
247,1.183943,"Tillaberi",0,-53615
247,1.183943,"Tillaberi",0,-49978
247,1.183943,"Tillaberi",0,-53088
247,1.183943,"Tillaberi",0,-61851
247,1.183943,"Tillaberi",0,-37423
248,0.980909,"Dosso",0,-63351
248,0.980909,"Dosso",0,-59877
248,0.980909,"Dosso",0,-59072
248,0.980909,"Dosso",0,-52432
248,0.980909,"Dosso",0,-38683
248,0.980909,"Dosso",0,-34910
248,0.980909,"Dosso",0,-42308
248,0.980909,"Dosso",0,-52793
248,0.980909,"Dosso",0,-56623
248,0.980909,"Dosso",0,-65742
248,0.980909,"Dosso",0,-57164
248,0.980909,"Dosso",0,-54290
248,0.980909,"Dosso",0,-54578
248,0.980909,"Dosso",0,-30460
248,0.980909,"Dosso",0,-10797
248,0.980909,"Dosso",0,-43397
248,0.980909,"Dosso",0,-5604
248,0.980909,"Dosso",0,-55983
248,0.980909,"Dosso",0,-56072
248,0.980909,"Dosso",0,18949
248,0.980909,"Dosso",0,-54627
248,0.980909,"Dosso",0,-67468
248,0.980909,"Dosso",0,-54086
248,0.980909,"Dosso",0,-58325
249,1.582666,"Dosso",0,-29853
249,1.582666,"Dosso",0,-54665
249,1.582666,"Dosso",0,-52661
249,1.582666,"Dosso",0,-51038
249,1.582666,"Dosso",0,-60685
249,1.582666,"Dosso",0,-36733
249,1.582666,"Dosso",0,-58937
249,1.582666,"Dosso",0,-49427
249,1.582666,"Dosso",0,-31268
249,1.582666,"Dosso",0,-40613
249,1.582666,"Dosso",0,-34864
249,1.582666,"Dosso",0,-52849
249,1.582666,"Dosso",0,-35428
249,1.582666,"Dosso",0,-56903
249,1.582666,"Dosso",0,-56883
249,1.582666,"Dosso",0,-46710
249,1.582666,"Dosso",0,-48431
249,1.582666,"Dosso",0,-48343
249,1.582666,"Dosso",0,-44516
249,1.582666,"Dosso",0,-62112
249,1.582666,"Dosso",0,-60995
249,1.582666,"Dosso",0,-55633
250,0.523543,"Niamey",1,205055
250,0.523543,"Niamey",1,-66
250,0.523543,"Niamey",1,85981
250,0.523543,"Niamey",1,285105
250,0.523543,"Niamey",1,188366
250,0.523543,"Niamey",1,276793
250,0.523543,"Niamey",1,298607
250,0.523543,"Niamey",1,219397
250,0.523543,"Niamey",1,181636
250,0.523543,"Niamey",1,129769
250,0.523543,"Niamey",1,93861
250,0.523543,"Niamey",1,133987
250,0.523543,"Niamey",1,145020
250,0.523543,"Niamey",1,153774
250,0.523543,"Niamey",1,194617
250,0.523543,"Niamey",1,447628
250,0.523543,"Niamey",1,215318
250,0.523543,"Niamey",1,110935
250,0.523543,"Niamey",1,138243
250,0.523543,"Niamey",1,108058
250,0.523543,"Niamey",1,306635
250,0.523543,"Niamey",1,172710
250,0.523543,"Niamey",1,114518
250,0.523543,"Niamey",1,159561
251,0.23971,"Diffa",0,-50471
251,0.23971,"Diffa",0,-46422
251,0.23971,"Diffa",0,-4104
251,0.23971,"Diffa",0,-60497
251,0.23971,"Diffa",0,-36576
251,0.23971,"Diffa",0,-60868
251,0.23971,"Diffa",0,-52086
251,0.23971,"Diffa",0,-63552
251,0.23971,"Diffa",0,10376
251,0.23971,"Diffa",0,-52580
251,0.23971,"Diffa",0,-61108
251,0.23971,"Diffa",0,-55956
251,0.23971,"Diffa",0,-51381
251,0.23971,"Diffa",0,-42390
251,0.23971,"Diffa",0,-63573
251,0.23971,"Diffa",0,-57931
251,0.23971,"Diffa",0,-36862
251,0.23971,"Diffa",0,19015
251,0.23971,"Diffa",0,-69659
251,0.23971,"Diffa",0,-61378
251,0.23971,"Diffa",0,-68756
251,0.23971,"Diffa",0,-61315
251,0.23971,"Diffa",0,-41423
251,0.23971,"Diffa",0,-61185
252,2.03035,"Tillaberi",0,-58256
252,2.03035,"Tillaberi",0,-49481
252,2.03035,"Tillaberi",0,-64631
252,2.03035,"Tillaberi",0,-59214
252,2.03035,"Tillaberi",0,-67101
252,2.03035,"Tillaberi",0,-42491
252,2.03035,"Tillaberi",0,-55935
252,2.03035,"Tillaberi",0,-55550
252,2.03035,"Tillaberi",0,-54358
252,2.03035,"Tillaberi",0,-54252
252,2.03035,"Tillaberi",0,-45461
252,2.03035,"Tillaberi",0,-58606
252,2.03035,"Tillaberi",0,-68179
252,2.03035,"Tillaberi",0,-52788
252,2.03035,"Tillaberi",0,-58120
252,2.03035,"Tillaberi",0,-57935
252,2.03035,"Tillaberi",0,-53856
252,2.03035,"Tillaberi",0,-60585
252,2.03035,"Tillaberi",0,-49625
253,0.757696,"Tillaberi",0,-60456
253,0.757696,"Tillaberi",0,16
253,0.757696,"Tillaberi",0,-58665
253,0.757696,"Tillaberi",0,-20353
253,0.757696,"Tillaberi",0,-31482
253,0.757696,"Tillaberi",0,-61675
253,0.757696,"Tillaberi",0,-58685
253,0.757696,"Tillaberi",0,-37433
253,0.757696,"Tillaberi",0,-40687
253,0.757696,"Tillaberi",0,-59076
253,0.757696,"Tillaberi",0,-47137
253,0.757696,"Tillaberi",0,-46276
253,0.757696,"Tillaberi",0,-1758
253,0.757696,"Tillaberi",0,17365
253,0.757696,"Tillaberi",0,-53574
253,0.757696,"Tillaberi",0,-19570
253,0.757696,"Tillaberi",0,-46783
253,0.757696,"Tillaberi",0,-65801
253,0.757696,"Tillaberi",0,-43872
253,0.757696,"Tillaberi",0,-50756
254,0.658765,"Maradi",0,-60840
254,0.658765,"Maradi",0,2913
254,0.658765,"Maradi",0,121525
254,0.658765,"Maradi",0,88849
254,0.658765,"Maradi",0,18614
254,0.658765,"Maradi",0,14567
254,0.658765,"Maradi",0,-6980
254,0.658765,"Maradi",0,4399
254,0.658765,"Maradi",0,-15284
254,0.658765,"Maradi",0,171268
254,0.658765,"Maradi",0,146351
254,0.658765,"Maradi",0,-10647
254,0.658765,"Maradi",0,-22786
254,0.658765,"Maradi",0,20380
254,0.658765,"Maradi",0,16799
254,0.658765,"Maradi",0,36306
254,0.658765,"Maradi",0,-23891
254,0.658765,"Maradi",0,-8132
254,0.658765,"Maradi",0,12125
254,0.658765,"Maradi",0,71429
254,0.658765,"Maradi",0,69122
254,0.658765,"Maradi",0,11183
254,0.658765,"Maradi",0,-53483
254,0.658765,"Maradi",0,42007
255,1.296649,"Maradi",0,-26643
255,1.296649,"Maradi",0,-54578
255,1.296649,"Maradi",0,-62555
255,1.296649,"Maradi",0,-63032
255,1.296649,"Maradi",0,-60229
255,1.296649,"Maradi",0,-46329
255,1.296649,"Maradi",0,-58275
255,1.296649,"Maradi",0,-65604
255,1.296649,"Maradi",0,-22768
255,1.296649,"Maradi",0,-29223
255,1.296649,"Maradi",0,-52966
255,1.296649,"Maradi",0,-58008
255,1.296649,"Maradi",0,-67661
255,1.296649,"Maradi",0,-65803
255,1.296649,"Maradi",0,-59727
255,1.296649,"Maradi",0,-55213
255,1.296649,"Maradi",0,-65620
255,1.296649,"Maradi",0,-50276
255,1.296649,"Maradi",0,-63092
255,1.296649,"Maradi",0,-59309
255,1.296649,"Maradi",0,-67205
255,1.296649,"Maradi",0,-69237
255,1.296649,"Maradi",0,-61940
255,1.296649,"Maradi",0,-62647
255,1.296649,"Maradi",0,-53731
256,0.946112,"Niamey",1,23393
256,0.946112,"Niamey",1,139677
256,0.946112,"Niamey",1,92659
256,0.946112,"Niamey",1,9086
256,0.946112,"Niamey",1,142503
256,0.946112,"Niamey",1,118799
256,0.946112,"Niamey",1,194795
256,0.946112,"Niamey",1,116463
256,0.946112,"Niamey",1,184512
256,0.946112,"Niamey",1,2049
256,0.946112,"Niamey",1,140169
256,0.946112,"Niamey",1,290441
256,0.946112,"Niamey",1,131187
256,0.946112,"Niamey",1,150609
256,0.946112,"Niamey",1,146809
256,0.946112,"Niamey",1,94811
256,0.946112,"Niamey",1,73830
256,0.946112,"Niamey",1,269334
256,0.946112,"Niamey",1,77998
256,0.946112,"Niamey",1,220217
256,0.946112,"Niamey",1,152462
256,0.946112,"Niamey",1,86284
256,0.946112,"Niamey",1,64815
256,0.946112,"Niamey",1,230370
257,1.306011,"Tillaberi",0,-62549
257,1.306011,"Tillaberi",0,253
257,1.306011,"Tillaberi",0,-61209
257,1.306011,"Tillaberi",0,-58185
257,1.306011,"Tillaberi",0,-55953
257,1.306011,"Tillaberi",0,-17948
257,1.306011,"Tillaberi",0,-58337
257,1.306011,"Tillaberi",0,-59685
257,1.306011,"Tillaberi",0,-49892
257,1.306011,"Tillaberi",0,-34409
257,1.306011,"Tillaberi",0,-62923
257,1.306011,"Tillaberi",0,-46987
257,1.306011,"Tillaberi",0,-57423
257,1.306011,"Tillaberi",0,-54764
257,1.306011,"Tillaberi",0,-51435
257,1.306011,"Tillaberi",0,-59605
257,1.306011,"Tillaberi",0,-55280
257,1.306011,"Tillaberi",0,-19867
257,1.306011,"Tillaberi",0,-60359
257,1.306011,"Tillaberi",0,-55980
257,1.306011,"Tillaberi",0,-58832
258,1.115087,"Maradi",0,-48066
258,1.115087,"Maradi",0,-60261
258,1.115087,"Maradi",0,-62763
258,1.115087,"Maradi",0,49012
258,1.115087,"Maradi",0,24505
258,1.115087,"Maradi",0,209649
258,1.115087,"Maradi",0,-42179
258,1.115087,"Maradi",0,-55778
258,1.115087,"Maradi",0,-51310
258,1.115087,"Maradi",0,-60842
258,1.115087,"Maradi",0,-6291
258,1.115087,"Maradi",0,-53536
258,1.115087,"Maradi",0,-32109
258,1.115087,"Maradi",0,-61871
258,1.115087,"Maradi",0,-57787
258,1.115087,"Maradi",0,-48953
258,1.115087,"Maradi",0,-49254
258,1.115087,"Maradi",0,-51641
258,1.115087,"Maradi",0,-60705
258,1.115087,"Maradi",0,-50944
258,1.115087,"Maradi",0,-61002
258,1.115087,"Maradi",0,13379
258,1.115087,"Maradi",0,-55281
258,1.115087,"Maradi",0,42387
258,1.115087,"Maradi",0,-51196
259,1.345619,"Niamey",1,56791
259,1.345619,"Niamey",1,188590
259,1.345619,"Niamey",1,137768
259,1.345619,"Niamey",1,285610
259,1.345619,"Niamey",1,373550
259,1.345619,"Niamey",1,243027
259,1.345619,"Niamey",1,44347
259,1.345619,"Niamey",1,114654
259,1.345619,"Niamey",1,-188
259,1.345619,"Niamey",1,77867
259,1.345619,"Niamey",1,18088
259,1.345619,"Niamey",1,32323
259,1.345619,"Niamey",1,276398
259,1.345619,"Niamey",1,73683
259,1.345619,"Niamey",1,73709
259,1.345619,"Niamey",1,45561
259,1.345619,"Niamey",1,330087
259,1.345619,"Niamey",1,271552
259,1.345619,"Niamey",1,74455
259,1.345619,"Niamey",1,252429
259,1.345619,"Niamey",1,120283
259,1.345619,"Niamey",1,117457
259,1.345619,"Niamey",1,246740
260,0.853249,"Tillaberi",0,-15869
260,0.853249,"Tillaberi",0,-19950
260,0.853249,"Tillaberi",0,-16920
260,0.853249,"Tillaberi",0,-52298
260,0.853249,"Tillaberi",0,-28536
260,0.853249,"Tillaberi",0,-38980
260,0.853249,"Tillaberi",0,-14362
260,0.853249,"Tillaberi",0,25146
260,0.853249,"Tillaberi",0,-53154
260,0.853249,"Tillaberi",0,-55278
260,0.853249,"Tillaberi",0,-24249
260,0.853249,"Tillaberi",0,-18188
260,0.853249,"Tillaberi",0,-16605
260,0.853249,"Tillaberi",0,-54826
260,0.853249,"Tillaberi",0,-40043
260,0.853249,"Tillaberi",0,-16612
260,0.853249,"Tillaberi",0,-6604
260,0.853249,"Tillaberi",0,10711
260,0.853249,"Tillaberi",0,88953
261,0.507151,"Dosso",1,81453
261,0.507151,"Dosso",1,94286
261,0.507151,"Dosso",1,154841
261,0.507151,"Dosso",1,63395
261,0.507151,"Dosso",1,66140
261,0.507151,"Dosso",1,164778
261,0.507151,"Dosso",1,-1086
261,0.507151,"Dosso",1,57104
261,0.507151,"Dosso",1,203660
261,0.507151,"Dosso",1,23441
261,0.507151,"Dosso",1,92218
261,0.507151,"Dosso",1,86119
261,0.507151,"Dosso",1,34856
261,0.507151,"Dosso",1,64875
261,0.507151,"Dosso",1,71719
261,0.507151,"Dosso",1,47837
261,0.507151,"Dosso",1,348026
261,0.507151,"Dosso",1,165879
261,0.507151,"Dosso",1,51310
261,0.507151,"Dosso",1,-39089
261,0.507151,"Dosso",1,115907
262,1.259678,"Tahoua",1,20795
262,1.259678,"Tahoua",1,379040
262,1.259678,"Tahoua",1,-6520
262,1.259678,"Tahoua",1,-41758
262,1.259678,"Tahoua",1,-24250
262,1.259678,"Tahoua",1,26192
262,1.259678,"Tahoua",1,84120
262,1.259678,"Tahoua",1,19667
262,1.259678,"Tahoua",1,-67254
262,1.259678,"Tahoua",1,23201
262,1.259678,"Tahoua",1,136351
262,1.259678,"Tahoua",1,97572
262,1.259678,"Tahoua",1,-9246
262,1.259678,"Tahoua",1,-27259
262,1.259678,"Tahoua",1,36132
262,1.259678,"Tahoua",1,-35271
262,1.259678,"Tahoua",1,78632
262,1.259678,"Tahoua",1,-68281
262,1.259678,"Tahoua",1,65513
262,1.259678,"Tahoua",1,137733
262,1.259678,"Tahoua",1,49930
262,1.259678,"Tahoua",1,59570
263,1.317531,"Maradi",0,-40470
263,1.317531,"Maradi",0,-61622
263,1.317531,"Maradi",0,-59022
263,1.317531,"Maradi",0,37548
263,1.317531,"Maradi",0,-55241
263,1.317531,"Maradi",0,-41269
263,1.317531,"Maradi",0,-53140
263,1.317531,"Maradi",0,-49148
263,1.317531,"Maradi",0,-57879
263,1.317531,"Maradi",0,-44099
263,1.317531,"Maradi",0,-59838
263,1.317531,"Maradi",0,-62788
263,1.317531,"Maradi",0,-47629
263,1.317531,"Maradi",0,-52888
263,1.317531,"Maradi",0,-48821
263,1.317531,"Maradi",0,-58651
263,1.317531,"Maradi",0,-58858
263,1.317531,"Maradi",0,-65759
263,1.317531,"Maradi",0,-54108
263,1.317531,"Maradi",0,-60213
263,1.317531,"Maradi",0,-58026
263,1.317531,"Maradi",0,-45859
263,1.317531,"Maradi",0,-55662
263,1.317531,"Maradi",0,-44549
264,1.05902,"Zinder",0,-63426
264,1.05902,"Zinder",0,-54581
264,1.05902,"Zinder",0,-51390
264,1.05902,"Zinder",0,-55237
264,1.05902,"Zinder",0,-61117
264,1.05902,"Zinder",0,-59654
264,1.05902,"Zinder",0,-62316
264,1.05902,"Zinder",0,-65770
264,1.05902,"Zinder",0,-64893
264,1.05902,"Zinder",0,-61865
264,1.05902,"Zinder",0,-64065
264,1.05902,"Zinder",0,-64888
264,1.05902,"Zinder",0,-65750
264,1.05902,"Zinder",0,-64245
264,1.05902,"Zinder",0,-63335
264,1.05902,"Zinder",0,-60668
264,1.05902,"Zinder",0,-57693
264,1.05902,"Zinder",0,-66879
264,1.05902,"Zinder",0,-55568
264,1.05902,"Zinder",0,-48756
264,1.05902,"Zinder",0,-59222
264,1.05902,"Zinder",0,-61029
264,1.05902,"Zinder",0,-58913
264,1.05902,"Zinder",0,-61673
265,1.256314,"Zinder",0,-45844
265,1.256314,"Zinder",0,-37804
265,1.256314,"Zinder",0,-60850
265,1.256314,"Zinder",0,-60970
265,1.256314,"Zinder",0,-56836
265,1.256314,"Zinder",0,-52630
265,1.256314,"Zinder",0,-63100
265,1.256314,"Zinder",0,-58376
265,1.256314,"Zinder",0,-58930
265,1.256314,"Zinder",0,-62205
265,1.256314,"Zinder",0,-60573
265,1.256314,"Zinder",0,-43076
265,1.256314,"Zinder",0,-12129
265,1.256314,"Zinder",0,-61112
265,1.256314,"Zinder",0,-61653
265,1.256314,"Zinder",0,-54601
265,1.256314,"Zinder",0,-30932
265,1.256314,"Zinder",0,-62205
265,1.256314,"Zinder",0,-53122
265,1.256314,"Zinder",0,-64178
265,1.256314,"Zinder",0,-61001
265,1.256314,"Zinder",0,-60690
266,1.224884,"Zinder",0,-58253
266,1.224884,"Zinder",0,-54222
266,1.224884,"Zinder",0,-43483
266,1.224884,"Zinder",0,-62201
266,1.224884,"Zinder",0,-56906
266,1.224884,"Zinder",0,-61950
266,1.224884,"Zinder",0,-42890
266,1.224884,"Zinder",0,-55253
266,1.224884,"Zinder",0,-53805
266,1.224884,"Zinder",0,-57398
266,1.224884,"Zinder",0,-54305
266,1.224884,"Zinder",0,-40765
266,1.224884,"Zinder",0,-56073
266,1.224884,"Zinder",0,-61131
266,1.224884,"Zinder",0,-61185
266,1.224884,"Zinder",0,-43520
266,1.224884,"Zinder",0,-64635
266,1.224884,"Zinder",0,-63685
266,1.224884,"Zinder",0,-52441
266,1.224884,"Zinder",0,-62091
266,1.224884,"Zinder",0,-60295
266,1.224884,"Zinder",0,-58537
266,1.224884,"Zinder",0,-60129
266,1.224884,"Zinder",0,-58357
267,1.032614,"Dosso",0,-27965
267,1.032614,"Dosso",0,-15891
267,1.032614,"Dosso",0,-1901
267,1.032614,"Dosso",0,-39916
267,1.032614,"Dosso",0,-45432
267,1.032614,"Dosso",0,7984
267,1.032614,"Dosso",0,21436
267,1.032614,"Dosso",0,16130
267,1.032614,"Dosso",0,-10931
267,1.032614,"Dosso",0,-503
267,1.032614,"Dosso",0,-974
267,1.032614,"Dosso",0,-25899
267,1.032614,"Dosso",0,16331
267,1.032614,"Dosso",0,50115
267,1.032614,"Dosso",0,-28563
267,1.032614,"Dosso",0,-36747
267,1.032614,"Dosso",0,-45004
267,1.032614,"Dosso",0,344
267,1.032614,"Dosso",0,-38614
267,1.032614,"Dosso",0,-20805
267,1.032614,"Dosso",0,-54266
267,1.032614,"Dosso",0,-43468
267,1.032614,"Dosso",0,-60561
267,1.032614,"Dosso",0,-49673
268,1.360843,"Tahoua",0,-57525
268,1.360843,"Tahoua",0,-48726
268,1.360843,"Tahoua",0,-57078
268,1.360843,"Tahoua",0,-61383
268,1.360843,"Tahoua",0,-49161
268,1.360843,"Tahoua",0,-54396
268,1.360843,"Tahoua",0,-51242
268,1.360843,"Tahoua",0,-53339
268,1.360843,"Tahoua",0,-45175
268,1.360843,"Tahoua",0,-57901
268,1.360843,"Tahoua",0,-43975
268,1.360843,"Tahoua",0,-50012
268,1.360843,"Tahoua",0,-27804
268,1.360843,"Tahoua",0,-56618
268,1.360843,"Tahoua",0,-42085
268,1.360843,"Tahoua",0,-51340
268,1.360843,"Tahoua",0,-52858
268,1.360843,"Tahoua",0,-56852
268,1.360843,"Tahoua",0,-55032
268,1.360843,"Tahoua",0,-56236
268,1.360843,"Tahoua",0,-54371
268,1.360843,"Tahoua",0,-28859
268,1.360843,"Tahoua",0,-52856
268,1.360843,"Tahoua",0,-48003
268,1.360843,"Tahoua",0,-46686
269,1.234385,"Zinder",0,-59484
269,1.234385,"Zinder",0,-60520
269,1.234385,"Zinder",0,-65847
269,1.234385,"Zinder",0,-37014
269,1.234385,"Zinder",0,-63145
269,1.234385,"Zinder",0,-60129
269,1.234385,"Zinder",0,-59488
269,1.234385,"Zinder",0,-48779
269,1.234385,"Zinder",0,-63134
269,1.234385,"Zinder",0,-59104
269,1.234385,"Zinder",0,-61666
270,1.296647,"Zinder",0,119294
270,1.296647,"Zinder",0,-58837
270,1.296647,"Zinder",0,-19139
270,1.296647,"Zinder",0,38840
270,1.296647,"Zinder",0,1830
270,1.296647,"Zinder",0,58887
270,1.296647,"Zinder",0,28973
270,1.296647,"Zinder",0,-61685
270,1.296647,"Zinder",0,-13865
270,1.296647,"Zinder",0,72225
270,1.296647,"Zinder",0,32827
270,1.296647,"Zinder",0,-2543
270,1.296647,"Zinder",0,-5268
270,1.296647,"Zinder",0,-37003
270,1.296647,"Zinder",0,-40922
270,1.296647,"Zinder",0,36420
270,1.296647,"Zinder",0,-56581
270,1.296647,"Zinder",0,-806
270,1.296647,"Zinder",0,-14877
270,1.296647,"Zinder",0,-25301
270,1.296647,"Zinder",0,-27737
271,1.250986,"Tillaberi",0,-57445
271,1.250986,"Tillaberi",0,-17047
271,1.250986,"Tillaberi",0,-56999
271,1.250986,"Tillaberi",0,-56720
271,1.250986,"Tillaberi",0,-62178
271,1.250986,"Tillaberi",0,-61204
271,1.250986,"Tillaberi",0,-56062
271,1.250986,"Tillaberi",0,-51218
271,1.250986,"Tillaberi",0,-57308
271,1.250986,"Tillaberi",0,-53386
271,1.250986,"Tillaberi",0,-55818
271,1.250986,"Tillaberi",0,-12452
271,1.250986,"Tillaberi",0,-5918
271,1.250986,"Tillaberi",0,-54613
271,1.250986,"Tillaberi",0,-51461
271,1.250986,"Tillaberi",0,-55930
271,1.250986,"Tillaberi",0,-60382
271,1.250986,"Tillaberi",0,-58390
272,0.301525,"Diffa",0,-56875
272,0.301525,"Diffa",0,-44317
272,0.301525,"Diffa",0,-51771
272,0.301525,"Diffa",0,71465
272,0.301525,"Diffa",0,-41519
272,0.301525,"Diffa",0,8063
272,0.301525,"Diffa",0,17549
272,0.301525,"Diffa",0,-21105
272,0.301525,"Diffa",0,-47746
272,0.301525,"Diffa",0,-22597
272,0.301525,"Diffa",0,-46753
272,0.301525,"Diffa",0,-32752
272,0.301525,"Diffa",0,-48992
272,0.301525,"Diffa",0,-53558
272,0.301525,"Diffa",0,-57955
272,0.301525,"Diffa",0,-44385
272,0.301525,"Diffa",0,-61665
272,0.301525,"Diffa",0,-55236
272,0.301525,"Diffa",0,7564
272,0.301525,"Diffa",0,-41052
272,0.301525,"Diffa",0,-57447
272,0.301525,"Diffa",0,-55790
272,0.301525,"Diffa",0,-2412
272,0.301525,"Diffa",0,39691
272,0.301525,"Diffa",0,-36273
273,0.843421,"Niamey",1,172489
273,0.843421,"Niamey",1,142553
273,0.843421,"Niamey",1,63430
273,0.843421,"Niamey",1,195638
273,0.843421,"Niamey",1,-22038
273,0.843421,"Niamey",1,100916
273,0.843421,"Niamey",1,129580
273,0.843421,"Niamey",1,142330
273,0.843421,"Niamey",1,321327
273,0.843421,"Niamey",1,314962
273,0.843421,"Niamey",1,188811
273,0.843421,"Niamey",1,129709
273,0.843421,"Niamey",1,217347
273,0.843421,"Niamey",1,7912
273,0.843421,"Niamey",1,131433
273,0.843421,"Niamey",1,198733
273,0.843421,"Niamey",1,202159
273,0.843421,"Niamey",1,129580
273,0.843421,"Niamey",1,161546
273,0.843421,"Niamey",1,249739
273,0.843421,"Niamey",1,163193
273,0.843421,"Niamey",1,217922
273,0.843421,"Niamey",1,85699
274,0.52879,"Maradi",1,272061
274,0.52879,"Maradi",1,121005
274,0.52879,"Maradi",1,206124
274,0.52879,"Maradi",1,113573
274,0.52879,"Maradi",1,199889
274,0.52879,"Maradi",1,85524
274,0.52879,"Maradi",1,103153
274,0.52879,"Maradi",1,158501
274,0.52879,"Maradi",1,262191
274,0.52879,"Maradi",1,12764
274,0.52879,"Maradi",1,93555
274,0.52879,"Maradi",1,17337
274,0.52879,"Maradi",1,92497
274,0.52879,"Maradi",1,62507
274,0.52879,"Maradi",1,330715
274,0.52879,"Maradi",1,397010
274,0.52879,"Maradi",1,139876
274,0.52879,"Maradi",1,132824
274,0.52879,"Maradi",1,440115
274,0.52879,"Maradi",1,171813
274,0.52879,"Maradi",1,140263
274,0.52879,"Maradi",1,94474
274,0.52879,"Maradi",1,119224
274,0.52879,"Maradi",1,35668
275,0.292538,"Niamey",1,369973
275,0.292538,"Niamey",1,171667
275,0.292538,"Niamey",1,412864
275,0.292538,"Niamey",1,457033
275,0.292538,"Niamey",1,383662
275,0.292538,"Niamey",1,379731
275,0.292538,"Niamey",1,451473
275,0.292538,"Niamey",1,401844
275,0.292538,"Niamey",1,380764
275,0.292538,"Niamey",1,425607
275,0.292538,"Niamey",1,446434
275,0.292538,"Niamey",1,373870
275,0.292538,"Niamey",1,401550
275,0.292538,"Niamey",1,394908
275,0.292538,"Niamey",1,455912
275,0.292538,"Niamey",1,151965
275,0.292538,"Niamey",1,352930
275,0.292538,"Niamey",1,409021
275,0.292538,"Niamey",1,477011
276,0.81419,"Tillaberi",0,-53865
276,0.81419,"Tillaberi",0,38186
276,0.81419,"Tillaberi",0,-49519
276,0.81419,"Tillaberi",0,-23777
276,0.81419,"Tillaberi",0,16339
276,0.81419,"Tillaberi",0,5867
276,0.81419,"Tillaberi",0,-15489
276,0.81419,"Tillaberi",0,-59492
276,0.81419,"Tillaberi",0,-34761
276,0.81419,"Tillaberi",0,-49265
276,0.81419,"Tillaberi",0,79853
276,0.81419,"Tillaberi",0,-32475
276,0.81419,"Tillaberi",0,-48159
276,0.81419,"Tillaberi",0,1029
276,0.81419,"Tillaberi",0,-54942
276,0.81419,"Tillaberi",0,-53016
276,0.81419,"Tillaberi",0,-25695
276,0.81419,"Tillaberi",0,-47653
276,0.81419,"Tillaberi",0,-40064
276,0.81419,"Tillaberi",0,26695
276,0.81419,"Tillaberi",0,-43992
276,0.81419,"Tillaberi",0,-7118
276,0.81419,"Tillaberi",0,-57718
276,0.81419,"Tillaberi",0,-42183
276,0.81419,"Tillaberi",0,21658
277,0.836496,"Maradi",1,-21934
277,0.836496,"Maradi",1,-56991
277,0.836496,"Maradi",1,-44483
277,0.836496,"Maradi",1,361037
277,0.836496,"Maradi",1,-17405
277,0.836496,"Maradi",1,54642
277,0.836496,"Maradi",1,88238
277,0.836496,"Maradi",1,69589
277,0.836496,"Maradi",1,70310
277,0.836496,"Maradi",1,17384
277,0.836496,"Maradi",1,121969
277,0.836496,"Maradi",1,198765
277,0.836496,"Maradi",1,-9123
277,0.836496,"Maradi",1,5922
277,0.836496,"Maradi",1,190508
277,0.836496,"Maradi",1,215542
277,0.836496,"Maradi",1,-19217
277,0.836496,"Maradi",1,68609
277,0.836496,"Maradi",1,281482
277,0.836496,"Maradi",1,180
277,0.836496,"Maradi",1,79792
277,0.836496,"Maradi",1,383215
277,0.836496,"Maradi",1,150898
278,1.400238,"Zinder",0,-60263
278,1.400238,"Zinder",0,-60256
278,1.400238,"Zinder",0,-55151
278,1.400238,"Zinder",0,-62178
278,1.400238,"Zinder",0,-42049
278,1.400238,"Zinder",0,-58770
278,1.400238,"Zinder",0,-56130
278,1.400238,"Zinder",0,-57704
278,1.400238,"Zinder",0,-51481
278,1.400238,"Zinder",0,-57482
278,1.400238,"Zinder",0,-66226
278,1.400238,"Zinder",0,-68204
278,1.400238,"Zinder",0,-66266
278,1.400238,"Zinder",0,-61463
278,1.400238,"Zinder",0,-67688
278,1.400238,"Zinder",0,-62192
278,1.400238,"Zinder",0,-54285
278,1.400238,"Zinder",0,-68128
278,1.400238,"Zinder",0,-51743
278,1.400238,"Zinder",0,-59732
278,1.400238,"Zinder",0,-63100
278,1.400238,"Zinder",0,-54895
278,1.400238,"Zinder",0,-57098
279,2.809283,"Zinder",0,-54625
279,2.809283,"Zinder",0,-59645
279,2.809283,"Zinder",0,-58533
279,2.809283,"Zinder",0,-59293
279,2.809283,"Zinder",0,-55898
279,2.809283,"Zinder",0,-48032
279,2.809283,"Zinder",0,-60755
279,2.809283,"Zinder",0,-67132
279,2.809283,"Zinder",0,-58945
279,2.809283,"Zinder",0,-41349
279,2.809283,"Zinder",0,-41886
279,2.809283,"Zinder",0,-56205
279,2.809283,"Zinder",0,-46888
279,2.809283,"Zinder",0,-28778
279,2.809283,"Zinder",0,-39967
279,2.809283,"Zinder",0,-55485
279,2.809283,"Zinder",0,-52137
279,2.809283,"Zinder",0,-55855
280,0.715057,"Tahoua",0,-48959
280,0.715057,"Tahoua",0,-42327
280,0.715057,"Tahoua",0,-62819
280,0.715057,"Tahoua",0,-54803
280,0.715057,"Tahoua",0,-61875
280,0.715057,"Tahoua",0,-64166
280,0.715057,"Tahoua",0,-52153
280,0.715057,"Tahoua",0,-54791
280,0.715057,"Tahoua",0,-51513
280,0.715057,"Tahoua",0,-56330
280,0.715057,"Tahoua",0,-54743
280,0.715057,"Tahoua",0,-53417
280,0.715057,"Tahoua",0,-53474
280,0.715057,"Tahoua",0,-59159
280,0.715057,"Tahoua",0,-53715
280,0.715057,"Tahoua",0,-60059
280,0.715057,"Tahoua",0,-59026
280,0.715057,"Tahoua",0,-47424
280,0.715057,"Tahoua",0,-57925
280,0.715057,"Tahoua",0,-41328
280,0.715057,"Tahoua",0,-64859
280,0.715057,"Tahoua",0,-60796
280,0.715057,"Tahoua",0,-56735
280,0.715057,"Tahoua",0,-58311
280,0.715057,"Tahoua",0,-51527
281,1.386029,"Zinder",0,-54296
281,1.386029,"Zinder",0,-56036
281,1.386029,"Zinder",0,-55565
281,1.386029,"Zinder",0,-62290
281,1.386029,"Zinder",0,-62211
281,1.386029,"Zinder",0,-61393
281,1.386029,"Zinder",0,-51073
281,1.386029,"Zinder",0,-63903
281,1.386029,"Zinder",0,-57372
281,1.386029,"Zinder",0,-59540
281,1.386029,"Zinder",0,-58003
281,1.386029,"Zinder",0,-56955
281,1.386029,"Zinder",0,-54781
281,1.386029,"Zinder",0,-53868
281,1.386029,"Zinder",0,-25986
281,1.386029,"Zinder",0,-61132
281,1.386029,"Zinder",0,-51510
281,1.386029,"Zinder",0,-56398
281,1.386029,"Zinder",0,-63495
281,1.386029,"Zinder",0,-61482
282,1.60564,"Zinder",0,-22607
282,1.60564,"Zinder",0,-33520
282,1.60564,"Zinder",0,-36591
282,1.60564,"Zinder",0,-64548
282,1.60564,"Zinder",0,-39643
282,1.60564,"Zinder",0,36841
282,1.60564,"Zinder",0,-43943
282,1.60564,"Zinder",0,-8946
282,1.60564,"Zinder",0,-12353
282,1.60564,"Zinder",0,44539
282,1.60564,"Zinder",0,-47542
282,1.60564,"Zinder",0,-5533
282,1.60564,"Zinder",0,-55348
282,1.60564,"Zinder",0,-48551
282,1.60564,"Zinder",0,-54108
282,1.60564,"Zinder",0,-6537
282,1.60564,"Zinder",0,-54930
282,1.60564,"Zinder",0,-30091
282,1.60564,"Zinder",0,-55098
282,1.60564,"Zinder",0,-29561
282,1.60564,"Zinder",0,-11228
282,1.60564,"Zinder",0,-45272
282,1.60564,"Zinder",0,-37591
282,1.60564,"Zinder",0,-33422
282,1.60564,"Zinder",0,-54861
283,0.190891,"Agadez",1,91023
283,0.190891,"Agadez",1,32836
283,0.190891,"Agadez",1,109297
283,0.190891,"Agadez",1,30056
283,0.190891,"Agadez",1,31605
283,0.190891,"Agadez",1,66194
283,0.190891,"Agadez",1,95442
283,0.190891,"Agadez",1,398098
283,0.190891,"Agadez",1,105648
283,0.190891,"Agadez",1,147174
283,0.190891,"Agadez",1,173358
283,0.190891,"Agadez",1,121695
283,0.190891,"Agadez",1,56680
283,0.190891,"Agadez",1,129294
283,0.190891,"Agadez",1,13484
283,0.190891,"Agadez",1,209750
283,0.190891,"Agadez",1,245228
283,0.190891,"Agadez",1,90311
283,0.190891,"Agadez",1,19046
283,0.190891,"Agadez",1,138801
283,0.190891,"Agadez",1,130115
284,0.771648,"Dosso",0,-61234
284,0.771648,"Dosso",0,-53950
284,0.771648,"Dosso",0,-44525
284,0.771648,"Dosso",0,-54551
284,0.771648,"Dosso",0,-51298
284,0.771648,"Dosso",0,-52686
284,0.771648,"Dosso",0,-53791
284,0.771648,"Dosso",0,-60497
284,0.771648,"Dosso",0,-53776
284,0.771648,"Dosso",0,17204
284,0.771648,"Dosso",0,-55221
284,0.771648,"Dosso",0,-53271
284,0.771648,"Dosso",0,-50971
284,0.771648,"Dosso",0,-48710
284,0.771648,"Dosso",0,-53481
284,0.771648,"Dosso",0,-60565
284,0.771648,"Dosso",0,-47422
284,0.771648,"Dosso",0,-55053
284,0.771648,"Dosso",0,-59026
284,0.771648,"Dosso",0,-55815
284,0.771648,"Dosso",0,-50713
284,0.771648,"Dosso",0,-61845
284,0.771648,"Dosso",0,-56950
285,0.378725,"Niamey",1,262835
285,0.378725,"Niamey",1,287933
285,0.378725,"Niamey",1,198733
285,0.378725,"Niamey",1,46024
285,0.378725,"Niamey",1,149146
285,0.378725,"Niamey",1,247955
285,0.378725,"Niamey",1,250727
285,0.378725,"Niamey",1,191033
285,0.378725,"Niamey",1,79095
285,0.378725,"Niamey",1,210718
285,0.378725,"Niamey",1,70340
285,0.378725,"Niamey",1,266033
285,0.378725,"Niamey",1,162974
285,0.378725,"Niamey",1,-29416
285,0.378725,"Niamey",1,135993
285,0.378725,"Niamey",1,216061
285,0.378725,"Niamey",1,186752
285,0.378725,"Niamey",1,141224
285,0.378725,"Niamey",1,142694
285,0.378725,"Niamey",1,165257
285,0.378725,"Niamey",1,92247
285,0.378725,"Niamey",1,105240
285,0.378725,"Niamey",1,228197
286,1.599575,"Tahoua",0,-57526
286,1.599575,"Tahoua",0,-65801
286,1.599575,"Tahoua",0,-58882
286,1.599575,"Tahoua",0,-51144
286,1.599575,"Tahoua",0,-62553
286,1.599575,"Tahoua",0,-51368
286,1.599575,"Tahoua",0,-58841
286,1.599575,"Tahoua",0,-66704
286,1.599575,"Tahoua",0,-48123
286,1.599575,"Tahoua",0,-61915
286,1.599575,"Tahoua",0,-54657
286,1.599575,"Tahoua",0,-53710
286,1.599575,"Tahoua",0,-53363
286,1.599575,"Tahoua",0,-48759
286,1.599575,"Tahoua",0,-41002
286,1.599575,"Tahoua",0,-65263
286,1.599575,"Tahoua",0,-56526
286,1.599575,"Tahoua",0,-51447
286,1.599575,"Tahoua",0,-50032
286,1.599575,"Tahoua",0,-65216
286,1.599575,"Tahoua",0,-58703
286,1.599575,"Tahoua",0,-42746
286,1.599575,"Tahoua",0,-59939
286,1.599575,"Tahoua",0,-39383
286,1.599575,"Tahoua",0,-56471
287,1.79786,"Zinder",0,-59845
287,1.79786,"Zinder",0,-29943
287,1.79786,"Zinder",0,-53635
287,1.79786,"Zinder",0,-58605
287,1.79786,"Zinder",0,-49833
287,1.79786,"Zinder",0,-57136
287,1.79786,"Zinder",0,-56425
287,1.79786,"Zinder",0,-58942
287,1.79786,"Zinder",0,-53617
287,1.79786,"Zinder",0,-53311
287,1.79786,"Zinder",0,-55815
287,1.79786,"Zinder",0,-62733
287,1.79786,"Zinder",0,-27387
287,1.79786,"Zinder",0,-69893
288,1.039488,"Maradi",0,-53555
288,1.039488,"Maradi",0,-52081
288,1.039488,"Maradi",0,-58586
288,1.039488,"Maradi",0,-50556
288,1.039488,"Maradi",0,-45512
288,1.039488,"Maradi",0,-43694
288,1.039488,"Maradi",0,-61188
288,1.039488,"Maradi",0,-64821
288,1.039488,"Maradi",0,-57216
288,1.039488,"Maradi",0,-27263
288,1.039488,"Maradi",0,-61902
288,1.039488,"Maradi",0,-48423
288,1.039488,"Maradi",0,34119
288,1.039488,"Maradi",0,-20619
288,1.039488,"Maradi",0,-53130
288,1.039488,"Maradi",0,-62695
288,1.039488,"Maradi",0,-45070
288,1.039488,"Maradi",0,-60317
288,1.039488,"Maradi",0,-50002
288,1.039488,"Maradi",0,-56641
288,1.039488,"Maradi",0,-53471
288,1.039488,"Maradi",0,-53861
288,1.039488,"Maradi",0,-61871
288,1.039488,"Maradi",0,-40935
289,0.608716,"Zinder",1,22376
289,0.608716,"Zinder",1,163736
289,0.608716,"Zinder",1,14988
289,0.608716,"Zinder",1,59952
289,0.608716,"Zinder",1,79530
289,0.608716,"Zinder",1,106366
289,0.608716,"Zinder",1,71287
289,0.608716,"Zinder",1,129642
289,0.608716,"Zinder",1,367476
289,0.608716,"Zinder",1,60851
289,0.608716,"Zinder",1,-30849
289,0.608716,"Zinder",1,-28663
289,0.608716,"Zinder",1,-8340
289,0.608716,"Zinder",1,156233
289,0.608716,"Zinder",1,20284
289,0.608716,"Zinder",1,-29453
289,0.608716,"Zinder",1,-44406
289,0.608716,"Zinder",1,71181
289,0.608716,"Zinder",1,-36351
289,0.608716,"Zinder",1,-41826
289,0.608716,"Zinder",1,-22695
289,0.608716,"Zinder",1,176657
289,0.608716,"Zinder",1,-56169
290,0.136256,"Agadez",1,22892
290,0.136256,"Agadez",1,175640
290,0.136256,"Agadez",1,122831
290,0.136256,"Agadez",1,76288
290,0.136256,"Agadez",1,189957
290,0.136256,"Agadez",1,122733
290,0.136256,"Agadez",1,163612
290,0.136256,"Agadez",1,72249
290,0.136256,"Agadez",1,163215
290,0.136256,"Agadez",1,135081
290,0.136256,"Agadez",1,18897
290,0.136256,"Agadez",1,16607
290,0.136256,"Agadez",1,90725
290,0.136256,"Agadez",1,122129
290,0.136256,"Agadez",1,144671
290,0.136256,"Agadez",1,149196
290,0.136256,"Agadez",1,199105
290,0.136256,"Agadez",1,164237
290,0.136256,"Agadez",1,157279
290,0.136256,"Agadez",1,147933
290,0.136256,"Agadez",1,73911
290,0.136256,"Agadez",1,74989
291,0.708656,"Dosso",0,-62919
291,0.708656,"Dosso",0,-62738
291,0.708656,"Dosso",0,-60896
291,0.708656,"Dosso",0,-55293
291,0.708656,"Dosso",0,-49962
291,0.708656,"Dosso",0,-55748
291,0.708656,"Dosso",0,-64398
291,0.708656,"Dosso",0,-54855
291,0.708656,"Dosso",0,-65886
291,0.708656,"Dosso",0,-57728
291,0.708656,"Dosso",0,-59845
291,0.708656,"Dosso",0,-47842
291,0.708656,"Dosso",0,-64196
291,0.708656,"Dosso",0,-45637
291,0.708656,"Dosso",0,-46699
291,0.708656,"Dosso",0,-44320
291,0.708656,"Dosso",0,-40029
291,0.708656,"Dosso",0,-54651
291,0.708656,"Dosso",0,-59034
291,0.708656,"Dosso",0,-57226
291,0.708656,"Dosso",0,-49969
291,0.708656,"Dosso",0,-57055
291,0.708656,"Dosso",0,-55266
291,0.708656,"Dosso",0,-54927
292,1.670896,"Maradi",0,-60004
292,1.670896,"Maradi",0,-46686
292,1.670896,"Maradi",0,-10698
292,1.670896,"Maradi",0,-24807
292,1.670896,"Maradi",0,-26293
292,1.670896,"Maradi",0,-55600
292,1.670896,"Maradi",0,-15234
292,1.670896,"Maradi",0,-32141
292,1.670896,"Maradi",0,-8805
292,1.670896,"Maradi",0,-60663
292,1.670896,"Maradi",0,-65288
292,1.670896,"Maradi",0,6541
292,1.670896,"Maradi",0,10732
292,1.670896,"Maradi",0,-15737
292,1.670896,"Maradi",0,29562
292,1.670896,"Maradi",0,776
292,1.670896,"Maradi",0,-38147
292,1.670896,"Maradi",0,-45127
292,1.670896,"Maradi",0,76522
292,1.670896,"Maradi",0,9562
292,1.670896,"Maradi",0,110171
292,1.670896,"Maradi",0,-27692
292,1.670896,"Maradi",0,-9596
292,1.670896,"Maradi",0,-27266
292,1.670896,"Maradi",0,16513
293,0.901624,"Dosso",0,-52759
293,0.901624,"Dosso",0,-51298
293,0.901624,"Dosso",0,-53583
293,0.901624,"Dosso",0,-60935
293,0.901624,"Dosso",0,-50349
293,0.901624,"Dosso",0,-58932
293,0.901624,"Dosso",0,-62563
293,0.901624,"Dosso",0,-48633
293,0.901624,"Dosso",0,-62197
293,0.901624,"Dosso",0,-53705
293,0.901624,"Dosso",0,-52320
293,0.901624,"Dosso",0,-57781
293,0.901624,"Dosso",0,-52351
293,0.901624,"Dosso",0,-55845
293,0.901624,"Dosso",0,-57391
293,0.901624,"Dosso",0,-58936
293,0.901624,"Dosso",0,-61083
293,0.901624,"Dosso",0,-59028
293,0.901624,"Dosso",0,-56598
293,0.901624,"Dosso",0,-61591
293,0.901624,"Dosso",0,-59371
293,0.901624,"Dosso",0,-31529
294,0.552576,"Niamey",1,3293
294,0.552576,"Niamey",1,4375
294,0.552576,"Niamey",1,75070
294,0.552576,"Niamey",1,153789
294,0.552576,"Niamey",1,-5148
294,0.552576,"Niamey",1,142514
294,0.552576,"Niamey",1,6403
294,0.552576,"Niamey",1,309065
294,0.552576,"Niamey",1,124805
294,0.552576,"Niamey",1,263020
294,0.552576,"Niamey",1,215257
294,0.552576,"Niamey",1,69174
294,0.552576,"Niamey",1,215448
294,0.552576,"Niamey",1,-27637
294,0.552576,"Niamey",1,-16352
294,0.552576,"Niamey",1,-21362
294,0.552576,"Niamey",1,81876
294,0.552576,"Niamey",1,9500
294,0.552576,"Niamey",1,51385
294,0.552576,"Niamey",1,103373
294,0.552576,"Niamey",1,256547
295,0.285611,"Diffa",1,86420
295,0.285611,"Diffa",1,54983
295,0.285611,"Diffa",1,101116
295,0.285611,"Diffa",1,-5269
295,0.285611,"Diffa",1,-13460
295,0.285611,"Diffa",1,18703
295,0.285611,"Diffa",1,436948
295,0.285611,"Diffa",1,228174
295,0.285611,"Diffa",1,151769
295,0.285611,"Diffa",1,282566
295,0.285611,"Diffa",1,213825
295,0.285611,"Diffa",1,340000
295,0.285611,"Diffa",1,187475
295,0.285611,"Diffa",1,-764
295,0.285611,"Diffa",1,219187
295,0.285611,"Diffa",1,118521
295,0.285611,"Diffa",1,1128
295,0.285611,"Diffa",1,125761
295,0.285611,"Diffa",1,140912
295,0.285611,"Diffa",1,153280
296,1.575608,"Zinder",0,-55245
296,1.575608,"Zinder",0,-56752
296,1.575608,"Zinder",0,-55251
296,1.575608,"Zinder",0,-55023
296,1.575608,"Zinder",0,-52300
296,1.575608,"Zinder",0,-58635
296,1.575608,"Zinder",0,-54183
296,1.575608,"Zinder",0,-54127
296,1.575608,"Zinder",0,-34482
296,1.575608,"Zinder",0,-32034
296,1.575608,"Zinder",0,-42456
296,1.575608,"Zinder",0,-26921
296,1.575608,"Zinder",0,-50530
296,1.575608,"Zinder",0,-851
296,1.575608,"Zinder",0,-39026
296,1.575608,"Zinder",0,-28813
296,1.575608,"Zinder",0,-50671
296,1.575608,"Zinder",0,-56220
296,1.575608,"Zinder",0,-55806
296,1.575608,"Zinder",0,-36757
296,1.575608,"Zinder",0,-53925
296,1.575608,"Zinder",0,-43549
297,0.307799,"Diffa",1,104567
297,0.307799,"Diffa",1,20356
297,0.307799,"Diffa",1,7960
297,0.307799,"Diffa",1,-5929
297,0.307799,"Diffa",1,114888
297,0.307799,"Diffa",1,14908
297,0.307799,"Diffa",1,70710
297,0.307799,"Diffa",1,-51941
297,0.307799,"Diffa",1,23494
297,0.307799,"Diffa",1,18151
297,0.307799,"Diffa",1,41128
297,0.307799,"Diffa",1,47483
297,0.307799,"Diffa",1,101862
297,0.307799,"Diffa",1,65970
297,0.307799,"Diffa",1,-51828
297,0.307799,"Diffa",1,92347
297,0.307799,"Diffa",1,27966
298,0.260909,"Diffa",0,-56391
298,0.260909,"Diffa",0,-66308
298,0.260909,"Diffa",0,-59976
298,0.260909,"Diffa",0,-53068
298,0.260909,"Diffa",0,-60842
298,0.260909,"Diffa",0,-60601
298,0.260909,"Diffa",0,-47339
298,0.260909,"Diffa",0,-56730
298,0.260909,"Diffa",0,-54093
298,0.260909,"Diffa",0,-57068
298,0.260909,"Diffa",0,-59370
298,0.260909,"Diffa",0,-56131
298,0.260909,"Diffa",0,-57023
298,0.260909,"Diffa",0,-58507
298,0.260909,"Diffa",0,-61334
298,0.260909,"Diffa",0,-14962
298,0.260909,"Diffa",0,-56538
298,0.260909,"Diffa",0,-54156
298,0.260909,"Diffa",0,-32332
298,0.260909,"Diffa",0,-60760
298,0.260909,"Diffa",0,-53448
298,0.260909,"Diffa",0,-54446
298,0.260909,"Diffa",0,-61407
298,0.260909,"Diffa",0,-45230
299,0.350989,"Diffa",0,-22266
299,0.350989,"Diffa",0,14301
299,0.350989,"Diffa",0,-306
299,0.350989,"Diffa",0,13882
299,0.350989,"Diffa",0,30278
299,0.350989,"Diffa",0,-28995
299,0.350989,"Diffa",0,13882
299,0.350989,"Diffa",0,-50693
299,0.350989,"Diffa",0,-21828
299,0.350989,"Diffa",0,-15543
299,0.350989,"Diffa",0,-40711
299,0.350989,"Diffa",0,94312
299,0.350989,"Diffa",0,-49873
299,0.350989,"Diffa",0,-48798
299,0.350989,"Diffa",0,13534
299,0.350989,"Diffa",0,35711
299,0.350989,"Diffa",0,18111
299,0.350989,"Diffa",0,-55233
300,1.185391,"Maradi",0,-59461
300,1.185391,"Maradi",0,-57504
300,1.185391,"Maradi",0,-51334
300,1.185391,"Maradi",0,-64705
300,1.185391,"Maradi",0,-45863
300,1.185391,"Maradi",0,-54218
300,1.185391,"Maradi",0,-49372
300,1.185391,"Maradi",0,-53575
300,1.185391,"Maradi",0,-57506
300,1.185391,"Maradi",0,-63358
300,1.185391,"Maradi",0,-61004
300,1.185391,"Maradi",0,-63649
300,1.185391,"Maradi",0,-56226
300,1.185391,"Maradi",0,-53147
300,1.185391,"Maradi",0,-30895
300,1.185391,"Maradi",0,-46043
300,1.185391,"Maradi",0,-52039
300,1.185391,"Maradi",0,-53554
300,1.185391,"Maradi",0,-45488
300,1.185391,"Maradi",0,-61678
300,1.185391,"Maradi",0,-39527
300,1.185391,"Maradi",0,-54795
300,1.185391,"Maradi",0,-60587
300,1.185391,"Maradi",0,-59240
301,1.041028,"Tillaberi",0,-57894
301,1.041028,"Tillaberi",0,-58158
301,1.041028,"Tillaberi",0,-57701
301,1.041028,"Tillaberi",0,-64147
301,1.041028,"Tillaberi",0,-41276
301,1.041028,"Tillaberi",0,-60283
301,1.041028,"Tillaberi",0,-59146
301,1.041028,"Tillaberi",0,-53649
301,1.041028,"Tillaberi",0,-56280
301,1.041028,"Tillaberi",0,-22397
301,1.041028,"Tillaberi",0,-57850
301,1.041028,"Tillaberi",0,-62585
301,1.041028,"Tillaberi",0,-55775
301,1.041028,"Tillaberi",0,-51985
301,1.041028,"Tillaberi",0,-59561
301,1.041028,"Tillaberi",0,-37374
301,1.041028,"Tillaberi",0,-36602
301,1.041028,"Tillaberi",0,-60568
301,1.041028,"Tillaberi",0,-21371
301,1.041028,"Tillaberi",0,-34829
302,0.130065,"Zinder",1,332722
302,0.130065,"Zinder",1,40672
302,0.130065,"Zinder",1,40989
302,0.130065,"Zinder",1,105394
302,0.130065,"Zinder",1,113209
302,0.130065,"Zinder",1,100495
302,0.130065,"Zinder",1,422689
302,0.130065,"Zinder",1,225522
302,0.130065,"Zinder",1,426885
302,0.130065,"Zinder",1,215409
302,0.130065,"Zinder",1,435053
302,0.130065,"Zinder",1,36093
302,0.130065,"Zinder",1,-7594
302,0.130065,"Zinder",1,307412
302,0.130065,"Zinder",1,225355
302,0.130065,"Zinder",1,105845
302,0.130065,"Zinder",1,190942
302,0.130065,"Zinder",1,36417
302,0.130065,"Zinder",1,104169
302,0.130065,"Zinder",1,352824
302,0.130065,"Zinder",1,167635
302,0.130065,"Zinder",1,81778
303,0.870075,"Tahoua",0,-52100
303,0.870075,"Tahoua",0,-56205
303,0.870075,"Tahoua",0,-65781
303,0.870075,"Tahoua",0,-56886
303,0.870075,"Tahoua",0,-53085
303,0.870075,"Tahoua",0,-55458
303,0.870075,"Tahoua",0,-72817
303,0.870075,"Tahoua",0,-23636
303,0.870075,"Tahoua",0,-60828
303,0.870075,"Tahoua",0,-70269
303,0.870075,"Tahoua",0,-57599
303,0.870075,"Tahoua",0,-27163
303,0.870075,"Tahoua",0,-60931
303,0.870075,"Tahoua",0,-60831
303,0.870075,"Tahoua",0,-62790
303,0.870075,"Tahoua",0,-57681
303,0.870075,"Tahoua",0,-62405
303,0.870075,"Tahoua",0,-62183
303,0.870075,"Tahoua",0,-58156
303,0.870075,"Tahoua",0,-53441
303,0.870075,"Tahoua",0,-45667
303,0.870075,"Tahoua",0,-55038
303,0.870075,"Tahoua",0,-61470
303,0.870075,"Tahoua",0,-69040
303,0.870075,"Tahoua",0,-33992
304,3.26866,"Tahoua",0,-66254
304,3.26866,"Tahoua",0,-64843
304,3.26866,"Tahoua",0,-66788
304,3.26866,"Tahoua",0,-58542
304,3.26866,"Tahoua",0,-48943
304,3.26866,"Tahoua",0,-62495
304,3.26866,"Tahoua",0,-63821
304,3.26866,"Tahoua",0,-24967
304,3.26866,"Tahoua",0,-57568
304,3.26866,"Tahoua",0,-53513
304,3.26866,"Tahoua",0,-63666
304,3.26866,"Tahoua",0,-63701
304,3.26866,"Tahoua",0,-10271
304,3.26866,"Tahoua",0,-65983
304,3.26866,"Tahoua",0,-66615
304,3.26866,"Tahoua",0,-59910
304,3.26866,"Tahoua",0,-55586
304,3.26866,"Tahoua",0,-61782
304,3.26866,"Tahoua",0,-40211
304,3.26866,"Tahoua",0,-63346
304,3.26866,"Tahoua",0,-36164
304,3.26866,"Tahoua",0,-36526
304,3.26866,"Tahoua",0,-59732
304,3.26866,"Tahoua",0,-57121
304,3.26866,"Tahoua",0,-60747
305,0.432102,"Diffa",0,-35830
305,0.432102,"Diffa",0,-49656
305,0.432102,"Diffa",0,-32417
305,0.432102,"Diffa",0,-52990
305,0.432102,"Diffa",0,-56506
305,0.432102,"Diffa",0,-30799
305,0.432102,"Diffa",0,-39870
305,0.432102,"Diffa",0,-40433
305,0.432102,"Diffa",0,-60846
305,0.432102,"Diffa",0,-63883
305,0.432102,"Diffa",0,-63995
305,0.432102,"Diffa",0,-42315
305,0.432102,"Diffa",0,-55545
305,0.432102,"Diffa",0,-55056
305,0.432102,"Diffa",0,-43951
305,0.432102,"Diffa",0,-62985
305,0.432102,"Diffa",0,-51544
305,0.432102,"Diffa",0,-27873
305,0.432102,"Diffa",0,-38363
305,0.432102,"Diffa",0,-26003
305,0.432102,"Diffa",0,-51134
305,0.432102,"Diffa",0,-37381
305,0.432102,"Diffa",0,-36306
305,0.432102,"Diffa",0,-46647
305,0.432102,"Diffa",0,-47049
306,0.922872,"Zinder",0,-58076
306,0.922872,"Zinder",0,-58146
306,0.922872,"Zinder",0,28407
306,0.922872,"Zinder",0,-45909
306,0.922872,"Zinder",0,121080
306,0.922872,"Zinder",0,-59958
306,0.922872,"Zinder",0,-62505
306,0.922872,"Zinder",0,-61373
306,0.922872,"Zinder",0,-34860
306,0.922872,"Zinder",0,19520
306,0.922872,"Zinder",0,-58897
306,0.922872,"Zinder",0,43696
306,0.922872,"Zinder",0,-58936
306,0.922872,"Zinder",0,-33784
306,0.922872,"Zinder",0,-37424
306,0.922872,"Zinder",0,-38214
306,0.922872,"Zinder",0,-738
306,0.922872,"Zinder",0,-61050
306,0.922872,"Zinder",0,-36874
306,0.922872,"Zinder",0,241564
306,0.922872,"Zinder",0,164689
307,0.744767,"Tahoua",0,-56196
307,0.744767,"Tahoua",0,-59596
307,0.744767,"Tahoua",0,-44081
307,0.744767,"Tahoua",0,-41086
307,0.744767,"Tahoua",0,-30760
307,0.744767,"Tahoua",0,-56835
307,0.744767,"Tahoua",0,-58475
307,0.744767,"Tahoua",0,-61658
307,0.744767,"Tahoua",0,-57795
307,0.744767,"Tahoua",0,-43401
307,0.744767,"Tahoua",0,-34273
307,0.744767,"Tahoua",0,-59615
307,0.744767,"Tahoua",0,-63311
307,0.744767,"Tahoua",0,-59865
307,0.744767,"Tahoua",0,-24100
307,0.744767,"Tahoua",0,-58423
307,0.744767,"Tahoua",0,-59909
307,0.744767,"Tahoua",0,-57750
307,0.744767,"Tahoua",0,-59963
307,0.744767,"Tahoua",0,-61785
307,0.744767,"Tahoua",0,-64252
307,0.744767,"Tahoua",0,-64181
307,0.744767,"Tahoua",0,-56106
307,0.744767,"Tahoua",0,-39242
308,1.884355,"Zinder",0,-63400
308,1.884355,"Zinder",0,-65434
308,1.884355,"Zinder",0,-56315
308,1.884355,"Zinder",0,-62463
308,1.884355,"Zinder",0,-63681
308,1.884355,"Zinder",0,-66089
308,1.884355,"Zinder",0,-62288
308,1.884355,"Zinder",0,-62325
308,1.884355,"Zinder",0,-41946
308,1.884355,"Zinder",0,-61786
308,1.884355,"Zinder",0,-62053
308,1.884355,"Zinder",0,-52531
308,1.884355,"Zinder",0,-55885
308,1.884355,"Zinder",0,-54690
308,1.884355,"Zinder",0,-58392
308,1.884355,"Zinder",0,-57338
308,1.884355,"Zinder",0,-61932
308,1.884355,"Zinder",0,-53727
308,1.884355,"Zinder",0,-46358
308,1.884355,"Zinder",0,-59054
308,1.884355,"Zinder",0,-54503
309,0.871231,"Dosso",0,-13110
309,0.871231,"Dosso",0,-50638
309,0.871231,"Dosso",0,-31344
309,0.871231,"Dosso",0,-16210
309,0.871231,"Dosso",0,-45173
309,0.871231,"Dosso",0,-55616
309,0.871231,"Dosso",0,-19495
309,0.871231,"Dosso",0,-52573
309,0.871231,"Dosso",0,-13157
309,0.871231,"Dosso",0,-42025
309,0.871231,"Dosso",0,-10231
309,0.871231,"Dosso",0,-23530
309,0.871231,"Dosso",0,-27821
309,0.871231,"Dosso",0,-50555
309,0.871231,"Dosso",0,-55140
309,0.871231,"Dosso",0,-55935
309,0.871231,"Dosso",0,-49431
309,0.871231,"Dosso",0,-54335
309,0.871231,"Dosso",0,-40405
309,0.871231,"Dosso",0,-34208
309,0.871231,"Dosso",0,-54135
309,0.871231,"Dosso",0,-49427
309,0.871231,"Dosso",0,-44839
309,0.871231,"Dosso",0,-48637
309,0.871231,"Dosso",0,-12354
310,1.781784,"Zinder",0,-56915
310,1.781784,"Zinder",0,-55746
310,1.781784,"Zinder",0,-66635
310,1.781784,"Zinder",0,-53601
310,1.781784,"Zinder",0,-64518
310,1.781784,"Zinder",0,-62580
310,1.781784,"Zinder",0,-56247
310,1.781784,"Zinder",0,-54086
310,1.781784,"Zinder",0,-61100
310,1.781784,"Zinder",0,-62334
310,1.781784,"Zinder",0,-56801
310,1.781784,"Zinder",0,-58852
310,1.781784,"Zinder",0,-46650
310,1.781784,"Zinder",0,-56310
310,1.781784,"Zinder",0,-59215
310,1.781784,"Zinder",0,-64931
310,1.781784,"Zinder",0,-54086
310,1.781784,"Zinder",0,-64210
310,1.781784,"Zinder",0,-66545
310,1.781784,"Zinder",0,-60386
310,1.781784,"Zinder",0,-67811
310,1.781784,"Zinder",0,-57155
310,1.781784,"Zinder",0,-60016
310,1.781784,"Zinder",0,-18645
311,1.728055,"Tahoua",0,-61083
311,1.728055,"Tahoua",0,-26617
311,1.728055,"Tahoua",0,-48488
311,1.728055,"Tahoua",0,-62840
311,1.728055,"Tahoua",0,-61775
311,1.728055,"Tahoua",0,-19650
311,1.728055,"Tahoua",0,-63088
311,1.728055,"Tahoua",0,-55618
311,1.728055,"Tahoua",0,-60631
311,1.728055,"Tahoua",0,-53649
311,1.728055,"Tahoua",0,-29711
311,1.728055,"Tahoua",0,-53525
311,1.728055,"Tahoua",0,-64416
311,1.728055,"Tahoua",0,-62175
311,1.728055,"Tahoua",0,-33667
311,1.728055,"Tahoua",0,-60375
311,1.728055,"Tahoua",0,-57482
311,1.728055,"Tahoua",0,-41622
311,1.728055,"Tahoua",0,-33595
311,1.728055,"Tahoua",0,-46203
311,1.728055,"Tahoua",0,-55237
311,1.728055,"Tahoua",0,-57768
312,1.825068,"Tahoua",0,-46953
312,1.825068,"Tahoua",0,-61195
312,1.825068,"Tahoua",0,-37089
312,1.825068,"Tahoua",0,-42501
312,1.825068,"Tahoua",0,-61200
312,1.825068,"Tahoua",0,-59604
312,1.825068,"Tahoua",0,-42642
312,1.825068,"Tahoua",0,-34020
312,1.825068,"Tahoua",0,-38909
312,1.825068,"Tahoua",0,-56450
312,1.825068,"Tahoua",0,-55378
312,1.825068,"Tahoua",0,-59854
312,1.825068,"Tahoua",0,-61414
312,1.825068,"Tahoua",0,-62844
312,1.825068,"Tahoua",0,-57540
312,1.825068,"Tahoua",0,-58031
312,1.825068,"Tahoua",0,-59798
312,1.825068,"Tahoua",0,-40563
312,1.825068,"Tahoua",0,5107
312,1.825068,"Tahoua",0,-57201
312,1.825068,"Tahoua",0,-67198
312,1.825068,"Tahoua",0,-58625
312,1.825068,"Tahoua",0,-61211
312,1.825068,"Tahoua",0,-56151
313,1.600603,"Maradi",0,-46943
313,1.600603,"Maradi",0,-59340
313,1.600603,"Maradi",0,-59887
313,1.600603,"Maradi",0,-55637
313,1.600603,"Maradi",0,-51076
313,1.600603,"Maradi",0,-48396
313,1.600603,"Maradi",0,-48269
313,1.600603,"Maradi",0,-59749
313,1.600603,"Maradi",0,-15200
313,1.600603,"Maradi",0,-56963
313,1.600603,"Maradi",0,-43969
313,1.600603,"Maradi",0,-52271
313,1.600603,"Maradi",0,-57182
313,1.600603,"Maradi",0,-57343
313,1.600603,"Maradi",0,-55785
313,1.600603,"Maradi",0,-55066
313,1.600603,"Maradi",0,-46937
313,1.600603,"Maradi",0,-56286
313,1.600603,"Maradi",0,-49486
313,1.600603,"Maradi",0,-46547
313,1.600603,"Maradi",0,-55937
313,1.600603,"Maradi",0,-49343
314,1.309719,"Maradi",0,-65171
314,1.309719,"Maradi",0,-23288
314,1.309719,"Maradi",0,-67511
314,1.309719,"Maradi",0,-37976
314,1.309719,"Maradi",0,-57756
314,1.309719,"Maradi",0,-41239
314,1.309719,"Maradi",0,-68992
314,1.309719,"Maradi",0,-48237
314,1.309719,"Maradi",0,-63380
314,1.309719,"Maradi",0,-52761
314,1.309719,"Maradi",0,-49010
314,1.309719,"Maradi",0,-31255
314,1.309719,"Maradi",0,-42585
314,1.309719,"Maradi",0,-61728
314,1.309719,"Maradi",0,-61381
314,1.309719,"Maradi",0,-42392
314,1.309719,"Maradi",0,-58659
314,1.309719,"Maradi",0,-52052
314,1.309719,"Maradi",0,12398
314,1.309719,"Maradi",0,-25082
314,1.309719,"Maradi",0,-10164
315,0.357232,"Diffa",0,-41053
315,0.357232,"Diffa",0,-13164
315,0.357232,"Diffa",0,-59968
315,0.357232,"Diffa",0,-40355
315,0.357232,"Diffa",0,-63826
315,0.357232,"Diffa",0,-46306
315,0.357232,"Diffa",0,-71777
315,0.357232,"Diffa",0,-44497
315,0.357232,"Diffa",0,-41862
315,0.357232,"Diffa",0,-46383
315,0.357232,"Diffa",0,-57491
315,0.357232,"Diffa",0,-62748
315,0.357232,"Diffa",0,-56755
315,0.357232,"Diffa",0,-58426
315,0.357232,"Diffa",0,-58699
315,0.357232,"Diffa",0,-33296
315,0.357232,"Diffa",0,-43770
315,0.357232,"Diffa",0,-46953
315,0.357232,"Diffa",0,-54147
315,0.357232,"Diffa",0,-43065
315,0.357232,"Diffa",0,-61392
315,0.357232,"Diffa",0,-57091
315,0.357232,"Diffa",0,-44489
315,0.357232,"Diffa",0,-38578
315,0.357232,"Diffa",0,-59627
316,0.429719,"Niamey",1,6689
316,0.429719,"Niamey",1,21645
316,0.429719,"Niamey",1,134893
316,0.429719,"Niamey",1,37446
316,0.429719,"Niamey",1,96488
316,0.429719,"Niamey",1,137804
316,0.429719,"Niamey",1,37668
316,0.429719,"Niamey",1,3431
316,0.429719,"Niamey",1,143
316,0.429719,"Niamey",1,93636
316,0.429719,"Niamey",1,101667
316,0.429719,"Niamey",1,21651
316,0.429719,"Niamey",1,122837
316,0.429719,"Niamey",1,81587
316,0.429719,"Niamey",1,151847
316,0.429719,"Niamey",1,-18939
316,0.429719,"Niamey",1,65937
316,0.429719,"Niamey",1,11154
316,0.429719,"Niamey",1,49030
316,0.429719,"Niamey",1,61768
316,0.429719,"Niamey",1,46312
316,0.429719,"Niamey",1,81660
316,0.429719,"Niamey",1,109847
316,0.429719,"Niamey",1,131495
317,0.348087,"Tahoua",0,-69505
317,0.348087,"Tahoua",0,-76641
317,0.348087,"Tahoua",0,-53646
317,0.348087,"Tahoua",0,-68379
317,0.348087,"Tahoua",0,-60577
317,0.348087,"Tahoua",0,-74140
317,0.348087,"Tahoua",0,-65938
317,0.348087,"Tahoua",0,-68007
317,0.348087,"Tahoua",0,-71155
317,0.348087,"Tahoua",0,-71012
317,0.348087,"Tahoua",0,-58757
317,0.348087,"Tahoua",0,-68264
317,0.348087,"Tahoua",0,-62780
317,0.348087,"Tahoua",0,-59876
317,0.348087,"Tahoua",0,-68710
317,0.348087,"Tahoua",0,-68108
317,0.348087,"Tahoua",0,-70794
317,0.348087,"Tahoua",0,-73767
317,0.348087,"Tahoua",0,-64841
317,0.348087,"Tahoua",0,-65697
317,0.348087,"Tahoua",0,-58702
317,0.348087,"Tahoua",0,-67840
317,0.348087,"Tahoua",0,-46879
317,0.348087,"Tahoua",0,-67611
317,0.348087,"Tahoua",0,-71825
318,1.232052,"Tahoua",0,-63233
318,1.232052,"Tahoua",0,-6820
318,1.232052,"Tahoua",0,36453
318,1.232052,"Tahoua",0,-51141
318,1.232052,"Tahoua",0,-39473
318,1.232052,"Tahoua",0,89881
318,1.232052,"Tahoua",0,-41835
318,1.232052,"Tahoua",0,-55062
318,1.232052,"Tahoua",0,-50668
318,1.232052,"Tahoua",0,-49306
318,1.232052,"Tahoua",0,-36571
318,1.232052,"Tahoua",0,-59048
318,1.232052,"Tahoua",0,-55703
318,1.232052,"Tahoua",0,-56843
318,1.232052,"Tahoua",0,-49213
318,1.232052,"Tahoua",0,-63171
318,1.232052,"Tahoua",0,-17907
318,1.232052,"Tahoua",0,-40893
318,1.232052,"Tahoua",0,-15893
318,1.232052,"Tahoua",0,-61240
318,1.232052,"Tahoua",0,-9764
318,1.232052,"Tahoua",0,-57067
318,1.232052,"Tahoua",0,-20435
318,1.232052,"Tahoua",0,-16117
319,0.169058,"Agadez",1,233943
319,0.169058,"Agadez",1,20586
319,0.169058,"Agadez",1,-4461
319,0.169058,"Agadez",1,274992
319,0.169058,"Agadez",1,108661
319,0.169058,"Agadez",1,41634
319,0.169058,"Agadez",1,52403
319,0.169058,"Agadez",1,55944
319,0.169058,"Agadez",1,251888
319,0.169058,"Agadez",1,25218
319,0.169058,"Agadez",1,1695
319,0.169058,"Agadez",1,91678
319,0.169058,"Agadez",1,9043
319,0.169058,"Agadez",1,92474
319,0.169058,"Agadez",1,-9025
319,0.169058,"Agadez",1,-7595
319,0.169058,"Agadez",1,8277
319,0.169058,"Agadez",1,186427
319,0.169058,"Agadez",1,11439
319,0.169058,"Agadez",1,16123
319,0.169058,"Agadez",1,15625
319,0.169058,"Agadez",1,-7752
319,0.169058,"Agadez",1,24310
319,0.169058,"Agadez",1,110820
320,1.07971,"Tillaberi",0,-58920
320,1.07971,"Tillaberi",0,-62370
320,1.07971,"Tillaberi",0,-34958
320,1.07971,"Tillaberi",0,-53688
320,1.07971,"Tillaberi",0,-53000
320,1.07971,"Tillaberi",0,-18535
320,1.07971,"Tillaberi",0,-61978
320,1.07971,"Tillaberi",0,-52986
320,1.07971,"Tillaberi",0,-55225
320,1.07971,"Tillaberi",0,-25569
320,1.07971,"Tillaberi",0,-57616
320,1.07971,"Tillaberi",0,-50721
320,1.07971,"Tillaberi",0,-53835
320,1.07971,"Tillaberi",0,1634
320,1.07971,"Tillaberi",0,-58649
320,1.07971,"Tillaberi",0,-20900
320,1.07971,"Tillaberi",0,-61481
320,1.07971,"Tillaberi",0,-48767
320,1.07971,"Tillaberi",0,-36580
320,1.07971,"Tillaberi",0,-9312
320,1.07971,"Tillaberi",0,-43292
321,1.131942,"Tillaberi",0,-61920
321,1.131942,"Tillaberi",0,-51017
321,1.131942,"Tillaberi",0,-50556
321,1.131942,"Tillaberi",0,-60147
321,1.131942,"Tillaberi",0,-56706
321,1.131942,"Tillaberi",0,-55201
321,1.131942,"Tillaberi",0,-52081
321,1.131942,"Tillaberi",0,-61177
321,1.131942,"Tillaberi",0,-54198
321,1.131942,"Tillaberi",0,-56115
321,1.131942,"Tillaberi",0,-63598
321,1.131942,"Tillaberi",0,-63535
321,1.131942,"Tillaberi",0,-56545
321,1.131942,"Tillaberi",0,-49797
321,1.131942,"Tillaberi",0,-57046
321,1.131942,"Tillaberi",0,-56971
321,1.131942,"Tillaberi",0,-49996
321,1.131942,"Tillaberi",0,-33612
321,1.131942,"Tillaberi",0,-62810
322,0.701305,"Niamey",1,163819
322,0.701305,"Niamey",1,148919
322,0.701305,"Niamey",1,339624
322,0.701305,"Niamey",1,43584
322,0.701305,"Niamey",1,31977
322,0.701305,"Niamey",1,100160
322,0.701305,"Niamey",1,89104
322,0.701305,"Niamey",1,170
322,0.701305,"Niamey",1,61130
322,0.701305,"Niamey",1,301705
322,0.701305,"Niamey",1,112053
322,0.701305,"Niamey",1,26332
322,0.701305,"Niamey",1,79295
322,0.701305,"Niamey",1,83528
322,0.701305,"Niamey",1,125001
322,0.701305,"Niamey",1,73676
322,0.701305,"Niamey",1,226092
322,0.701305,"Niamey",1,81324
322,0.701305,"Niamey",1,133626
322,0.701305,"Niamey",1,20888
322,0.701305,"Niamey",1,89163
322,0.701305,"Niamey",1,57255
322,0.701305,"Niamey",1,138843
323,1.148338,"Tillaberi",0,-40462
323,1.148338,"Tillaberi",0,-52232
323,1.148338,"Tillaberi",0,-56091
323,1.148338,"Tillaberi",0,-60870
323,1.148338,"Tillaberi",0,-54159
323,1.148338,"Tillaberi",0,-63605
323,1.148338,"Tillaberi",0,-53841
323,1.148338,"Tillaberi",0,-44383
323,1.148338,"Tillaberi",0,-51796
323,1.148338,"Tillaberi",0,-59018
323,1.148338,"Tillaberi",0,-60981
323,1.148338,"Tillaberi",0,-50538
323,1.148338,"Tillaberi",0,-49020
323,1.148338,"Tillaberi",0,-61648
323,1.148338,"Tillaberi",0,-56156
323,1.148338,"Tillaberi",0,-59141
323,1.148338,"Tillaberi",0,-54532
323,1.148338,"Tillaberi",0,-53971
323,1.148338,"Tillaberi",0,-41809
323,1.148338,"Tillaberi",0,-59125
323,1.148338,"Tillaberi",0,-47735
323,1.148338,"Tillaberi",0,-50710
323,1.148338,"Tillaberi",0,-61435
324,0.196029,"Diffa",1,12312
324,0.196029,"Diffa",1,70302
324,0.196029,"Diffa",1,79802
324,0.196029,"Diffa",1,62382
324,0.196029,"Diffa",1,147974
324,0.196029,"Diffa",1,90981
324,0.196029,"Diffa",1,-17006
324,0.196029,"Diffa",1,104915
324,0.196029,"Diffa",1,61860
324,0.196029,"Diffa",1,30216
324,0.196029,"Diffa",1,-6385
324,0.196029,"Diffa",1,39047
324,0.196029,"Diffa",1,154324
324,0.196029,"Diffa",1,78402
324,0.196029,"Diffa",1,151876
324,0.196029,"Diffa",1,-4822
324,0.196029,"Diffa",1,105993
324,0.196029,"Diffa",1,66962
325,1.269906,"Tillaberi",0,-31193
325,1.269906,"Tillaberi",0,-53556
325,1.269906,"Tillaberi",0,-27883
325,1.269906,"Tillaberi",0,-40882
325,1.269906,"Tillaberi",0,-41558
325,1.269906,"Tillaberi",0,-44970
325,1.269906,"Tillaberi",0,-54362
325,1.269906,"Tillaberi",0,-56752
325,1.269906,"Tillaberi",0,-52912
325,1.269906,"Tillaberi",0,-57886
325,1.269906,"Tillaberi",0,-48398
325,1.269906,"Tillaberi",0,-62973
325,1.269906,"Tillaberi",0,-60140
325,1.269906,"Tillaberi",0,-36189
325,1.269906,"Tillaberi",0,-50741
325,1.269906,"Tillaberi",0,-58640
325,1.269906,"Tillaberi",0,-46433
325,1.269906,"Tillaberi",0,-33090
326,0.165529,"Diffa",1,183081
326,0.165529,"Diffa",1,52224
326,0.165529,"Diffa",1,-15055
326,0.165529,"Diffa",1,26411
326,0.165529,"Diffa",1,52304
326,0.165529,"Diffa",1,-56352
326,0.165529,"Diffa",1,17130
326,0.165529,"Diffa",1,7208
326,0.165529,"Diffa",1,60425
326,0.165529,"Diffa",1,85928
326,0.165529,"Diffa",1,257201
326,0.165529,"Diffa",1,173986
326,0.165529,"Diffa",1,76919
326,0.165529,"Diffa",1,-25567
326,0.165529,"Diffa",1,73005
326,0.165529,"Diffa",1,-24507
326,0.165529,"Diffa",1,-17500
326,0.165529,"Diffa",1,150121
326,0.165529,"Diffa",1,-23838
326,0.165529,"Diffa",1,116873
326,0.165529,"Diffa",1,-3869
326,0.165529,"Diffa",1,-57208
326,0.165529,"Diffa",1,-38328
326,0.165529,"Diffa",1,-54158
327,1.387786,"Dosso",0,-60388
327,1.387786,"Dosso",0,-51522
327,1.387786,"Dosso",0,-60639
327,1.387786,"Dosso",0,-48928
327,1.387786,"Dosso",0,-57481
327,1.387786,"Dosso",0,-63801
327,1.387786,"Dosso",0,-47311
327,1.387786,"Dosso",0,-60186
327,1.387786,"Dosso",0,-64449
327,1.387786,"Dosso",0,-21965
327,1.387786,"Dosso",0,-50523
327,1.387786,"Dosso",0,-61329
327,1.387786,"Dosso",0,-54135
327,1.387786,"Dosso",0,-61280
327,1.387786,"Dosso",0,-50753
327,1.387786,"Dosso",0,-11583
327,1.387786,"Dosso",0,-44441
327,1.387786,"Dosso",0,-54025
327,1.387786,"Dosso",0,-49862
327,1.387786,"Dosso",0,-53963
327,1.387786,"Dosso",0,3370
327,1.387786,"Dosso",0,-52810
327,1.387786,"Dosso",0,-61463
327,1.387786,"Dosso",0,-34708
328,0.664369,"Zinder",0,-64843
328,0.664369,"Zinder",0,-71958
328,0.664369,"Zinder",0,-71337
328,0.664369,"Zinder",0,-56705
328,0.664369,"Zinder",0,-67822
328,0.664369,"Zinder",0,-67859
328,0.664369,"Zinder",0,-71793
328,0.664369,"Zinder",0,-63850
328,0.664369,"Zinder",0,-74219
328,0.664369,"Zinder",0,-70269
328,0.664369,"Zinder",0,-74660
328,0.664369,"Zinder",0,-68795
328,0.664369,"Zinder",0,-69602
328,0.664369,"Zinder",0,-57243
328,0.664369,"Zinder",0,-69403
328,0.664369,"Zinder",0,-72977
329,0.594279,"Dosso",1,61595
329,0.594279,"Dosso",1,119327
329,0.594279,"Dosso",1,73537
329,0.594279,"Dosso",1,144907
329,0.594279,"Dosso",1,-545
329,0.594279,"Dosso",1,43302
329,0.594279,"Dosso",1,-14989
329,0.594279,"Dosso",1,26233
329,0.594279,"Dosso",1,148868
329,0.594279,"Dosso",1,167997
329,0.594279,"Dosso",1,72810
329,0.594279,"Dosso",1,136829
329,0.594279,"Dosso",1,13476
329,0.594279,"Dosso",1,16148
329,0.594279,"Dosso",1,63661
329,0.594279,"Dosso",1,114728
329,0.594279,"Dosso",1,255461
329,0.594279,"Dosso",1,-1965
329,0.594279,"Dosso",1,58099
329,0.594279,"Dosso",1,-3214
329,0.594279,"Dosso",1,140646
329,0.594279,"Dosso",1,75480
329,0.594279,"Dosso",1,-19909
330,0.886938,"Maradi",1,128119
330,0.886938,"Maradi",1,12631
330,0.886938,"Maradi",1,97289
330,0.886938,"Maradi",1,187644
330,0.886938,"Maradi",1,7581
330,0.886938,"Maradi",1,153132
330,0.886938,"Maradi",1,114696
330,0.886938,"Maradi",1,69319
330,0.886938,"Maradi",1,72385
330,0.886938,"Maradi",1,30997
330,0.886938,"Maradi",1,9920
330,0.886938,"Maradi",1,16133
330,0.886938,"Maradi",1,75560
330,0.886938,"Maradi",1,90205
330,0.886938,"Maradi",1,140784
330,0.886938,"Maradi",1,136749
330,0.886938,"Maradi",1,53040
330,0.886938,"Maradi",1,-26737
330,0.886938,"Maradi",1,38138
330,0.886938,"Maradi",1,-3150
330,0.886938,"Maradi",1,12002
330,0.886938,"Maradi",1,166692
331,0.791118,"Dosso",0,-42929
331,0.791118,"Dosso",0,-62748
331,0.791118,"Dosso",0,-65341
331,0.791118,"Dosso",0,-46036
331,0.791118,"Dosso",0,-55828
331,0.791118,"Dosso",0,-56042
331,0.791118,"Dosso",0,-54983
331,0.791118,"Dosso",0,-53630
331,0.791118,"Dosso",0,-59326
331,0.791118,"Dosso",0,-61973
331,0.791118,"Dosso",0,-57650
331,0.791118,"Dosso",0,-58292
331,0.791118,"Dosso",0,-44363
331,0.791118,"Dosso",0,-51698
331,0.791118,"Dosso",0,-57083
331,0.791118,"Dosso",0,-59877
331,0.791118,"Dosso",0,3143
331,0.791118,"Dosso",0,-51873
331,0.791118,"Dosso",0,-57303
331,0.791118,"Dosso",0,-58228
331,0.791118,"Dosso",0,-58633
332,0.720668,"Dosso",0,-56876
332,0.720668,"Dosso",0,-57801
332,0.720668,"Dosso",0,-52246
332,0.720668,"Dosso",0,-55365
332,0.720668,"Dosso",0,-61433
332,0.720668,"Dosso",0,-55459
332,0.720668,"Dosso",0,-60834
332,0.720668,"Dosso",0,-55964
332,0.720668,"Dosso",0,-53776
332,0.720668,"Dosso",0,-56356
332,0.720668,"Dosso",0,-61619
332,0.720668,"Dosso",0,-49015
332,0.720668,"Dosso",0,-50626
332,0.720668,"Dosso",0,-59994
332,0.720668,"Dosso",0,-58722
332,0.720668,"Dosso",0,-50716
332,0.720668,"Dosso",0,-59755
332,0.720668,"Dosso",0,-56495
332,0.720668,"Dosso",0,-50785
332,0.720668,"Dosso",0,-31483
332,0.720668,"Dosso",0,-47429
333,0.982554,"Dosso",0,-61454
333,0.982554,"Dosso",0,-48063
333,0.982554,"Dosso",0,-60919
333,0.982554,"Dosso",0,-55866
333,0.982554,"Dosso",0,-62165
333,0.982554,"Dosso",0,-55469
333,0.982554,"Dosso",0,-61480
333,0.982554,"Dosso",0,-56265
333,0.982554,"Dosso",0,-51163
333,0.982554,"Dosso",0,-54678
333,0.982554,"Dosso",0,-48042
333,0.982554,"Dosso",0,-61368
333,0.982554,"Dosso",0,-62698
333,0.982554,"Dosso",0,-26803
333,0.982554,"Dosso",0,-54315
333,0.982554,"Dosso",0,-63120
333,0.982554,"Dosso",0,-59825
333,0.982554,"Dosso",0,-57823
333,0.982554,"Dosso",0,-59380
333,0.982554,"Dosso",0,-57198
333,0.982554,"Dosso",0,-59515
333,0.982554,"Dosso",0,-60798
333,0.982554,"Dosso",0,-58855
334,0.909729,"Niamey",1,-36863
334,0.909729,"Niamey",1,45072
334,0.909729,"Niamey",1,-17222
334,0.909729,"Niamey",1,126142
334,0.909729,"Niamey",1,86158
334,0.909729,"Niamey",1,-38500
334,0.909729,"Niamey",1,-41352
334,0.909729,"Niamey",1,122123
334,0.909729,"Niamey",1,65264
334,0.909729,"Niamey",1,81097
334,0.909729,"Niamey",1,8050
334,0.909729,"Niamey",1,104111
334,0.909729,"Niamey",1,75437
334,0.909729,"Niamey",1,-9944
334,0.909729,"Niamey",1,-44278
334,0.909729,"Niamey",1,249144
334,0.909729,"Niamey",1,19440
334,0.909729,"Niamey",1,144726
334,0.909729,"Niamey",1,71173
334,0.909729,"Niamey",1,112696
334,0.909729,"Niamey",1,119590
334,0.909729,"Niamey",1,40360
334,0.909729,"Niamey",1,86298
334,0.909729,"Niamey",1,-10665
334,0.909729,"Niamey",1,65776
335,2.837648,"Tahoua",0,-54321
335,2.837648,"Tahoua",0,-61078
335,2.837648,"Tahoua",0,-59533
335,2.837648,"Tahoua",0,-40320
335,2.837648,"Tahoua",0,-56840
335,2.837648,"Tahoua",0,-55285
335,2.837648,"Tahoua",0,-52161
335,2.837648,"Tahoua",0,-59590
335,2.837648,"Tahoua",0,-65098
335,2.837648,"Tahoua",0,-59299
335,2.837648,"Tahoua",0,-57938
335,2.837648,"Tahoua",0,-48729
335,2.837648,"Tahoua",0,-9561
335,2.837648,"Tahoua",0,-59873
335,2.837648,"Tahoua",0,-59837
335,2.837648,"Tahoua",0,-61666
335,2.837648,"Tahoua",0,-47898
335,2.837648,"Tahoua",0,-58656
335,2.837648,"Tahoua",0,-62192
335,2.837648,"Tahoua",0,-56805
335,2.837648,"Tahoua",0,-55046
335,2.837648,"Tahoua",0,-60949
335,2.837648,"Tahoua",0,-51683
336,0.573074,"Tahoua",0,-35002
336,0.573074,"Tahoua",0,-52036
336,0.573074,"Tahoua",0,-44004
336,0.573074,"Tahoua",0,46738
336,0.573074,"Tahoua",0,-52936
336,0.573074,"Tahoua",0,-48875
336,0.573074,"Tahoua",0,-54713
336,0.573074,"Tahoua",0,-31742
336,0.573074,"Tahoua",0,-25774
336,0.573074,"Tahoua",0,-34813
336,0.573074,"Tahoua",0,-52761
336,0.573074,"Tahoua",0,-787
336,0.573074,"Tahoua",0,-2398
336,0.573074,"Tahoua",0,-58171
336,0.573074,"Tahoua",0,-56288
336,0.573074,"Tahoua",0,-49775
336,0.573074,"Tahoua",0,-55652
336,0.573074,"Tahoua",0,-54310
336,0.573074,"Tahoua",0,-54166
336,0.573074,"Tahoua",0,-41097
336,0.573074,"Tahoua",0,-52491
336,0.573074,"Tahoua",0,-57764
336,0.573074,"Tahoua",0,3270
336,0.573074,"Tahoua",0,-55064
336,0.573074,"Tahoua",0,-48334
337,0.278986,"Niamey",1,283425
337,0.278986,"Niamey",1,21177
337,0.278986,"Niamey",1,174577
337,0.278986,"Niamey",1,207184
337,0.278986,"Niamey",1,172383
337,0.278986,"Niamey",1,168874
337,0.278986,"Niamey",1,452876
337,0.278986,"Niamey",1,95925
337,0.278986,"Niamey",1,210847
337,0.278986,"Niamey",1,73970
337,0.278986,"Niamey",1,116907
337,0.278986,"Niamey",1,319387
337,0.278986,"Niamey",1,181940
337,0.278986,"Niamey",1,463448
337,0.278986,"Niamey",1,114083
337,0.278986,"Niamey",1,23291
337,0.278986,"Niamey",1,168366
337,0.278986,"Niamey",1,72876
337,0.278986,"Niamey",1,126845
337,0.278986,"Niamey",1,105030
337,0.278986,"Niamey",1,173042
338,2.83401,"Tahoua",0,-42383
338,2.83401,"Tahoua",0,-53810
338,2.83401,"Tahoua",0,-55967
338,2.83401,"Tahoua",0,-49051
338,2.83401,"Tahoua",0,-43753
338,2.83401,"Tahoua",0,-60882
338,2.83401,"Tahoua",0,-54458
338,2.83401,"Tahoua",0,-67314
338,2.83401,"Tahoua",0,-63833
338,2.83401,"Tahoua",0,-55318
338,2.83401,"Tahoua",0,-54322
338,2.83401,"Tahoua",0,-56989
338,2.83401,"Tahoua",0,-52876
338,2.83401,"Tahoua",0,-52065
338,2.83401,"Tahoua",0,-40670
338,2.83401,"Tahoua",0,-56631
338,2.83401,"Tahoua",0,-56662
338,2.83401,"Tahoua",0,-63016
338,2.83401,"Tahoua",0,-51580
338,2.83401,"Tahoua",0,-57173
338,2.83401,"Tahoua",0,-42921
338,2.83401,"Tahoua",0,-57501
338,2.83401,"Tahoua",0,-52591
338,2.83401,"Tahoua",0,-51635
339,1.747998,"Zinder",0,-49191
339,1.747998,"Zinder",0,-31061
339,1.747998,"Zinder",0,-66732
339,1.747998,"Zinder",0,-49328
339,1.747998,"Zinder",0,-40987
339,1.747998,"Zinder",0,-71890
339,1.747998,"Zinder",0,-36070
339,1.747998,"Zinder",0,-45742
339,1.747998,"Zinder",0,-62419
339,1.747998,"Zinder",0,-56155
339,1.747998,"Zinder",0,-40403
339,1.747998,"Zinder",0,-63926
339,1.747998,"Zinder",0,-36647
339,1.747998,"Zinder",0,-44847
339,1.747998,"Zinder",0,-45246
339,1.747998,"Zinder",0,-58035
339,1.747998,"Zinder",0,-62253
339,1.747998,"Zinder",0,-26206
339,1.747998,"Zinder",0,-67861
339,1.747998,"Zinder",0,-38145
339,1.747998,"Zinder",0,-29402
339,1.747998,"Zinder",0,-65420
340,2.016517,"Tillaberi",0,-60742
340,2.016517,"Tillaberi",0,-60834
340,2.016517,"Tillaberi",0,-62351
340,2.016517,"Tillaberi",0,-62278
340,2.016517,"Tillaberi",0,-58490
340,2.016517,"Tillaberi",0,-59149
340,2.016517,"Tillaberi",0,-65163
340,2.016517,"Tillaberi",0,-53583
340,2.016517,"Tillaberi",0,-12041
340,2.016517,"Tillaberi",0,-60203
340,2.016517,"Tillaberi",0,-55852
340,2.016517,"Tillaberi",0,-62812
340,2.016517,"Tillaberi",0,-7218
340,2.016517,"Tillaberi",0,-11739
340,2.016517,"Tillaberi",0,-61373
340,2.016517,"Tillaberi",0,-57179
340,2.016517,"Tillaberi",0,-64945
340,2.016517,"Tillaberi",0,-56647
340,2.016517,"Tillaberi",0,-63043
340,2.016517,"Tillaberi",0,-61378
340,2.016517,"Tillaberi",0,-57768
340,2.016517,"Tillaberi",0,-61381
340,2.016517,"Tillaberi",0,-65108
340,2.016517,"Tillaberi",0,-60194
340,2.016517,"Tillaberi",0,-57062
341,0.131552,"Agadez",1,-22915
341,0.131552,"Agadez",1,-23553
341,0.131552,"Agadez",1,3574
341,0.131552,"Agadez",1,-26731
341,0.131552,"Agadez",1,-194
341,0.131552,"Agadez",1,-36229
341,0.131552,"Agadez",1,10858
341,0.131552,"Agadez",1,-22338
341,0.131552,"Agadez",1,58474
341,0.131552,"Agadez",1,-37239
341,0.131552,"Agadez",1,32368
341,0.131552,"Agadez",1,-9871
341,0.131552,"Agadez",1,-39056
341,0.131552,"Agadez",1,-28952
341,0.131552,"Agadez",1,-19598
341,0.131552,"Agadez",1,-36863
341,0.131552,"Agadez",1,-44412
341,0.131552,"Agadez",1,-17922
341,0.131552,"Agadez",1,52337
341,0.131552,"Agadez",1,-24532
341,0.131552,"Agadez",1,-9486
341,0.131552,"Agadez",1,12197
341,0.131552,"Agadez",1,-39056
341,0.131552,"Agadez",1,-32878
341,0.131552,"Agadez",1,-17495
342,0.994448,"Tahoua",1,43866
342,0.994448,"Tahoua",1,-22104
342,0.994448,"Tahoua",1,63567
342,0.994448,"Tahoua",1,191772
342,0.994448,"Tahoua",1,101289
342,0.994448,"Tahoua",1,65469
342,0.994448,"Tahoua",1,19280
342,0.994448,"Tahoua",1,135089
342,0.994448,"Tahoua",1,-5708
342,0.994448,"Tahoua",1,81400
342,0.994448,"Tahoua",1,124242
342,0.994448,"Tahoua",1,5215
342,0.994448,"Tahoua",1,17271
342,0.994448,"Tahoua",1,3637
342,0.994448,"Tahoua",1,116759
342,0.994448,"Tahoua",1,10065
342,0.994448,"Tahoua",1,6824
342,0.994448,"Tahoua",1,63898
342,0.994448,"Tahoua",1,119659
342,0.994448,"Tahoua",1,182703
342,0.994448,"Tahoua",1,62965
342,0.994448,"Tahoua",1,23160
342,0.994448,"Tahoua",1,237210
342,0.994448,"Tahoua",1,74896
342,0.994448,"Tahoua",1,33826
343,1.629309,"Tahoua",0,-55681
343,1.629309,"Tahoua",0,-55205
343,1.629309,"Tahoua",0,-62498
343,1.629309,"Tahoua",0,-66342
343,1.629309,"Tahoua",0,-62368
343,1.629309,"Tahoua",0,-33083
343,1.629309,"Tahoua",0,-58614
343,1.629309,"Tahoua",0,-50490
343,1.629309,"Tahoua",0,-53535
343,1.629309,"Tahoua",0,-55300
343,1.629309,"Tahoua",0,-52766
343,1.629309,"Tahoua",0,-37662
343,1.629309,"Tahoua",0,-52600
343,1.629309,"Tahoua",0,-39203
343,1.629309,"Tahoua",0,-55111
343,1.629309,"Tahoua",0,-42712
343,1.629309,"Tahoua",0,-54886
343,1.629309,"Tahoua",0,-64331
343,1.629309,"Tahoua",0,-51596
343,1.629309,"Tahoua",0,-59425
343,1.629309,"Tahoua",0,-62498
343,1.629309,"Tahoua",0,-66397
343,1.629309,"Tahoua",0,-48296
344,0.210013,"Agadez",1,104579
344,0.210013,"Agadez",1,252290
344,0.210013,"Agadez",1,105312
344,0.210013,"Agadez",1,153577
344,0.210013,"Agadez",1,77112
344,0.210013,"Agadez",1,122042
344,0.210013,"Agadez",1,100323
344,0.210013,"Agadez",1,83184
344,0.210013,"Agadez",1,67274
344,0.210013,"Agadez",1,34781
344,0.210013,"Agadez",1,91079
344,0.210013,"Agadez",1,66504
344,0.210013,"Agadez",1,114602
344,0.210013,"Agadez",1,286874
344,0.210013,"Agadez",1,-7827
344,0.210013,"Agadez",1,376683
344,0.210013,"Agadez",1,147452
344,0.210013,"Agadez",1,146112
344,0.210013,"Agadez",1,83834
344,0.210013,"Agadez",1,233974
344,0.210013,"Agadez",1,117944
344,0.210013,"Agadez",1,242456
344,0.210013,"Agadez",1,275948
344,0.210013,"Agadez",1,59735
345,0.674586,"Dosso",0,-56033
345,0.674586,"Dosso",0,-52413
345,0.674586,"Dosso",0,-60643
345,0.674586,"Dosso",0,-58034
345,0.674586,"Dosso",0,-59137
345,0.674586,"Dosso",0,-57613
345,0.674586,"Dosso",0,-48788
345,0.674586,"Dosso",0,-52850
345,0.674586,"Dosso",0,-55343
345,0.674586,"Dosso",0,-57285
345,0.674586,"Dosso",0,-45396
345,0.674586,"Dosso",0,-59627
345,0.674586,"Dosso",0,-57438
345,0.674586,"Dosso",0,-50998
345,0.674586,"Dosso",0,-47109
345,0.674586,"Dosso",0,-46945
345,0.674586,"Dosso",0,-58713
345,0.674586,"Dosso",0,-60760
345,0.674586,"Dosso",0,-52716
345,0.674586,"Dosso",0,-31210
345,0.674586,"Dosso",0,-55264
345,0.674586,"Dosso",0,-54340
346,0.91516,"Maradi",0,-40261
346,0.91516,"Maradi",0,-61952
346,0.91516,"Maradi",0,-62761
346,0.91516,"Maradi",0,-69198
346,0.91516,"Maradi",0,-58426
346,0.91516,"Maradi",0,-64695
346,0.91516,"Maradi",0,-58645
346,0.91516,"Maradi",0,-59252
346,0.91516,"Maradi",0,-42349
346,0.91516,"Maradi",0,-58026
346,0.91516,"Maradi",0,-55891
346,0.91516,"Maradi",0,-53383
346,0.91516,"Maradi",0,-61385
346,0.91516,"Maradi",0,-52185
346,0.91516,"Maradi",0,-46353
346,0.91516,"Maradi",0,-63829
346,0.91516,"Maradi",0,-58921
346,0.91516,"Maradi",0,-59721
346,0.91516,"Maradi",0,-63749
346,0.91516,"Maradi",0,-56546
346,0.91516,"Maradi",0,-37962
346,0.91516,"Maradi",0,-58966
346,0.91516,"Maradi",0,-62912
346,0.91516,"Maradi",0,-63508
346,0.91516,"Maradi",0,-55635
347,1.215974,"Tillaberi",0,-29906
347,1.215974,"Tillaberi",0,-50510
347,1.215974,"Tillaberi",0,-56396
347,1.215974,"Tillaberi",0,-53971
347,1.215974,"Tillaberi",0,-52331
347,1.215974,"Tillaberi",0,-49072
347,1.215974,"Tillaberi",0,-53000
347,1.215974,"Tillaberi",0,-57520
347,1.215974,"Tillaberi",0,-60294
347,1.215974,"Tillaberi",0,-53508
347,1.215974,"Tillaberi",0,-61924
347,1.215974,"Tillaberi",0,-51301
347,1.215974,"Tillaberi",0,-57467
347,1.215974,"Tillaberi",0,-53248
347,1.215974,"Tillaberi",0,-49628
347,1.215974,"Tillaberi",0,-52891
347,1.215974,"Tillaberi",0,-49373
347,1.215974,"Tillaberi",0,-65190
347,1.215974,"Tillaberi",0,9032
347,1.215974,"Tillaberi",0,-54937
347,1.215974,"Tillaberi",0,-63000
347,1.215974,"Tillaberi",0,-54346
347,1.215974,"Tillaberi",0,-60299
348,0.319042,"Diffa",0,-30584
348,0.319042,"Diffa",0,-10604
348,0.319042,"Diffa",0,-56678
348,0.319042,"Diffa",0,-58608
348,0.319042,"Diffa",0,-49856
348,0.319042,"Diffa",0,-17879
348,0.319042,"Diffa",0,-39125
348,0.319042,"Diffa",0,-60508
348,0.319042,"Diffa",0,-63006
348,0.319042,"Diffa",0,-62261
348,0.319042,"Diffa",0,-39581
348,0.319042,"Diffa",0,-61936
348,0.319042,"Diffa",0,-12727
348,0.319042,"Diffa",0,-21168
348,0.319042,"Diffa",0,-64743
348,0.319042,"Diffa",0,-56611
348,0.319042,"Diffa",0,-35911
348,0.319042,"Diffa",0,-55703
348,0.319042,"Diffa",0,-9273
348,0.319042,"Diffa",0,-40327
348,0.319042,"Diffa",0,-35988
348,0.319042,"Diffa",0,14210
348,0.319042,"Diffa",0,-34822
348,0.319042,"Diffa",0,-5920
349,0.244944,"Diffa",1,105053
349,0.244944,"Diffa",1,-4463
349,0.244944,"Diffa",1,50429
349,0.244944,"Diffa",1,-14809
349,0.244944,"Diffa",1,16024
349,0.244944,"Diffa",1,126192
349,0.244944,"Diffa",1,-10641
349,0.244944,"Diffa",1,83070
349,0.244944,"Diffa",1,257137
349,0.244944,"Diffa",1,36042
349,0.244944,"Diffa",1,111132
349,0.244944,"Diffa",1,198262
349,0.244944,"Diffa",1,743
349,0.244944,"Diffa",1,73911
349,0.244944,"Diffa",1,60920
349,0.244944,"Diffa",1,31462
349,0.244944,"Diffa",1,24996
349,0.244944,"Diffa",1,23278
349,0.244944,"Diffa",1,13003
349,0.244944,"Diffa",1,4676
349,0.244944,"Diffa",1,96484
349,0.244944,"Diffa",1,24055
349,0.244944,"Diffa",1,-10047
349,0.244944,"Diffa",1,239215
349,0.244944,"Diffa",1,107332
350,1.108339,"Tahoua",0,-59038
350,1.108339,"Tahoua",0,-44035
350,1.108339,"Tahoua",0,-44888
350,1.108339,"Tahoua",0,-64173
350,1.108339,"Tahoua",0,-57269
350,1.108339,"Tahoua",0,-48823
350,1.108339,"Tahoua",0,-35729
350,1.108339,"Tahoua",0,-54436
350,1.108339,"Tahoua",0,-66336
350,1.108339,"Tahoua",0,-29569
350,1.108339,"Tahoua",0,-56676
350,1.108339,"Tahoua",0,-53613
350,1.108339,"Tahoua",0,-55981
350,1.108339,"Tahoua",0,-61934
350,1.108339,"Tahoua",0,-44105
350,1.108339,"Tahoua",0,-18412
350,1.108339,"Tahoua",0,-61306
350,1.108339,"Tahoua",0,-44559
350,1.108339,"Tahoua",0,-53025
350,1.108339,"Tahoua",0,-62788
350,1.108339,"Tahoua",0,-64412
350,1.108339,"Tahoua",0,-62450
350,1.108339,"Tahoua",0,-54466
351,0.749541,"Dosso",0,-63773
351,0.749541,"Dosso",0,-63800
351,0.749541,"Dosso",0,-63288
351,0.749541,"Dosso",0,-57218
351,0.749541,"Dosso",0,-59497
351,0.749541,"Dosso",0,-62471
351,0.749541,"Dosso",0,-59411
351,0.749541,"Dosso",0,-47599
351,0.749541,"Dosso",0,-63233
351,0.749541,"Dosso",0,-60329
351,0.749541,"Dosso",0,-55147
351,0.749541,"Dosso",0,-53995
351,0.749541,"Dosso",0,-52639
351,0.749541,"Dosso",0,-58213
351,0.749541,"Dosso",0,-63812
351,0.749541,"Dosso",0,-62201
351,0.749541,"Dosso",0,-57433
351,0.749541,"Dosso",0,-64870
351,0.749541,"Dosso",0,-53781
351,0.749541,"Dosso",0,-46278
351,0.749541,"Dosso",0,-39839
351,0.749541,"Dosso",0,-52776
352,0.363824,"Diffa",0,13675
352,0.363824,"Diffa",0,-54948
352,0.363824,"Diffa",0,-2102
352,0.363824,"Diffa",0,-40153
352,0.363824,"Diffa",0,-39506
352,0.363824,"Diffa",0,-32558
352,0.363824,"Diffa",0,-43522
352,0.363824,"Diffa",0,8649
352,0.363824,"Diffa",0,-50301
352,0.363824,"Diffa",0,-39421
352,0.363824,"Diffa",0,116968
352,0.363824,"Diffa",0,1530
352,0.363824,"Diffa",0,5864
352,0.363824,"Diffa",0,59573
352,0.363824,"Diffa",0,-30193
352,0.363824,"Diffa",0,-38174
352,0.363824,"Diffa",0,-39743
352,0.363824,"Diffa",0,-44422
352,0.363824,"Diffa",0,-13262
352,0.363824,"Diffa",0,10895
352,0.363824,"Diffa",0,-48809
352,0.363824,"Diffa",0,-31351
352,0.363824,"Diffa",0,1024
352,0.363824,"Diffa",0,-35680
353,1.512023,"Zinder",0,-57984
353,1.512023,"Zinder",0,-57016
353,1.512023,"Zinder",0,-62471
353,1.512023,"Zinder",0,-43619
353,1.512023,"Zinder",0,-54628
353,1.512023,"Zinder",0,-61566
353,1.512023,"Zinder",0,-41247
353,1.512023,"Zinder",0,-62940
353,1.512023,"Zinder",0,-59073
353,1.512023,"Zinder",0,-66765
353,1.512023,"Zinder",0,-63583
353,1.512023,"Zinder",0,-60470
353,1.512023,"Zinder",0,-63261
353,1.512023,"Zinder",0,-53864
353,1.512023,"Zinder",0,-39749
353,1.512023,"Zinder",0,-65465
353,1.512023,"Zinder",0,-26070
353,1.512023,"Zinder",0,-59491
353,1.512023,"Zinder",0,-59151
353,1.512023,"Zinder",0,-63546
353,1.512023,"Zinder",0,-60034
353,1.512023,"Zinder",0,-61665
353,1.512023,"Zinder",0,-56100
354,0.334392,"Diffa",0,58273
354,0.334392,"Diffa",0,81843
354,0.334392,"Diffa",0,-5888
354,0.334392,"Diffa",0,-59716
354,0.334392,"Diffa",0,-59865
354,0.334392,"Diffa",0,7156
354,0.334392,"Diffa",0,100112
354,0.334392,"Diffa",0,-21221
354,0.334392,"Diffa",0,17856
354,0.334392,"Diffa",0,18096
354,0.334392,"Diffa",0,-53301
354,0.334392,"Diffa",0,4654
354,0.334392,"Diffa",0,-49889
354,0.334392,"Diffa",0,496
354,0.334392,"Diffa",0,-17895
354,0.334392,"Diffa",0,-10683
354,0.334392,"Diffa",0,17005
354,0.334392,"Diffa",0,113050
354,0.334392,"Diffa",0,17919
354,0.334392,"Diffa",0,-39468
354,0.334392,"Diffa",0,-64861
354,0.334392,"Diffa",0,70989
354,0.334392,"Diffa",0,103130
354,0.334392,"Diffa",0,11843
354,0.334392,"Diffa",0,-15496
355,1.516201,"Maradi",0,-57694
355,1.516201,"Maradi",0,-57848
355,1.516201,"Maradi",0,-17697
355,1.516201,"Maradi",0,34283
355,1.516201,"Maradi",0,-50323
355,1.516201,"Maradi",0,24100
355,1.516201,"Maradi",0,-51188
355,1.516201,"Maradi",0,-30950
355,1.516201,"Maradi",0,-56556
355,1.516201,"Maradi",0,-55558
355,1.516201,"Maradi",0,-37959
355,1.516201,"Maradi",0,-60633
355,1.516201,"Maradi",0,-40744
355,1.516201,"Maradi",0,-5959
355,1.516201,"Maradi",0,-62395
355,1.516201,"Maradi",0,-60963
355,1.516201,"Maradi",0,-59005
355,1.516201,"Maradi",0,-52049
355,1.516201,"Maradi",0,-19681
355,1.516201,"Maradi",0,-27419
355,1.516201,"Maradi",0,-61685
355,1.516201,"Maradi",0,-10486
355,1.516201,"Maradi",0,21013
355,1.516201,"Maradi",0,-37545
355,1.516201,"Maradi",0,-56076
356,1.269021,"Zinder",0,-63088
356,1.269021,"Zinder",0,-61340
356,1.269021,"Zinder",0,-61554
356,1.269021,"Zinder",0,-61051
356,1.269021,"Zinder",0,-53198
356,1.269021,"Zinder",0,-57418
356,1.269021,"Zinder",0,-59953
356,1.269021,"Zinder",0,-56185
356,1.269021,"Zinder",0,-62703
356,1.269021,"Zinder",0,-62165
356,1.269021,"Zinder",0,-31405
356,1.269021,"Zinder",0,-58312
356,1.269021,"Zinder",0,-57725
356,1.269021,"Zinder",0,-50537
356,1.269021,"Zinder",0,-58677
356,1.269021,"Zinder",0,-53720
356,1.269021,"Zinder",0,330
356,1.269021,"Zinder",0,-50968
356,1.269021,"Zinder",0,-61925
356,1.269021,"Zinder",0,-62203
356,1.269021,"Zinder",0,-64915
356,1.269021,"Zinder",0,-52818
356,1.269021,"Zinder",0,-61332
357,0.1688,"Diffa",1,302135
357,0.1688,"Diffa",1,103647
357,0.1688,"Diffa",1,96486
357,0.1688,"Diffa",1,32723
357,0.1688,"Diffa",1,183517
357,0.1688,"Diffa",1,88127
357,0.1688,"Diffa",1,65111
357,0.1688,"Diffa",1,14908
357,0.1688,"Diffa",1,230030
357,0.1688,"Diffa",1,155102
357,0.1688,"Diffa",1,76485
357,0.1688,"Diffa",1,198599
357,0.1688,"Diffa",1,64077
357,0.1688,"Diffa",1,-20897
357,0.1688,"Diffa",1,203124
357,0.1688,"Diffa",1,123218
357,0.1688,"Diffa",1,206998
357,0.1688,"Diffa",1,219885
357,0.1688,"Diffa",1,44269
357,0.1688,"Diffa",1,57753
357,0.1688,"Diffa",1,291659
357,0.1688,"Diffa",1,189287
357,0.1688,"Diffa",1,74017
358,2.095844,"Tahoua",0,-52839
358,2.095844,"Tahoua",0,-52910
358,2.095844,"Tahoua",0,-37588
358,2.095844,"Tahoua",0,-56875
358,2.095844,"Tahoua",0,-54710
358,2.095844,"Tahoua",0,-60018
358,2.095844,"Tahoua",0,-50650
358,2.095844,"Tahoua",0,-55267
358,2.095844,"Tahoua",0,-38509
358,2.095844,"Tahoua",0,88392
358,2.095844,"Tahoua",0,-54423
358,2.095844,"Tahoua",0,-59486
358,2.095844,"Tahoua",0,-12054
358,2.095844,"Tahoua",0,-17361
358,2.095844,"Tahoua",0,-57343
358,2.095844,"Tahoua",0,-57511
358,2.095844,"Tahoua",0,-1956
358,2.095844,"Tahoua",0,-49777
358,2.095844,"Tahoua",0,-53176
358,2.095844,"Tahoua",0,151016
358,2.095844,"Tahoua",0,-32055
358,2.095844,"Tahoua",0,-51770
358,2.095844,"Tahoua",0,-54561
358,2.095844,"Tahoua",0,-51598
359,0.449289,"Diffa",0,-11876
359,0.449289,"Diffa",0,46333
359,0.449289,"Diffa",0,27463
359,0.449289,"Diffa",0,-60834
359,0.449289,"Diffa",0,18332
359,0.449289,"Diffa",0,-31412
359,0.449289,"Diffa",0,-41002
359,0.449289,"Diffa",0,-33585
359,0.449289,"Diffa",0,-48165
359,0.449289,"Diffa",0,-56990
359,0.449289,"Diffa",0,-45859
359,0.449289,"Diffa",0,-38533
359,0.449289,"Diffa",0,-62306
359,0.449289,"Diffa",0,-61142
359,0.449289,"Diffa",0,-58656
359,0.449289,"Diffa",0,-40619
359,0.449289,"Diffa",0,-58136
359,0.449289,"Diffa",0,-15754
359,0.449289,"Diffa",0,40418
359,0.449289,"Diffa",0,-61173
359,0.449289,"Diffa",0,20135
360,0.267941,"Diffa",0,-31212
360,0.267941,"Diffa",0,-32766
360,0.267941,"Diffa",0,-34458
360,0.267941,"Diffa",0,-41627
360,0.267941,"Diffa",0,-42062
360,0.267941,"Diffa",0,-49974
360,0.267941,"Diffa",0,-26778
360,0.267941,"Diffa",0,-55262
360,0.267941,"Diffa",0,-42857
360,0.267941,"Diffa",0,-10657
360,0.267941,"Diffa",0,-58085
360,0.267941,"Diffa",0,-58680
360,0.267941,"Diffa",0,-51290
360,0.267941,"Diffa",0,-56816
360,0.267941,"Diffa",0,-58208
360,0.267941,"Diffa",0,-58423
360,0.267941,"Diffa",0,-41698
360,0.267941,"Diffa",0,-60827
360,0.267941,"Diffa",0,-49264
360,0.267941,"Diffa",0,-39537
360,0.267941,"Diffa",0,-18358
360,0.267941,"Diffa",0,-31063
361,0.58939,"Tahoua",0,-63676
361,0.58939,"Tahoua",0,-55884
361,0.58939,"Tahoua",0,-35055
361,0.58939,"Tahoua",0,-54711
361,0.58939,"Tahoua",0,-38274
361,0.58939,"Tahoua",0,-8425
361,0.58939,"Tahoua",0,-50061
361,0.58939,"Tahoua",0,-53136
361,0.58939,"Tahoua",0,-40198
361,0.58939,"Tahoua",0,-45204
361,0.58939,"Tahoua",0,-46100
361,0.58939,"Tahoua",0,-59450
361,0.58939,"Tahoua",0,-18927
361,0.58939,"Tahoua",0,-61509
361,0.58939,"Tahoua",0,-321
361,0.58939,"Tahoua",0,39486
361,0.58939,"Tahoua",0,-55840
361,0.58939,"Tahoua",0,-52128
361,0.58939,"Tahoua",0,-41458
361,0.58939,"Tahoua",0,-55452
362,1.473529,"Zinder",0,-26324
362,1.473529,"Zinder",0,-56286
362,1.473529,"Zinder",0,-58917
362,1.473529,"Zinder",0,-62366
362,1.473529,"Zinder",0,-37641
362,1.473529,"Zinder",0,-59916
362,1.473529,"Zinder",0,-38514
362,1.473529,"Zinder",0,-35949
362,1.473529,"Zinder",0,-62695
362,1.473529,"Zinder",0,-32176
362,1.473529,"Zinder",0,-58630
362,1.473529,"Zinder",0,-59350
362,1.473529,"Zinder",0,-38991
362,1.473529,"Zinder",0,-57736
362,1.473529,"Zinder",0,-50107
362,1.473529,"Zinder",0,-43546
362,1.473529,"Zinder",0,-62000
362,1.473529,"Zinder",0,-59866
362,1.473529,"Zinder",0,-31600
362,1.473529,"Zinder",0,-59082
363,0.829446,"Maradi",0,-64666
363,0.829446,"Maradi",0,-66635
363,0.829446,"Maradi",0,-65582
363,0.829446,"Maradi",0,-56073
363,0.829446,"Maradi",0,-56864
363,0.829446,"Maradi",0,-58150
363,0.829446,"Maradi",0,-62023
363,0.829446,"Maradi",0,-49460
363,0.829446,"Maradi",0,-52093
363,0.829446,"Maradi",0,-59113
363,0.829446,"Maradi",0,-61490
363,0.829446,"Maradi",0,-58599
363,0.829446,"Maradi",0,-61438
363,0.829446,"Maradi",0,-29650
363,0.829446,"Maradi",0,-59629
363,0.829446,"Maradi",0,-27679
363,0.829446,"Maradi",0,-24083
363,0.829446,"Maradi",0,-56910
363,0.829446,"Maradi",0,-70701
363,0.829446,"Maradi",0,-57801
363,0.829446,"Maradi",0,-60403
363,0.829446,"Maradi",0,-67310
363,0.829446,"Maradi",0,-44099
364,0.964813,"Tillaberi",0,-54825
364,0.964813,"Tillaberi",0,-30424
364,0.964813,"Tillaberi",0,-31960
364,0.964813,"Tillaberi",0,-58402
364,0.964813,"Tillaberi",0,-59846
364,0.964813,"Tillaberi",0,-55989
364,0.964813,"Tillaberi",0,-60246
364,0.964813,"Tillaberi",0,-21477
364,0.964813,"Tillaberi",0,-49717
364,0.964813,"Tillaberi",0,-34350
364,0.964813,"Tillaberi",0,-44947
364,0.964813,"Tillaberi",0,-59088
364,0.964813,"Tillaberi",0,-55308
364,0.964813,"Tillaberi",0,-4974
364,0.964813,"Tillaberi",0,-59172
364,0.964813,"Tillaberi",0,25216
364,0.964813,"Tillaberi",0,-17391
364,0.964813,"Tillaberi",0,-69482
364,0.964813,"Tillaberi",0,-49100
365,1.091258,"Tahoua",0,-72189
365,1.091258,"Tahoua",0,-69763
365,1.091258,"Tahoua",0,-51424
365,1.091258,"Tahoua",0,-63768
365,1.091258,"Tahoua",0,-71082
365,1.091258,"Tahoua",0,-65242
365,1.091258,"Tahoua",0,-50043
365,1.091258,"Tahoua",0,-67345
365,1.091258,"Tahoua",0,-62390
365,1.091258,"Tahoua",0,-60658
365,1.091258,"Tahoua",0,-65576
365,1.091258,"Tahoua",0,-38728
365,1.091258,"Tahoua",0,-72452
365,1.091258,"Tahoua",0,-42454
365,1.091258,"Tahoua",0,-73748
365,1.091258,"Tahoua",0,-65405
365,1.091258,"Tahoua",0,-68604
365,1.091258,"Tahoua",0,-71237
365,1.091258,"Tahoua",0,-72013
365,1.091258,"Tahoua",0,-71053
365,1.091258,"Tahoua",0,-62883
365,1.091258,"Tahoua",0,-74453
365,1.091258,"Tahoua",0,-72673
365,1.091258,"Tahoua",0,-57055
365,1.091258,"Tahoua",0,-61365
366,0.36278,"Tahoua",1,167348
366,0.36278,"Tahoua",1,202466
366,0.36278,"Tahoua",1,5187
366,0.36278,"Tahoua",1,340261
366,0.36278,"Tahoua",1,-41077
366,0.36278,"Tahoua",1,139192
366,0.36278,"Tahoua",1,384641
366,0.36278,"Tahoua",1,126511
366,0.36278,"Tahoua",1,92827
366,0.36278,"Tahoua",1,181619
366,0.36278,"Tahoua",1,-6547
366,0.36278,"Tahoua",1,125590
366,0.36278,"Tahoua",1,362234
366,0.36278,"Tahoua",1,294302
366,0.36278,"Tahoua",1,136732
366,0.36278,"Tahoua",1,199942
366,0.36278,"Tahoua",1,245384
366,0.36278,"Tahoua",1,314991
366,0.36278,"Tahoua",1,171654
366,0.36278,"Tahoua",1,260074
366,0.36278,"Tahoua",1,194373
366,0.36278,"Tahoua",1,-14160
366,0.36278,"Tahoua",1,204622
367,0.633673,"Maradi",1,35174
367,0.633673,"Maradi",1,48782
367,0.633673,"Maradi",1,-1557
367,0.633673,"Maradi",1,-9558
367,0.633673,"Maradi",1,-10907
367,0.633673,"Maradi",1,22335
367,0.633673,"Maradi",1,37470
367,0.633673,"Maradi",1,-11185
367,0.633673,"Maradi",1,26944
367,0.633673,"Maradi",1,-4669
367,0.633673,"Maradi",1,31872
367,0.633673,"Maradi",1,162855
367,0.633673,"Maradi",1,-15621
367,0.633673,"Maradi",1,107085
367,0.633673,"Maradi",1,12898
367,0.633673,"Maradi",1,48257
367,0.633673,"Maradi",1,-17182
367,0.633673,"Maradi",1,933
367,0.633673,"Maradi",1,136226
367,0.633673,"Maradi",1,32353
367,0.633673,"Maradi",1,105950
367,0.633673,"Maradi",1,17544
367,0.633673,"Maradi",1,5051
367,0.633673,"Maradi",1,86882
367,0.633673,"Maradi",1,86453
368,0.163688,"Diffa",0,-51607
368,0.163688,"Diffa",0,-60456
368,0.163688,"Diffa",0,-67336
368,0.163688,"Diffa",0,-54221
368,0.163688,"Diffa",0,-69996
368,0.163688,"Diffa",0,-62937
368,0.163688,"Diffa",0,-60414
368,0.163688,"Diffa",0,-48542
368,0.163688,"Diffa",0,-37107
368,0.163688,"Diffa",0,-59766
368,0.163688,"Diffa",0,-29129
368,0.163688,"Diffa",0,-59189
368,0.163688,"Diffa",0,-30305
368,0.163688,"Diffa",0,-62450
368,0.163688,"Diffa",0,-62938
368,0.163688,"Diffa",0,-60148
368,0.163688,"Diffa",0,-60280
368,0.163688,"Diffa",0,-58672
368,0.163688,"Diffa",0,-62545
369,0.896667,"Dosso",0,-58047
369,0.896667,"Dosso",0,-63668
369,0.896667,"Dosso",0,-56103
369,0.896667,"Dosso",0,-53628
369,0.896667,"Dosso",0,-49763
369,0.896667,"Dosso",0,-35576
369,0.896667,"Dosso",0,-58831
369,0.896667,"Dosso",0,-56658
369,0.896667,"Dosso",0,-54679
369,0.896667,"Dosso",0,-49362
369,0.896667,"Dosso",0,-62709
369,0.896667,"Dosso",0,-58890
369,0.896667,"Dosso",0,28616
369,0.896667,"Dosso",0,-54803
369,0.896667,"Dosso",0,-57305
369,0.896667,"Dosso",0,-58080
369,0.896667,"Dosso",0,-40817
369,0.896667,"Dosso",0,-52773
369,0.896667,"Dosso",0,-62635
369,0.896667,"Dosso",0,-59616
369,0.896667,"Dosso",0,-57680
369,0.896667,"Dosso",0,-58605
369,0.896667,"Dosso",0,-56638
370,0.969792,"Niamey",1,349316
370,0.969792,"Niamey",1,-36380
370,0.969792,"Niamey",1,347386
370,0.969792,"Niamey",1,66277
370,0.969792,"Niamey",1,133983
370,0.969792,"Niamey",1,58931
370,0.969792,"Niamey",1,320725
370,0.969792,"Niamey",1,-236
370,0.969792,"Niamey",1,42399
370,0.969792,"Niamey",1,134801
370,0.969792,"Niamey",1,88163
370,0.969792,"Niamey",1,3041
370,0.969792,"Niamey",1,-34349
370,0.969792,"Niamey",1,131756
370,0.969792,"Niamey",1,88042
370,0.969792,"Niamey",1,10722
370,0.969792,"Niamey",1,254510
370,0.969792,"Niamey",1,224399
370,0.969792,"Niamey",1,72642
370,0.969792,"Niamey",1,49268
370,0.969792,"Niamey",1,91731
370,0.969792,"Niamey",1,253466
370,0.969792,"Niamey",1,129458
370,0.969792,"Niamey",1,60622
370,0.969792,"Niamey",1,105716
371,0.513159,"Agadez",0,-48273
371,0.513159,"Agadez",0,-41703
371,0.513159,"Agadez",0,-67487
371,0.513159,"Agadez",0,-46019
371,0.513159,"Agadez",0,-37703
371,0.513159,"Agadez",0,-50983
371,0.513159,"Agadez",0,-50233
371,0.513159,"Agadez",0,-55065
371,0.513159,"Agadez",0,-47311
371,0.513159,"Agadez",0,-54813
372,0.8324,"Tillaberi",0,-22722
372,0.8324,"Tillaberi",0,-49202
372,0.8324,"Tillaberi",0,-34868
372,0.8324,"Tillaberi",0,-41341
372,0.8324,"Tillaberi",0,-54825
372,0.8324,"Tillaberi",0,-44979
372,0.8324,"Tillaberi",0,-61346
372,0.8324,"Tillaberi",0,-59763
372,0.8324,"Tillaberi",0,-42762
372,0.8324,"Tillaberi",0,-52170
372,0.8324,"Tillaberi",0,-52646
372,0.8324,"Tillaberi",0,-54193
372,0.8324,"Tillaberi",0,-60836
372,0.8324,"Tillaberi",0,-51365
372,0.8324,"Tillaberi",0,-39469
372,0.8324,"Tillaberi",0,-61232
372,0.8324,"Tillaberi",0,-51226
372,0.8324,"Tillaberi",0,-39137
372,0.8324,"Tillaberi",0,-67137
372,0.8324,"Tillaberi",0,-1086
372,0.8324,"Tillaberi",0,-58340
372,0.8324,"Tillaberi",0,-58192
372,0.8324,"Tillaberi",0,-51291
373,1.383946,"Tahoua",0,-60350
373,1.383946,"Tahoua",0,-59688
373,1.383946,"Tahoua",0,-45572
373,1.383946,"Tahoua",0,-53235
373,1.383946,"Tahoua",0,-55053
373,1.383946,"Tahoua",0,-49804
373,1.383946,"Tahoua",0,-60757
373,1.383946,"Tahoua",0,-53795
373,1.383946,"Tahoua",0,-57846
373,1.383946,"Tahoua",0,-52540
373,1.383946,"Tahoua",0,-39796
373,1.383946,"Tahoua",0,-54358
373,1.383946,"Tahoua",0,-57816
373,1.383946,"Tahoua",0,-56423
373,1.383946,"Tahoua",0,-56335
373,1.383946,"Tahoua",0,-58098
373,1.383946,"Tahoua",0,-58326
373,1.383946,"Tahoua",0,-57996
373,1.383946,"Tahoua",0,-45443
373,1.383946,"Tahoua",0,-49139
373,1.383946,"Tahoua",0,-56955
373,1.383946,"Tahoua",0,-39720
373,1.383946,"Tahoua",0,-49642
373,1.383946,"Tahoua",0,-61831
373,1.383946,"Tahoua",0,-61582
374,0.360425,"Diffa",0,-58033
374,0.360425,"Diffa",0,-48349
374,0.360425,"Diffa",0,-69354
374,0.360425,"Diffa",0,-56158
374,0.360425,"Diffa",0,-60665
374,0.360425,"Diffa",0,-58848
374,0.360425,"Diffa",0,-58961
374,0.360425,"Diffa",0,-56642
374,0.360425,"Diffa",0,-55280
374,0.360425,"Diffa",0,-56128
374,0.360425,"Diffa",0,-64765
374,0.360425,"Diffa",0,-57938
374,0.360425,"Diffa",0,-59986
374,0.360425,"Diffa",0,-61985
374,0.360425,"Diffa",0,-61868
374,0.360425,"Diffa",0,-45128
374,0.360425,"Diffa",0,-63288
374,0.360425,"Diffa",0,-62766
374,0.360425,"Diffa",0,-60024
374,0.360425,"Diffa",0,-51918
374,0.360425,"Diffa",0,-66641
374,0.360425,"Diffa",0,-58851
374,0.360425,"Diffa",0,-64520
374,0.360425,"Diffa",0,-56055
375,0.955674,"Dosso",0,-64354
375,0.955674,"Dosso",0,-48165
375,0.955674,"Dosso",0,-56560
375,0.955674,"Dosso",0,-57220
375,0.955674,"Dosso",0,-27865
375,0.955674,"Dosso",0,-58634
375,0.955674,"Dosso",0,-56488
375,0.955674,"Dosso",0,-56975
375,0.955674,"Dosso",0,-49658
375,0.955674,"Dosso",0,-64311
375,0.955674,"Dosso",0,-54605
375,0.955674,"Dosso",0,-54815
375,0.955674,"Dosso",0,-56098
375,0.955674,"Dosso",0,-58234
375,0.955674,"Dosso",0,-57311
375,0.955674,"Dosso",0,-54531
375,0.955674,"Dosso",0,-53655
375,0.955674,"Dosso",0,-59745
375,0.955674,"Dosso",0,-58741
375,0.955674,"Dosso",0,-56164
376,1.311287,"Tillaberi",0,-58062
376,1.311287,"Tillaberi",0,-57066
376,1.311287,"Tillaberi",0,-62595
376,1.311287,"Tillaberi",0,-54895
376,1.311287,"Tillaberi",0,-61268
376,1.311287,"Tillaberi",0,-61381
376,1.311287,"Tillaberi",0,-64613
376,1.311287,"Tillaberi",0,-66173
376,1.311287,"Tillaberi",0,-56993
376,1.311287,"Tillaberi",0,-58850
376,1.311287,"Tillaberi",0,-62178
376,1.311287,"Tillaberi",0,-61511
376,1.311287,"Tillaberi",0,-63968
376,1.311287,"Tillaberi",0,-64196
376,1.311287,"Tillaberi",0,-52638
376,1.311287,"Tillaberi",0,-64344
376,1.311287,"Tillaberi",0,-63200
376,1.311287,"Tillaberi",0,-62355
376,1.311287,"Tillaberi",0,-62361
377,0.152474,"Diffa",0,-68690
377,0.152474,"Diffa",0,-57050
377,0.152474,"Diffa",0,-58573
377,0.152474,"Diffa",0,-54203
377,0.152474,"Diffa",0,-65978
377,0.152474,"Diffa",0,-64268
377,0.152474,"Diffa",0,-62240
377,0.152474,"Diffa",0,-64686
377,0.152474,"Diffa",0,-64613
377,0.152474,"Diffa",0,-63929
377,0.152474,"Diffa",0,-56695
377,0.152474,"Diffa",0,-63183
377,0.152474,"Diffa",0,-66379
377,0.152474,"Diffa",0,-65861
377,0.152474,"Diffa",0,-61475
377,0.152474,"Diffa",0,-59493
377,0.152474,"Diffa",0,-56986
377,0.152474,"Diffa",0,-61616
377,0.152474,"Diffa",0,-65804
377,0.152474,"Diffa",0,-67702
377,0.152474,"Diffa",0,-60623
377,0.152474,"Diffa",0,-58670
377,0.152474,"Diffa",0,-69401
377,0.152474,"Diffa",0,-63861
377,0.152474,"Diffa",0,-65920
378,1.50709,"Tahoua",0,-67374
378,1.50709,"Tahoua",0,-52910
378,1.50709,"Tahoua",0,-65761
378,1.50709,"Tahoua",0,-64701
378,1.50709,"Tahoua",0,-64063
378,1.50709,"Tahoua",0,-57335
378,1.50709,"Tahoua",0,-66173
378,1.50709,"Tahoua",0,-70197
378,1.50709,"Tahoua",0,-64288
378,1.50709,"Tahoua",0,-63811
378,1.50709,"Tahoua",0,-60063
378,1.50709,"Tahoua",0,-61049
378,1.50709,"Tahoua",0,-56806
378,1.50709,"Tahoua",0,-64368
378,1.50709,"Tahoua",0,-66055
378,1.50709,"Tahoua",0,-55820
378,1.50709,"Tahoua",0,-62735
378,1.50709,"Tahoua",0,-68049
378,1.50709,"Tahoua",0,-59483
378,1.50709,"Tahoua",0,-55020
378,1.50709,"Tahoua",0,-36925
378,1.50709,"Tahoua",0,-67041
378,1.50709,"Tahoua",0,-61000
378,1.50709,"Tahoua",0,-68631
378,1.50709,"Tahoua",0,-65890
379,2.934305,"Tahoua",0,-61408
379,2.934305,"Tahoua",0,-55513
379,2.934305,"Tahoua",0,-70043
379,2.934305,"Tahoua",0,-50639
379,2.934305,"Tahoua",0,-68609
379,2.934305,"Tahoua",0,-66232
379,2.934305,"Tahoua",0,-59411
379,2.934305,"Tahoua",0,-66657
379,2.934305,"Tahoua",0,-23222
379,2.934305,"Tahoua",0,-62580
379,2.934305,"Tahoua",0,-59485
379,2.934305,"Tahoua",0,-66966
379,2.934305,"Tahoua",0,-54938
379,2.934305,"Tahoua",0,-56028
379,2.934305,"Tahoua",0,-59160
379,2.934305,"Tahoua",0,-63848
379,2.934305,"Tahoua",0,-61471
379,2.934305,"Tahoua",0,-62408
379,2.934305,"Tahoua",0,-62724
379,2.934305,"Tahoua",0,-54323
379,2.934305,"Tahoua",0,-62585
379,2.934305,"Tahoua",0,-57540
379,2.934305,"Tahoua",0,-60580
379,2.934305,"Tahoua",0,-35370
380,1.821132,"Zinder",0,-74138
380,1.821132,"Zinder",0,-64610
380,1.821132,"Zinder",0,-63433
380,1.821132,"Zinder",0,-75677
380,1.821132,"Zinder",0,-65531
380,1.821132,"Zinder",0,-58312
380,1.821132,"Zinder",0,-71419
380,1.821132,"Zinder",0,-62207
380,1.821132,"Zinder",0,-73036
380,1.821132,"Zinder",0,-67763
380,1.821132,"Zinder",0,-72199
380,1.821132,"Zinder",0,-74107
380,1.821132,"Zinder",0,-72329
380,1.821132,"Zinder",0,-71009
380,1.821132,"Zinder",0,-63973
380,1.821132,"Zinder",0,-72095
380,1.821132,"Zinder",0,-63433
380,1.821132,"Zinder",0,-73056
381,0.519669,"Maradi",1,2217
381,0.519669,"Maradi",1,11168
381,0.519669,"Maradi",1,18655
381,0.519669,"Maradi",1,39822
381,0.519669,"Maradi",1,30528
381,0.519669,"Maradi",1,-7391
381,0.519669,"Maradi",1,-6101
381,0.519669,"Maradi",1,34917
381,0.519669,"Maradi",1,28775
381,0.519669,"Maradi",1,52666
381,0.519669,"Maradi",1,49786
381,0.519669,"Maradi",1,41034
381,0.519669,"Maradi",1,32414
381,0.519669,"Maradi",1,55331
381,0.519669,"Maradi",1,-16082
381,0.519669,"Maradi",1,60532
381,0.519669,"Maradi",1,-3962
381,0.519669,"Maradi",1,29295
381,0.519669,"Maradi",1,24864
381,0.519669,"Maradi",1,-19065
381,0.519669,"Maradi",1,8516
381,0.519669,"Maradi",1,31877
381,0.519669,"Maradi",1,16482
381,0.519669,"Maradi",1,-9066
381,0.519669,"Maradi",1,-23527
382,0.528422,"Dosso",1,-6317
382,0.528422,"Dosso",1,-41394
382,0.528422,"Dosso",1,-4308
382,0.528422,"Dosso",1,57450
382,0.528422,"Dosso",1,-23854
382,0.528422,"Dosso",1,-31005
382,0.528422,"Dosso",1,-697
382,0.528422,"Dosso",1,-13016
382,0.528422,"Dosso",1,-52881
382,0.528422,"Dosso",1,-11208
382,0.528422,"Dosso",1,-8314
382,0.528422,"Dosso",1,-26263
382,0.528422,"Dosso",1,-28110
382,0.528422,"Dosso",1,-60590
382,0.528422,"Dosso",1,175
382,0.528422,"Dosso",1,-39198
382,0.528422,"Dosso",1,14561
382,0.528422,"Dosso",1,-38798
383,1.149491,"Tillaberi",0,-57347
383,1.149491,"Tillaberi",0,-58153
383,1.149491,"Tillaberi",0,-58047
383,1.149491,"Tillaberi",0,-55058
383,1.149491,"Tillaberi",0,-60844
383,1.149491,"Tillaberi",0,-61126
383,1.149491,"Tillaberi",0,-61213
383,1.149491,"Tillaberi",0,-55246
383,1.149491,"Tillaberi",0,-58390
383,1.149491,"Tillaberi",0,-55625
383,1.149491,"Tillaberi",0,-48658
383,1.149491,"Tillaberi",0,-58551
383,1.149491,"Tillaberi",0,-66148
383,1.149491,"Tillaberi",0,-61148
383,1.149491,"Tillaberi",0,-53771
383,1.149491,"Tillaberi",0,-54748
383,1.149491,"Tillaberi",0,-67448
383,1.149491,"Tillaberi",0,-61985
383,1.149491,"Tillaberi",0,-55386
383,1.149491,"Tillaberi",0,-56177
383,1.149491,"Tillaberi",0,-2361
383,1.149491,"Tillaberi",0,-61185
383,1.149491,"Tillaberi",0,-57828
384,0.387542,"Diffa",0,-54164
384,0.387542,"Diffa",0,-63581
384,0.387542,"Diffa",0,-59300
384,0.387542,"Diffa",0,-21563
384,0.387542,"Diffa",0,-52976
384,0.387542,"Diffa",0,-60740
384,0.387542,"Diffa",0,-61914
384,0.387542,"Diffa",0,-55450
384,0.387542,"Diffa",0,-62125
384,0.387542,"Diffa",0,-51375
384,0.387542,"Diffa",0,-54526
384,0.387542,"Diffa",0,-51755
384,0.387542,"Diffa",0,-56986
384,0.387542,"Diffa",0,-30410
384,0.387542,"Diffa",0,-10436
384,0.387542,"Diffa",0,-57791
384,0.387542,"Diffa",0,-57423
384,0.387542,"Diffa",0,-30928
384,0.387542,"Diffa",0,-54918
384,0.387542,"Diffa",0,-46548
384,0.387542,"Diffa",0,-28186
384,0.387542,"Diffa",0,-55564
384,0.387542,"Diffa",0,-56688
384,0.387542,"Diffa",0,-45693
384,0.387542,"Diffa",0,-57691
385,0.665679,"Maradi",1,9590
385,0.665679,"Maradi",1,35422
385,0.665679,"Maradi",1,185002
385,0.665679,"Maradi",1,35871
385,0.665679,"Maradi",1,104241
385,0.665679,"Maradi",1,17151
385,0.665679,"Maradi",1,106546
385,0.665679,"Maradi",1,78725
385,0.665679,"Maradi",1,53052
385,0.665679,"Maradi",1,15884
385,0.665679,"Maradi",1,-13724
385,0.665679,"Maradi",1,59855
385,0.665679,"Maradi",1,38577
385,0.665679,"Maradi",1,26362
385,0.665679,"Maradi",1,71344
385,0.665679,"Maradi",1,35632
385,0.665679,"Maradi",1,151380
385,0.665679,"Maradi",1,55635
385,0.665679,"Maradi",1,-12556
385,0.665679,"Maradi",1,165775
385,0.665679,"Maradi",1,166805
385,0.665679,"Maradi",1,72927
386,1.184952,"Tahoua",0,-20580
386,1.184952,"Tahoua",0,-51308
386,1.184952,"Tahoua",0,-55023
386,1.184952,"Tahoua",0,-63222
386,1.184952,"Tahoua",0,-47724
386,1.184952,"Tahoua",0,-48773
386,1.184952,"Tahoua",0,-49312
386,1.184952,"Tahoua",0,-49348
386,1.184952,"Tahoua",0,-64845
386,1.184952,"Tahoua",0,-58037
386,1.184952,"Tahoua",0,-49085
386,1.184952,"Tahoua",0,-56433
386,1.184952,"Tahoua",0,-45577
386,1.184952,"Tahoua",0,-16872
386,1.184952,"Tahoua",0,-49840
386,1.184952,"Tahoua",0,-32587
386,1.184952,"Tahoua",0,-56716
386,1.184952,"Tahoua",0,-54755
386,1.184952,"Tahoua",0,-56786
386,1.184952,"Tahoua",0,-38743
387,0.688909,"Tillaberi",0,-60136
387,0.688909,"Tillaberi",0,-51980
387,0.688909,"Tillaberi",0,-55206
387,0.688909,"Tillaberi",0,-55008
387,0.688909,"Tillaberi",0,-25150
387,0.688909,"Tillaberi",0,-60524
387,0.688909,"Tillaberi",0,-53486
387,0.688909,"Tillaberi",0,-54605
387,0.688909,"Tillaberi",0,-52436
387,0.688909,"Tillaberi",0,-52659
387,0.688909,"Tillaberi",0,-55838
387,0.688909,"Tillaberi",0,-17665
387,0.688909,"Tillaberi",0,-25462
387,0.688909,"Tillaberi",0,-61924
387,0.688909,"Tillaberi",0,-58785
387,0.688909,"Tillaberi",0,-60566
387,0.688909,"Tillaberi",0,-55643
387,0.688909,"Tillaberi",0,-62457
387,0.688909,"Tillaberi",0,-47618
388,2.390231,"Zinder",0,-34747
388,2.390231,"Zinder",0,-42638
388,2.390231,"Zinder",0,-70948
388,2.390231,"Zinder",0,-69162
388,2.390231,"Zinder",0,-65558
388,2.390231,"Zinder",0,-59199
388,2.390231,"Zinder",0,-58535
388,2.390231,"Zinder",0,-56298
388,2.390231,"Zinder",0,-63685
388,2.390231,"Zinder",0,-61247
388,2.390231,"Zinder",0,-59891
388,2.390231,"Zinder",0,-59138
388,2.390231,"Zinder",0,-70363
388,2.390231,"Zinder",0,-60305
388,2.390231,"Zinder",0,-63049
389,1.828139,"Zinder",0,-54818
389,1.828139,"Zinder",0,-41344
389,1.828139,"Zinder",0,-52855
389,1.828139,"Zinder",0,-57496
389,1.828139,"Zinder",0,-56006
389,1.828139,"Zinder",0,-61206
389,1.828139,"Zinder",0,-54398
389,1.828139,"Zinder",0,-10291
389,1.828139,"Zinder",0,-62763
389,1.828139,"Zinder",0,-5913
389,1.828139,"Zinder",0,-7609
389,1.828139,"Zinder",0,-57571
389,1.828139,"Zinder",0,-43742
389,1.828139,"Zinder",0,-41791
389,1.828139,"Zinder",0,-26089
389,1.828139,"Zinder",0,-36797
389,1.828139,"Zinder",0,-42785
389,1.828139,"Zinder",0,-54846
389,1.828139,"Zinder",0,135700
389,1.828139,"Zinder",0,-29279
389,1.828139,"Zinder",0,-37365
389,1.828139,"Zinder",0,-46415
390,0.586466,"Tillaberi",0,-52743
390,0.586466,"Tillaberi",0,-18185
390,0.586466,"Tillaberi",0,-63927
390,0.586466,"Tillaberi",0,-10337
390,0.586466,"Tillaberi",0,-60107
390,0.586466,"Tillaberi",0,-24746
390,0.586466,"Tillaberi",0,-33830
390,0.586466,"Tillaberi",0,-56767
390,0.586466,"Tillaberi",0,-52934
390,0.586466,"Tillaberi",0,-43342
390,0.586466,"Tillaberi",0,-54875
390,0.586466,"Tillaberi",0,-58717
390,0.586466,"Tillaberi",0,-56438
390,0.586466,"Tillaberi",0,-59283
390,0.586466,"Tillaberi",0,-51950
390,0.586466,"Tillaberi",0,-47650
390,0.586466,"Tillaberi",0,-62017
390,0.586466,"Tillaberi",0,-40154
390,0.586466,"Tillaberi",0,-20355
390,0.586466,"Tillaberi",0,-20124
391,1.04862,"Maradi",0,-20224
391,1.04862,"Maradi",0,-57201
391,1.04862,"Maradi",0,-61119
391,1.04862,"Maradi",0,-59312
391,1.04862,"Maradi",0,-60992
391,1.04862,"Maradi",0,-47498
391,1.04862,"Maradi",0,-56905
391,1.04862,"Maradi",0,-51668
391,1.04862,"Maradi",0,-61724
391,1.04862,"Maradi",0,-51071
391,1.04862,"Maradi",0,-61612
391,1.04862,"Maradi",0,-63422
391,1.04862,"Maradi",0,-59401
391,1.04862,"Maradi",0,-57081
391,1.04862,"Maradi",0,-57269
391,1.04862,"Maradi",0,-57074
391,1.04862,"Maradi",0,-60912
391,1.04862,"Maradi",0,-21920
391,1.04862,"Maradi",0,-57094
391,1.04862,"Maradi",0,-63783
391,1.04862,"Maradi",0,-60934
392,0.657744,"Dosso",1,-37665
392,0.657744,"Dosso",1,-46068
392,0.657744,"Dosso",1,-35077
392,0.657744,"Dosso",1,-36291
392,0.657744,"Dosso",1,13591
392,0.657744,"Dosso",1,-38408
392,0.657744,"Dosso",1,-72817
392,0.657744,"Dosso",1,-62852
392,0.657744,"Dosso",1,11479
392,0.657744,"Dosso",1,-7504
392,0.657744,"Dosso",1,-56256
392,0.657744,"Dosso",1,-46560
392,0.657744,"Dosso",1,48626
392,0.657744,"Dosso",1,64720
392,0.657744,"Dosso",1,-21015
392,0.657744,"Dosso",1,42891
392,0.657744,"Dosso",1,-16813
392,0.657744,"Dosso",1,106749
393,1.480632,"Maradi",0,-20625
393,1.480632,"Maradi",0,-59590
393,1.480632,"Maradi",0,-2065
393,1.480632,"Maradi",0,41441
393,1.480632,"Maradi",0,740
393,1.480632,"Maradi",0,-48447
393,1.480632,"Maradi",0,35040
393,1.480632,"Maradi",0,-59609
393,1.480632,"Maradi",0,-1375
393,1.480632,"Maradi",0,-49341
393,1.480632,"Maradi",0,39909
393,1.480632,"Maradi",0,-48227
393,1.480632,"Maradi",0,-34838
393,1.480632,"Maradi",0,-19512
393,1.480632,"Maradi",0,-56818
393,1.480632,"Maradi",0,2667
393,1.480632,"Maradi",0,-46275
393,1.480632,"Maradi",0,-49282
393,1.480632,"Maradi",0,-55761
393,1.480632,"Maradi",0,-65110
393,1.480632,"Maradi",0,-50820
393,1.480632,"Maradi",0,-54598
393,1.480632,"Maradi",0,-54161
393,1.480632,"Maradi",0,-48127
394,0.260414,"Agadez",1,23748
394,0.260414,"Agadez",1,88694
394,0.260414,"Agadez",1,58768
394,0.260414,"Agadez",1,69587
394,0.260414,"Agadez",1,268604
394,0.260414,"Agadez",1,235546
394,0.260414,"Agadez",1,139096
394,0.260414,"Agadez",1,154642
394,0.260414,"Agadez",1,223336
394,0.260414,"Agadez",1,263730
394,0.260414,"Agadez",1,163242
394,0.260414,"Agadez",1,217091
394,0.260414,"Agadez",1,53447
394,0.260414,"Agadez",1,31489
394,0.260414,"Agadez",1,32585
394,0.260414,"Agadez",1,198593
394,0.260414,"Agadez",1,-10021
394,0.260414,"Agadez",1,151310
394,0.260414,"Agadez",1,97854
394,0.260414,"Agadez",1,54601
394,0.260414,"Agadez",1,51532
394,0.260414,"Agadez",1,104772
394,0.260414,"Agadez",1,104502
394,0.260414,"Agadez",1,150972
394,0.260414,"Agadez",1,84362
395,0.468172,"Niamey",1,132205
395,0.468172,"Niamey",1,389432
395,0.468172,"Niamey",1,270710
395,0.468172,"Niamey",1,327647
395,0.468172,"Niamey",1,11469
395,0.468172,"Niamey",1,1041
395,0.468172,"Niamey",1,410320
395,0.468172,"Niamey",1,161860
395,0.468172,"Niamey",1,38987
395,0.468172,"Niamey",1,192248
395,0.468172,"Niamey",1,14098
395,0.468172,"Niamey",1,57080
395,0.468172,"Niamey",1,484722
395,0.468172,"Niamey",1,77267
395,0.468172,"Niamey",1,369897
395,0.468172,"Niamey",1,115125
395,0.468172,"Niamey",1,20456
395,0.468172,"Niamey",1,284731
395,0.468172,"Niamey",1,129160
395,0.468172,"Niamey",1,188630
395,0.468172,"Niamey",1,326641
395,0.468172,"Niamey",1,432639
395,0.468172,"Niamey",1,239154
396,0.427025,"Agadez",1,92156
396,0.427025,"Agadez",1,161337
396,0.427025,"Agadez",1,76594
396,0.427025,"Agadez",1,48170
396,0.427025,"Agadez",1,154033
396,0.427025,"Agadez",1,22155
396,0.427025,"Agadez",1,63810
396,0.427025,"Agadez",1,601143
396,0.427025,"Agadez",1,132854
396,0.427025,"Agadez",1,295452
396,0.427025,"Agadez",1,60524
396,0.427025,"Agadez",1,162792
396,0.427025,"Agadez",1,110260
396,0.427025,"Agadez",1,111284
396,0.427025,"Agadez",1,115043
396,0.427025,"Agadez",1,115245
396,0.427025,"Agadez",1,41939
396,0.427025,"Agadez",1,20205
396,0.427025,"Agadez",1,172475
396,0.427025,"Agadez",1,73637
396,0.427025,"Agadez",1,214140
396,0.427025,"Agadez",1,150780
396,0.427025,"Agadez",1,162876
396,0.427025,"Agadez",1,-19284
397,0.790746,"Tillaberi",0,-17361
397,0.790746,"Tillaberi",0,-61901
397,0.790746,"Tillaberi",0,-49855
397,0.790746,"Tillaberi",0,-38712
397,0.790746,"Tillaberi",0,-28873
397,0.790746,"Tillaberi",0,-64655
397,0.790746,"Tillaberi",0,-62830
397,0.790746,"Tillaberi",0,-51371
397,0.790746,"Tillaberi",0,-54652
397,0.790746,"Tillaberi",0,-50458
397,0.790746,"Tillaberi",0,65954
397,0.790746,"Tillaberi",0,-61446
397,0.790746,"Tillaberi",0,-56171
397,0.790746,"Tillaberi",0,-36169
397,0.790746,"Tillaberi",0,-41981
397,0.790746,"Tillaberi",0,-50312
397,0.790746,"Tillaberi",0,-51393
397,0.790746,"Tillaberi",0,-26437
397,0.790746,"Tillaberi",0,-56174
397,0.790746,"Tillaberi",0,-52365
397,0.790746,"Tillaberi",0,-51322
397,0.790746,"Tillaberi",0,-42314
397,0.790746,"Tillaberi",0,-15429
397,0.790746,"Tillaberi",0,-51296
397,0.790746,"Tillaberi",0,-60551
398,0.871129,"Dosso",0,-62723
398,0.871129,"Dosso",0,-26515
398,0.871129,"Dosso",0,-54303
398,0.871129,"Dosso",0,-6735
398,0.871129,"Dosso",0,-52203
398,0.871129,"Dosso",0,5816
398,0.871129,"Dosso",0,-32727
398,0.871129,"Dosso",0,-50595
398,0.871129,"Dosso",0,-35635
398,0.871129,"Dosso",0,-58136
398,0.871129,"Dosso",0,-58967
398,0.871129,"Dosso",0,-28128
398,0.871129,"Dosso",0,-56466
398,0.871129,"Dosso",0,-34004
398,0.871129,"Dosso",0,-59665
398,0.871129,"Dosso",0,-59155
398,0.871129,"Dosso",0,-54563
398,0.871129,"Dosso",0,-63017
398,0.871129,"Dosso",0,-36493
398,0.871129,"Dosso",0,-54456
398,0.871129,"Dosso",0,-51228
398,0.871129,"Dosso",0,-59105
398,0.871129,"Dosso",0,-29643
398,0.871129,"Dosso",0,-61626
398,0.871129,"Dosso",0,-51365
399,0.988747,"Maradi",0,-59195
399,0.988747,"Maradi",0,-42548
399,0.988747,"Maradi",0,-19694
399,0.988747,"Maradi",0,-51753
399,0.988747,"Maradi",0,-60459
399,0.988747,"Maradi",0,-57960
399,0.988747,"Maradi",0,-55775
399,0.988747,"Maradi",0,-60068
399,0.988747,"Maradi",0,-61433
399,0.988747,"Maradi",0,-61878
399,0.988747,"Maradi",0,-60753
399,0.988747,"Maradi",0,-56474
399,0.988747,"Maradi",0,-55728
399,0.988747,"Maradi",0,-52055
399,0.988747,"Maradi",0,-51637
399,0.988747,"Maradi",0,-53370
399,0.988747,"Maradi",0,-64830
399,0.988747,"Maradi",0,-60697
399,0.988747,"Maradi",0,-54115
399,0.988747,"Maradi",0,-47923
399,0.988747,"Maradi",0,-46412
399,0.988747,"Maradi",0,-58451
399,0.988747,"Maradi",0,-43378
399,0.988747,"Maradi",0,-58523
399,0.988747,"Maradi",0,-59963
400,1.508452,"Zinder",0,-56318
400,1.508452,"Zinder",0,-43400
400,1.508452,"Zinder",0,-40248
400,1.508452,"Zinder",0,-13447
400,1.508452,"Zinder",0,5198
400,1.508452,"Zinder",0,-44192
400,1.508452,"Zinder",0,-57620
400,1.508452,"Zinder",0,-26215
400,1.508452,"Zinder",0,-50463
400,1.508452,"Zinder",0,-18937
400,1.508452,"Zinder",0,-55580
400,1.508452,"Zinder",0,-43841
400,1.508452,"Zinder",0,-44352
400,1.508452,"Zinder",0,-40359
400,1.508452,"Zinder",0,-36068
400,1.508452,"Zinder",0,-61897
400,1.508452,"Zinder",0,16593
400,1.508452,"Zinder",0,-67
400,1.508452,"Zinder",0,-51276
400,1.508452,"Zinder",0,-63991
401,0.666626,"Zinder",1,77019
401,0.666626,"Zinder",1,-6008
401,0.666626,"Zinder",1,62302
401,0.666626,"Zinder",1,102558
401,0.666626,"Zinder",1,155208
401,0.666626,"Zinder",1,578
401,0.666626,"Zinder",1,40424
401,0.666626,"Zinder",1,72137
401,0.666626,"Zinder",1,76340
401,0.666626,"Zinder",1,55707
401,0.666626,"Zinder",1,-14515
401,0.666626,"Zinder",1,57418
401,0.666626,"Zinder",1,190132
401,0.666626,"Zinder",1,160411
401,0.666626,"Zinder",1,25195
401,0.666626,"Zinder",1,148780
401,0.666626,"Zinder",1,260536
401,0.666626,"Zinder",1,187409
401,0.666626,"Zinder",1,108347
401,0.666626,"Zinder",1,133069
401,0.666626,"Zinder",1,422703
401,0.666626,"Zinder",1,103692
401,0.666626,"Zinder",1,172958
401,0.666626,"Zinder",1,-24299
401,0.666626,"Zinder",1,133633
402,2.022167,"Tahoua",0,-48194
402,2.022167,"Tahoua",0,-50843
402,2.022167,"Tahoua",0,-49950
402,2.022167,"Tahoua",0,-56184
402,2.022167,"Tahoua",0,-65085
402,2.022167,"Tahoua",0,-60947
402,2.022167,"Tahoua",0,-45404
402,2.022167,"Tahoua",0,-51590
402,2.022167,"Tahoua",0,-63301
402,2.022167,"Tahoua",0,-51466
402,2.022167,"Tahoua",0,-54033
402,2.022167,"Tahoua",0,-49415
402,2.022167,"Tahoua",0,-60195
402,2.022167,"Tahoua",0,-67625
402,2.022167,"Tahoua",0,-56800
402,2.022167,"Tahoua",0,-61701
402,2.022167,"Tahoua",0,-55745
402,2.022167,"Tahoua",0,-59277
402,2.022167,"Tahoua",0,-63083
402,2.022167,"Tahoua",0,-52975
402,2.022167,"Tahoua",0,-56738
402,2.022167,"Tahoua",0,-51936
402,2.022167,"Tahoua",0,-57008
402,2.022167,"Tahoua",0,-61320
403,0.66638,"Maradi",1,-32133
403,0.66638,"Maradi",1,101411
403,0.66638,"Maradi",1,-39243
403,0.66638,"Maradi",1,57033
403,0.66638,"Maradi",1,-13346
403,0.66638,"Maradi",1,67273
403,0.66638,"Maradi",1,-31894
403,0.66638,"Maradi",1,32038
403,0.66638,"Maradi",1,189910
403,0.66638,"Maradi",1,92321
403,0.66638,"Maradi",1,-49409
403,0.66638,"Maradi",1,-36689
403,0.66638,"Maradi",1,4612
403,0.66638,"Maradi",1,170057
403,0.66638,"Maradi",1,-2503
403,0.66638,"Maradi",1,34620
403,0.66638,"Maradi",1,116418
403,0.66638,"Maradi",1,15528
403,0.66638,"Maradi",1,20742
403,0.66638,"Maradi",1,-30909
403,0.66638,"Maradi",1,-291
403,0.66638,"Maradi",1,105109
403,0.66638,"Maradi",1,124804
404,0.573095,"Niamey",1,175053
404,0.573095,"Niamey",1,223258
404,0.573095,"Niamey",1,176976
404,0.573095,"Niamey",1,198269
404,0.573095,"Niamey",1,26000
404,0.573095,"Niamey",1,281329
404,0.573095,"Niamey",1,111504
404,0.573095,"Niamey",1,35768
404,0.573095,"Niamey",1,203371
404,0.573095,"Niamey",1,18708
404,0.573095,"Niamey",1,5973
404,0.573095,"Niamey",1,217979
404,0.573095,"Niamey",1,32670
404,0.573095,"Niamey",1,200693
404,0.573095,"Niamey",1,108237
404,0.573095,"Niamey",1,168104
404,0.573095,"Niamey",1,363161
404,0.573095,"Niamey",1,172650
404,0.573095,"Niamey",1,90323
404,0.573095,"Niamey",1,138716
404,0.573095,"Niamey",1,-12312
404,0.573095,"Niamey",1,101970
404,0.573095,"Niamey",1,94057
404,0.573095,"Niamey",1,74344
405,1.232529,"Zinder",0,-58782
405,1.232529,"Zinder",0,-60500
405,1.232529,"Zinder",0,-50398
405,1.232529,"Zinder",0,-38646
405,1.232529,"Zinder",0,-47820
405,1.232529,"Zinder",0,263792
405,1.232529,"Zinder",0,-40287
405,1.232529,"Zinder",0,-51251
405,1.232529,"Zinder",0,-43263
405,1.232529,"Zinder",0,-47732
405,1.232529,"Zinder",0,-62606
405,1.232529,"Zinder",0,-49485
405,1.232529,"Zinder",0,-57306
405,1.232529,"Zinder",0,-54032
405,1.232529,"Zinder",0,-51945
405,1.232529,"Zinder",0,-66690
405,1.232529,"Zinder",0,-43325
405,1.232529,"Zinder",0,-64366
405,1.232529,"Zinder",0,-58808
405,1.232529,"Zinder",0,-29469
405,1.232529,"Zinder",0,-61522
405,1.232529,"Zinder",0,-61378
405,1.232529,"Zinder",0,-63525
406,1.432269,"Tahoua",0,-26006
406,1.432269,"Tahoua",0,-58699
406,1.432269,"Tahoua",0,-66941
406,1.432269,"Tahoua",0,-61975
406,1.432269,"Tahoua",0,-20483
406,1.432269,"Tahoua",0,-69019
406,1.432269,"Tahoua",0,-65840
406,1.432269,"Tahoua",0,-57604
406,1.432269,"Tahoua",0,-66201
406,1.432269,"Tahoua",0,-61738
406,1.432269,"Tahoua",0,-52620
406,1.432269,"Tahoua",0,-61420
406,1.432269,"Tahoua",0,-68417
406,1.432269,"Tahoua",0,-58997
406,1.432269,"Tahoua",0,-56713
406,1.432269,"Tahoua",0,-63843
406,1.432269,"Tahoua",0,-62728
406,1.432269,"Tahoua",0,-61195
406,1.432269,"Tahoua",0,-66834
406,1.432269,"Tahoua",0,-63415
406,1.432269,"Tahoua",0,-67941
406,1.432269,"Tahoua",0,-64676
406,1.432269,"Tahoua",0,-59271
406,1.432269,"Tahoua",0,-35357
407,0.178652,"Diffa",1,-28778
407,0.178652,"Diffa",1,190474
407,0.178652,"Diffa",1,185059
407,0.178652,"Diffa",1,98140
407,0.178652,"Diffa",1,305003
407,0.178652,"Diffa",1,231287
407,0.178652,"Diffa",1,125244
407,0.178652,"Diffa",1,209672
407,0.178652,"Diffa",1,225220
407,0.178652,"Diffa",1,176796
407,0.178652,"Diffa",1,90169
407,0.178652,"Diffa",1,-21656
407,0.178652,"Diffa",1,-8237
407,0.178652,"Diffa",1,6792
407,0.178652,"Diffa",1,231694
407,0.178652,"Diffa",1,132856
407,0.178652,"Diffa",1,28047
407,0.178652,"Diffa",1,22489
407,0.178652,"Diffa",1,179083
407,0.178652,"Diffa",1,69949
407,0.178652,"Diffa",1,-13791
407,0.178652,"Diffa",1,-466
407,0.178652,"Diffa",1,165578
407,0.178652,"Diffa",1,29568
408,1.24931,"Maradi",0,-63419
408,1.24931,"Maradi",0,-52566
408,1.24931,"Maradi",0,-63173
408,1.24931,"Maradi",0,-59304
408,1.24931,"Maradi",0,-60578
408,1.24931,"Maradi",0,-36727
408,1.24931,"Maradi",0,-64778
408,1.24931,"Maradi",0,-31267
408,1.24931,"Maradi",0,-53947
408,1.24931,"Maradi",0,-52991
408,1.24931,"Maradi",0,-61563
408,1.24931,"Maradi",0,-59165
408,1.24931,"Maradi",0,-49379
408,1.24931,"Maradi",0,-53261
408,1.24931,"Maradi",0,-60019
408,1.24931,"Maradi",0,-43399
408,1.24931,"Maradi",0,-57410
408,1.24931,"Maradi",0,-59095
408,1.24931,"Maradi",0,-64740
408,1.24931,"Maradi",0,-54003
408,1.24931,"Maradi",0,-46067
408,1.24931,"Maradi",0,-66526
408,1.24931,"Maradi",0,-64181
408,1.24931,"Maradi",0,-59581
409,0.68663,"Tillaberi",0,-43367
409,0.68663,"Tillaberi",0,-58478
409,0.68663,"Tillaberi",0,-34376
409,0.68663,"Tillaberi",0,-50568
409,0.68663,"Tillaberi",0,-54626
409,0.68663,"Tillaberi",0,-47844
409,0.68663,"Tillaberi",0,-61045
409,0.68663,"Tillaberi",0,-55693
409,0.68663,"Tillaberi",0,-52103
409,0.68663,"Tillaberi",0,-55365
409,0.68663,"Tillaberi",0,-55147
409,0.68663,"Tillaberi",0,-66880
409,0.68663,"Tillaberi",0,-52343
409,0.68663,"Tillaberi",0,-52231
409,0.68663,"Tillaberi",0,-45345
409,0.68663,"Tillaberi",0,-62898
409,0.68663,"Tillaberi",0,-48857
409,0.68663,"Tillaberi",0,-50922
409,0.68663,"Tillaberi",0,-59976
409,0.68663,"Tillaberi",0,-55810
410,1.030614,"Zinder",1,1184
410,1.030614,"Zinder",1,516
410,1.030614,"Zinder",1,-24975
410,1.030614,"Zinder",1,36353
410,1.030614,"Zinder",1,78382
410,1.030614,"Zinder",1,-26513
410,1.030614,"Zinder",1,-12907
410,1.030614,"Zinder",1,126250
410,1.030614,"Zinder",1,9499
410,1.030614,"Zinder",1,-24151
410,1.030614,"Zinder",1,27194
410,1.030614,"Zinder",1,19514
410,1.030614,"Zinder",1,-21047
410,1.030614,"Zinder",1,20114
410,1.030614,"Zinder",1,44804
410,1.030614,"Zinder",1,6980
410,1.030614,"Zinder",1,3260
410,1.030614,"Zinder",1,-24773
410,1.030614,"Zinder",1,-2811
410,1.030614,"Zinder",1,-5451
410,1.030614,"Zinder",1,-2353
410,1.030614,"Zinder",1,5454
411,0.35698,"Agadez",0,-66495
411,0.35698,"Agadez",0,-54535
411,0.35698,"Agadez",0,-69474
411,0.35698,"Agadez",0,-67893
411,0.35698,"Agadez",0,-71876
411,0.35698,"Agadez",0,-64483
411,0.35698,"Agadez",0,-77352
411,0.35698,"Agadez",0,-64953
411,0.35698,"Agadez",0,-58982
411,0.35698,"Agadez",0,-68312
411,0.35698,"Agadez",0,-69000
411,0.35698,"Agadez",0,-67602
411,0.35698,"Agadez",0,-63675
411,0.35698,"Agadez",0,-70852
411,0.35698,"Agadez",0,-73481
411,0.35698,"Agadez",0,-62853
411,0.35698,"Agadez",0,-69453
411,0.35698,"Agadez",0,-64416
411,0.35698,"Agadez",0,-71237
411,0.35698,"Agadez",0,-70617
411,0.35698,"Agadez",0,-55230
411,0.35698,"Agadez",0,-67205
412,1.418444,"Tillaberi",0,-23893
412,1.418444,"Tillaberi",0,13980
412,1.418444,"Tillaberi",0,-37183
412,1.418444,"Tillaberi",0,-52066
412,1.418444,"Tillaberi",0,-46137
412,1.418444,"Tillaberi",0,69622
412,1.418444,"Tillaberi",0,3713
412,1.418444,"Tillaberi",0,9907
412,1.418444,"Tillaberi",0,101811
412,1.418444,"Tillaberi",0,82018
412,1.418444,"Tillaberi",0,-3030
412,1.418444,"Tillaberi",0,74454
412,1.418444,"Tillaberi",0,61674
412,1.418444,"Tillaberi",0,269522
412,1.418444,"Tillaberi",0,54701
412,1.418444,"Tillaberi",0,-14650
412,1.418444,"Tillaberi",0,16340
412,1.418444,"Tillaberi",0,8729
412,1.418444,"Tillaberi",0,60672
412,1.418444,"Tillaberi",0,31257
412,1.418444,"Tillaberi",0,37813
412,1.418444,"Tillaberi",0,31678
413,2.643169,"Maradi",0,-63575
413,2.643169,"Maradi",0,1122
413,2.643169,"Maradi",0,-20217
413,2.643169,"Maradi",0,-54710
413,2.643169,"Maradi",0,398373
413,2.643169,"Maradi",0,62824
413,2.643169,"Maradi",0,-34560
413,2.643169,"Maradi",0,44175
413,2.643169,"Maradi",0,-12344
413,2.643169,"Maradi",0,-56625
413,2.643169,"Maradi",0,8815
413,2.643169,"Maradi",0,-41787
413,2.643169,"Maradi",0,-20527
413,2.643169,"Maradi",0,168209
413,2.643169,"Maradi",0,-15159
413,2.643169,"Maradi",0,40329
413,2.643169,"Maradi",0,-23033
413,2.643169,"Maradi",0,-29864
413,2.643169,"Maradi",0,-53028
413,2.643169,"Maradi",0,186375
413,2.643169,"Maradi",0,26104
413,2.643169,"Maradi",0,-50476
413,2.643169,"Maradi",0,-43653
413,2.643169,"Maradi",0,-49450
413,2.643169,"Maradi",0,64230
414,0.373591,"Niamey",1,-40421
414,0.373591,"Niamey",1,199242
414,0.373591,"Niamey",1,305315
414,0.373591,"Niamey",1,-3290
414,0.373591,"Niamey",1,191163
414,0.373591,"Niamey",1,377951
414,0.373591,"Niamey",1,36844
414,0.373591,"Niamey",1,152647
414,0.373591,"Niamey",1,-7183
414,0.373591,"Niamey",1,94745
414,0.373591,"Niamey",1,338538
414,0.373591,"Niamey",1,277189
414,0.373591,"Niamey",1,424852
414,0.373591,"Niamey",1,152155
414,0.373591,"Niamey",1,432745
414,0.373591,"Niamey",1,205394
414,0.373591,"Niamey",1,295346
414,0.373591,"Niamey",1,199392
414,0.373591,"Niamey",1,257680
414,0.373591,"Niamey",1,253772
414,0.373591,"Niamey",1,157470
414,0.373591,"Niamey",1,146776
414,0.373591,"Niamey",1,185596
414,0.373591,"Niamey",1,274867
415,0.67201,"Dosso",1,151324
415,0.67201,"Dosso",1,10954
415,0.67201,"Dosso",1,125245
415,0.67201,"Dosso",1,32278
415,0.67201,"Dosso",1,-24249
415,0.67201,"Dosso",1,-16741
415,0.67201,"Dosso",1,-18201
415,0.67201,"Dosso",1,28706
415,0.67201,"Dosso",1,-15478
415,0.67201,"Dosso",1,55676
415,0.67201,"Dosso",1,-12277
415,0.67201,"Dosso",1,25805
415,0.67201,"Dosso",1,195049
415,0.67201,"Dosso",1,15886
415,0.67201,"Dosso",1,-16660
415,0.67201,"Dosso",1,-35000
415,0.67201,"Dosso",1,8130
415,0.67201,"Dosso",1,2596
415,0.67201,"Dosso",1,-1028
415,0.67201,"Dosso",1,-24299
416,0.258134,"Agadez",0,-59846
416,0.258134,"Agadez",0,-71827
416,0.258134,"Agadez",0,-65990
416,0.258134,"Agadez",0,-70162
416,0.258134,"Agadez",0,-72617
416,0.258134,"Agadez",0,-76596
416,0.258134,"Agadez",0,-80018
416,0.258134,"Agadez",0,-68403
416,0.258134,"Agadez",0,-70483
416,0.258134,"Agadez",0,-63391
416,0.258134,"Agadez",0,-64581
416,0.258134,"Agadez",0,-71159
416,0.258134,"Agadez",0,-70455
416,0.258134,"Agadez",0,-77135
416,0.258134,"Agadez",0,-62996
416,0.258134,"Agadez",0,-64701
416,0.258134,"Agadez",0,-72929
416,0.258134,"Agadez",0,-66066
416,0.258134,"Agadez",0,-68297
416,0.258134,"Agadez",0,-61226
416,0.258134,"Agadez",0,-68246
416,0.258134,"Agadez",0,-65630
416,0.258134,"Agadez",0,-65261
417,0.263963,"Diffa",0,-60380
417,0.263963,"Diffa",0,-62738
417,0.263963,"Diffa",0,-67600
417,0.263963,"Diffa",0,-64900
417,0.263963,"Diffa",0,-61753
417,0.263963,"Diffa",0,-68626
417,0.263963,"Diffa",0,-54230
417,0.263963,"Diffa",0,-59573
417,0.263963,"Diffa",0,-51843
417,0.263963,"Diffa",0,-69140
417,0.263963,"Diffa",0,-30309
417,0.263963,"Diffa",0,-66222
417,0.263963,"Diffa",0,-56330
417,0.263963,"Diffa",0,-58478
417,0.263963,"Diffa",0,-59470
417,0.263963,"Diffa",0,-55618
417,0.263963,"Diffa",0,-65421
417,0.263963,"Diffa",0,-53726
417,0.263963,"Diffa",0,-63154
417,0.263963,"Diffa",0,-45853
417,0.263963,"Diffa",0,-10548
417,0.263963,"Diffa",0,-57108
417,0.263963,"Diffa",0,-60891
418,1.54636,"Zinder",0,-63685
418,1.54636,"Zinder",0,-63066
418,1.54636,"Zinder",0,-32056
418,1.54636,"Zinder",0,-61635
418,1.54636,"Zinder",0,-57281
418,1.54636,"Zinder",0,-57787
418,1.54636,"Zinder",0,-53028
418,1.54636,"Zinder",0,-53201
418,1.54636,"Zinder",0,-43408
418,1.54636,"Zinder",0,-56673
418,1.54636,"Zinder",0,-55257
418,1.54636,"Zinder",0,-63651
418,1.54636,"Zinder",0,-54725
418,1.54636,"Zinder",0,-62793
418,1.54636,"Zinder",0,-49773
418,1.54636,"Zinder",0,-49777
418,1.54636,"Zinder",0,-52795
418,1.54636,"Zinder",0,-55881
418,1.54636,"Zinder",0,-63638
418,1.54636,"Zinder",0,-60428
418,1.54636,"Zinder",0,-55325
418,1.54636,"Zinder",0,-34108
418,1.54636,"Zinder",0,-64831
418,1.54636,"Zinder",0,11566
419,2.046236,"Tahoua",0,-56338
419,2.046236,"Tahoua",0,-59834
419,2.046236,"Tahoua",0,-37000
419,2.046236,"Tahoua",0,-59084
419,2.046236,"Tahoua",0,-56516
419,2.046236,"Tahoua",0,-62197
419,2.046236,"Tahoua",0,-60937
419,2.046236,"Tahoua",0,-62733
419,2.046236,"Tahoua",0,-39080
419,2.046236,"Tahoua",0,-64890
419,2.046236,"Tahoua",0,-56363
419,2.046236,"Tahoua",0,-57471
419,2.046236,"Tahoua",0,-61998
419,2.046236,"Tahoua",0,-56898
419,2.046236,"Tahoua",0,-49929
419,2.046236,"Tahoua",0,-56901
419,2.046236,"Tahoua",0,-58575
419,2.046236,"Tahoua",0,-60568
419,2.046236,"Tahoua",0,-52296
419,2.046236,"Tahoua",0,-58944
419,2.046236,"Tahoua",0,-53195
421,0.926823,"Maradi",1,30041
421,0.926823,"Maradi",1,160147
421,0.926823,"Maradi",1,157475
421,0.926823,"Maradi",1,205010
421,0.926823,"Maradi",1,91282
421,0.926823,"Maradi",1,-9685
421,0.926823,"Maradi",1,213124
421,0.926823,"Maradi",1,105162
421,0.926823,"Maradi",1,75887
421,0.926823,"Maradi",1,169795
421,0.926823,"Maradi",1,69981
421,0.926823,"Maradi",1,153856
421,0.926823,"Maradi",1,87791
421,0.926823,"Maradi",1,77876
421,0.926823,"Maradi",1,62395
421,0.926823,"Maradi",1,102585
421,0.926823,"Maradi",1,60405
421,0.926823,"Maradi",1,40289
421,0.926823,"Maradi",1,4061
421,0.926823,"Maradi",1,9093
421,0.926823,"Maradi",1,126377
421,0.926823,"Maradi",1,204551
421,0.926823,"Maradi",1,16374
421,0.926823,"Maradi",1,105542
422,0.575776,"Tillaberi",0,-56183
422,0.575776,"Tillaberi",0,-35638
422,0.575776,"Tillaberi",0,-57687
422,0.575776,"Tillaberi",0,-65010
422,0.575776,"Tillaberi",0,-55310
422,0.575776,"Tillaberi",0,-52708
422,0.575776,"Tillaberi",0,-49583
422,0.575776,"Tillaberi",0,-57796
422,0.575776,"Tillaberi",0,-51898
422,0.575776,"Tillaberi",0,-22278
422,0.575776,"Tillaberi",0,5784
422,0.575776,"Tillaberi",0,-54736
422,0.575776,"Tillaberi",0,-57679
422,0.575776,"Tillaberi",0,-6280
422,0.575776,"Tillaberi",0,-54520
422,0.575776,"Tillaberi",0,-51288
422,0.575776,"Tillaberi",0,-61058
422,0.575776,"Tillaberi",0,-50129
422,0.575776,"Tillaberi",0,-61441
422,0.575776,"Tillaberi",0,-43573
422,0.575776,"Tillaberi",0,-27499
422,0.575776,"Tillaberi",0,-58948
422,0.575776,"Tillaberi",0,-55400
423,1.342185,"Zinder",0,-59484
423,1.342185,"Zinder",0,-56206
423,1.342185,"Zinder",0,-61043
423,1.342185,"Zinder",0,-52166
423,1.342185,"Zinder",0,-30173
423,1.342185,"Zinder",0,-60921
423,1.342185,"Zinder",0,-57531
423,1.342185,"Zinder",0,-62997
423,1.342185,"Zinder",0,-57545
423,1.342185,"Zinder",0,-64716
423,1.342185,"Zinder",0,-56821
423,1.342185,"Zinder",0,-61685
423,1.342185,"Zinder",0,-42013
423,1.342185,"Zinder",0,-61919
423,1.342185,"Zinder",0,-58949
423,1.342185,"Zinder",0,-36508
423,1.342185,"Zinder",0,-64223
423,1.342185,"Zinder",0,-50490
423,1.342185,"Zinder",0,-58949
423,1.342185,"Zinder",0,-49090
424,0.985859,"Maradi",0,-59010
424,0.985859,"Maradi",0,-64725
424,0.985859,"Maradi",0,-47203
424,0.985859,"Maradi",0,-60768
424,0.985859,"Maradi",0,-57006
424,0.985859,"Maradi",0,-60129
424,0.985859,"Maradi",0,-65261
424,0.985859,"Maradi",0,-49570
424,0.985859,"Maradi",0,-63510
424,0.985859,"Maradi",0,-54061
424,0.985859,"Maradi",0,-38975
424,0.985859,"Maradi",0,-62295
424,0.985859,"Maradi",0,-63035
424,0.985859,"Maradi",0,-47557
424,0.985859,"Maradi",0,-62424
424,0.985859,"Maradi",0,-63193
424,0.985859,"Maradi",0,-43415
424,0.985859,"Maradi",0,-63810
424,0.985859,"Maradi",0,-66416
424,0.985859,"Maradi",0,-59480
425,0.723152,"Zinder",1,-7309
425,0.723152,"Zinder",1,-933
425,0.723152,"Zinder",1,13719
425,0.723152,"Zinder",1,34190
425,0.723152,"Zinder",1,68580
425,0.723152,"Zinder",1,28831
425,0.723152,"Zinder",1,26762
425,0.723152,"Zinder",1,45206
425,0.723152,"Zinder",1,147651
425,0.723152,"Zinder",1,7677
425,0.723152,"Zinder",1,191495
425,0.723152,"Zinder",1,-20958
425,0.723152,"Zinder",1,-45751
425,0.723152,"Zinder",1,36778
425,0.723152,"Zinder",1,68479
425,0.723152,"Zinder",1,-30499
425,0.723152,"Zinder",1,71139
425,0.723152,"Zinder",1,104189
425,0.723152,"Zinder",1,27015
425,0.723152,"Zinder",1,-14532
425,0.723152,"Zinder",1,-6152
425,0.723152,"Zinder",1,78853
426,1.259261,"Tahoua",0,-63496
426,1.259261,"Tahoua",0,-63117
426,1.259261,"Tahoua",0,-56773
426,1.259261,"Tahoua",0,-34667
426,1.259261,"Tahoua",0,-64854
426,1.259261,"Tahoua",0,-60189
426,1.259261,"Tahoua",0,-30857
426,1.259261,"Tahoua",0,175271
426,1.259261,"Tahoua",0,-54820
426,1.259261,"Tahoua",0,-63615
426,1.259261,"Tahoua",0,-48237
426,1.259261,"Tahoua",0,-62658
426,1.259261,"Tahoua",0,-42897
426,1.259261,"Tahoua",0,-65033
426,1.259261,"Tahoua",0,-56355
426,1.259261,"Tahoua",0,-60834
426,1.259261,"Tahoua",0,-66647
426,1.259261,"Tahoua",0,-54735
426,1.259261,"Tahoua",0,-58010
426,1.259261,"Tahoua",0,-34729
426,1.259261,"Tahoua",0,-50668
426,1.259261,"Tahoua",0,-63578
426,1.259261,"Tahoua",0,-57510
426,1.259261,"Tahoua",0,-60461
427,0.422472,"Diffa",0,11073
427,0.422472,"Diffa",0,-15178
427,0.422472,"Diffa",0,-17719
427,0.422472,"Diffa",0,52470
427,0.422472,"Diffa",0,37851
427,0.422472,"Diffa",0,27462
427,0.422472,"Diffa",0,-54815
427,0.422472,"Diffa",0,-36007
427,0.422472,"Diffa",0,-24201
427,0.422472,"Diffa",0,48780
427,0.422472,"Diffa",0,31758
427,0.422472,"Diffa",0,21659
427,0.422472,"Diffa",0,47876
427,0.422472,"Diffa",0,-40327
427,0.422472,"Diffa",0,-35245
427,0.422472,"Diffa",0,-5068
427,0.422472,"Diffa",0,55001
427,0.422472,"Diffa",0,-54153
427,0.422472,"Diffa",0,-36261
427,0.422472,"Diffa",0,-3422
427,0.422472,"Diffa",0,-55211
427,0.422472,"Diffa",0,-17822
427,0.422472,"Diffa",0,-1355
428,0.380171,"Diffa",0,105541
428,0.380171,"Diffa",0,-19717
428,0.380171,"Diffa",0,87279
428,0.380171,"Diffa",0,-54218
428,0.380171,"Diffa",0,107112
428,0.380171,"Diffa",0,-2860
428,0.380171,"Diffa",0,27489
428,0.380171,"Diffa",0,-58703
428,0.380171,"Diffa",0,82469
428,0.380171,"Diffa",0,-41331
428,0.380171,"Diffa",0,71184
429,1.303725,"Zinder",0,-68861
429,1.303725,"Zinder",0,-56701
429,1.303725,"Zinder",0,-63224
429,1.303725,"Zinder",0,-62814
429,1.303725,"Zinder",0,-62195
429,1.303725,"Zinder",0,-65822
429,1.303725,"Zinder",0,-62780
429,1.303725,"Zinder",0,-63544
429,1.303725,"Zinder",0,-62746
429,1.303725,"Zinder",0,-62192
429,1.303725,"Zinder",0,-62193
429,1.303725,"Zinder",0,-64302
429,1.303725,"Zinder",0,-62573
429,1.303725,"Zinder",0,-57379
429,1.303725,"Zinder",0,-61495
429,1.303725,"Zinder",0,-36891
429,1.303725,"Zinder",0,-67244
429,1.303725,"Zinder",0,-61598
429,1.303725,"Zinder",0,-60880
429,1.303725,"Zinder",0,-57230
429,1.303725,"Zinder",0,-59563
429,1.303725,"Zinder",0,-61357
429,1.303725,"Zinder",0,-44147
430,0.817197,"Dosso",1,179170
430,0.817197,"Dosso",1,173708
430,0.817197,"Dosso",1,209191
430,0.817197,"Dosso",1,157889
430,0.817197,"Dosso",1,66629
430,0.817197,"Dosso",1,59351
430,0.817197,"Dosso",1,203252
430,0.817197,"Dosso",1,303982
430,0.817197,"Dosso",1,88509
430,0.817197,"Dosso",1,45191
430,0.817197,"Dosso",1,337515
430,0.817197,"Dosso",1,113729
430,0.817197,"Dosso",1,162950
430,0.817197,"Dosso",1,302496
430,0.817197,"Dosso",1,-11299
430,0.817197,"Dosso",1,10986
430,0.817197,"Dosso",1,-40828
430,0.817197,"Dosso",1,59027
430,0.817197,"Dosso",1,60734
430,0.817197,"Dosso",1,177515
430,0.817197,"Dosso",1,-4292
430,0.817197,"Dosso",1,163615
430,0.817197,"Dosso",1,227196
430,0.817197,"Dosso",1,129092
432,1.342234,"Maradi",0,-42138
432,1.342234,"Maradi",0,-47359
432,1.342234,"Maradi",0,-60040
432,1.342234,"Maradi",0,-50890
432,1.342234,"Maradi",0,-21810
432,1.342234,"Maradi",0,-57428
432,1.342234,"Maradi",0,-50786
432,1.342234,"Maradi",0,-49434
432,1.342234,"Maradi",0,-58454
432,1.342234,"Maradi",0,-51066
432,1.342234,"Maradi",0,-32433
432,1.342234,"Maradi",0,-50243
432,1.342234,"Maradi",0,-34865
432,1.342234,"Maradi",0,-46972
432,1.342234,"Maradi",0,-52354
432,1.342234,"Maradi",0,-43040
432,1.342234,"Maradi",0,-38066
432,1.342234,"Maradi",0,-45671
432,1.342234,"Maradi",0,51098
432,1.342234,"Maradi",0,-54000
432,1.342234,"Maradi",0,-55581
432,1.342234,"Maradi",0,-58244
432,1.342234,"Maradi",0,-38607
432,1.342234,"Maradi",0,-61125
433,1.679785,"Tahoua",0,-64173
433,1.679785,"Tahoua",0,-66033
433,1.679785,"Tahoua",0,-66118
433,1.679785,"Tahoua",0,-41526
433,1.679785,"Tahoua",0,-64900
433,1.679785,"Tahoua",0,-59885
433,1.679785,"Tahoua",0,-59498
433,1.679785,"Tahoua",0,-55285
433,1.679785,"Tahoua",0,-62881
433,1.679785,"Tahoua",0,-61588
433,1.679785,"Tahoua",0,-62934
433,1.679785,"Tahoua",0,-67118
433,1.679785,"Tahoua",0,-63305
433,1.679785,"Tahoua",0,-55815
433,1.679785,"Tahoua",0,-59392
433,1.679785,"Tahoua",0,19587
433,1.679785,"Tahoua",0,-53022
433,1.679785,"Tahoua",0,-32475
433,1.679785,"Tahoua",0,-63828
433,1.679785,"Tahoua",0,-64363
433,1.679785,"Tahoua",0,-36440
434,1.658914,"Zinder",0,-18877
434,1.658914,"Zinder",0,-51030
434,1.658914,"Zinder",0,-5128
434,1.658914,"Zinder",0,-40009
434,1.658914,"Zinder",0,-57605
434,1.658914,"Zinder",0,-33203
434,1.658914,"Zinder",0,-59119
434,1.658914,"Zinder",0,-63228
434,1.658914,"Zinder",0,-53213
434,1.658914,"Zinder",0,-54330
434,1.658914,"Zinder",0,-56586
434,1.658914,"Zinder",0,-54115
434,1.658914,"Zinder",0,-68105
434,1.658914,"Zinder",0,-52749
434,1.658914,"Zinder",0,-32326
434,1.658914,"Zinder",0,-57008
434,1.658914,"Zinder",0,-57699
434,1.658914,"Zinder",0,-3138
434,1.658914,"Zinder",0,-43115
434,1.658914,"Zinder",0,-56348
434,1.658914,"Zinder",0,-58885
434,1.658914,"Zinder",0,-35440
435,0.188874,"Agadez",1,469676
435,0.188874,"Agadez",1,483113
435,0.188874,"Agadez",1,452700
435,0.188874,"Agadez",1,525310
435,0.188874,"Agadez",1,469456
435,0.188874,"Agadez",1,431255
435,0.188874,"Agadez",1,433622
435,0.188874,"Agadez",1,459349
435,0.188874,"Agadez",1,443691
435,0.188874,"Agadez",1,424727
435,0.188874,"Agadez",1,419391
435,0.188874,"Agadez",1,454047
435,0.188874,"Agadez",1,492539
435,0.188874,"Agadez",1,358321
435,0.188874,"Agadez",1,526126
435,0.188874,"Agadez",1,480919
435,0.188874,"Agadez",1,445022
435,0.188874,"Agadez",1,234286
435,0.188874,"Agadez",1,136260
435,0.188874,"Agadez",1,440395
435,0.188874,"Agadez",1,484335
435,0.188874,"Agadez",1,458713
435,0.188874,"Agadez",1,475552
435,0.188874,"Agadez",1,335882
436,0.578028,"Tillaberi",0,-54901
436,0.578028,"Tillaberi",0,-71829
436,0.578028,"Tillaberi",0,-55291
436,0.578028,"Tillaberi",0,31922
436,0.578028,"Tillaberi",0,-53693
436,0.578028,"Tillaberi",0,-59854
436,0.578028,"Tillaberi",0,-50490
436,0.578028,"Tillaberi",0,-65422
436,0.578028,"Tillaberi",0,-50732
436,0.578028,"Tillaberi",0,-56996
436,0.578028,"Tillaberi",0,-44506
436,0.578028,"Tillaberi",0,-64452
436,0.578028,"Tillaberi",0,-51283
436,0.578028,"Tillaberi",0,-46594
436,0.578028,"Tillaberi",0,-41435
436,0.578028,"Tillaberi",0,-45543
436,0.578028,"Tillaberi",0,-53921
436,0.578028,"Tillaberi",0,-40386
437,1.422301,"Tahoua",1,137320
437,1.422301,"Tahoua",1,109620
437,1.422301,"Tahoua",1,22222
437,1.422301,"Tahoua",1,187967
437,1.422301,"Tahoua",1,232216
437,1.422301,"Tahoua",1,-29026
437,1.422301,"Tahoua",1,66453
437,1.422301,"Tahoua",1,-9143
437,1.422301,"Tahoua",1,-37045
437,1.422301,"Tahoua",1,219624
437,1.422301,"Tahoua",1,5771
437,1.422301,"Tahoua",1,-18928
437,1.422301,"Tahoua",1,38486
437,1.422301,"Tahoua",1,-12717
437,1.422301,"Tahoua",1,-1243
437,1.422301,"Tahoua",1,-3436
437,1.422301,"Tahoua",1,13256
437,1.422301,"Tahoua",1,17205
437,1.422301,"Tahoua",1,-37828
437,1.422301,"Tahoua",1,-15985
437,1.422301,"Tahoua",1,4572
437,1.422301,"Tahoua",1,17304
437,1.422301,"Tahoua",1,112918
437,1.422301,"Tahoua",1,-1245
437,1.422301,"Tahoua",1,20247
438,0.980057,"Dosso",0,-45067
438,0.980057,"Dosso",0,-41843
438,0.980057,"Dosso",0,-54473
438,0.980057,"Dosso",0,-61443
438,0.980057,"Dosso",0,-63014
438,0.980057,"Dosso",0,-50542
438,0.980057,"Dosso",0,-53145
438,0.980057,"Dosso",0,-59658
438,0.980057,"Dosso",0,-64408
438,0.980057,"Dosso",0,-61363
438,0.980057,"Dosso",0,-53939
438,0.980057,"Dosso",0,-52131
438,0.980057,"Dosso",0,-52766
438,0.980057,"Dosso",0,-53841
438,0.980057,"Dosso",0,-30040
438,0.980057,"Dosso",0,-60702
438,0.980057,"Dosso",0,-59575
438,0.980057,"Dosso",0,-38183
438,0.980057,"Dosso",0,-58857
438,0.980057,"Dosso",0,-50849
439,0.982407,"Maradi",0,-42275
439,0.982407,"Maradi",0,-37764
439,0.982407,"Maradi",0,-54281
439,0.982407,"Maradi",0,-48263
439,0.982407,"Maradi",0,-51578
439,0.982407,"Maradi",0,-40122
439,0.982407,"Maradi",0,-62723
439,0.982407,"Maradi",0,-52356
439,0.982407,"Maradi",0,-55371
439,0.982407,"Maradi",0,-58610
439,0.982407,"Maradi",0,-31799
439,0.982407,"Maradi",0,-47014
439,0.982407,"Maradi",0,-46993
439,0.982407,"Maradi",0,-56779
439,0.982407,"Maradi",0,-47771
439,0.982407,"Maradi",0,-54616
439,0.982407,"Maradi",0,-48942
439,0.982407,"Maradi",0,-54585
439,0.982407,"Maradi",0,-28852
439,0.982407,"Maradi",0,-42609
439,0.982407,"Maradi",0,-51361
439,0.982407,"Maradi",0,-59894
439,0.982407,"Maradi",0,-45544
439,0.982407,"Maradi",0,-27903
440,0.627853,"Tillaberi",0,-63807
440,0.627853,"Tillaberi",0,-5372
440,0.627853,"Tillaberi",0,31516
440,0.627853,"Tillaberi",0,-54293
440,0.627853,"Tillaberi",0,112696
440,0.627853,"Tillaberi",0,-52556
440,0.627853,"Tillaberi",0,-14797
440,0.627853,"Tillaberi",0,-30193
440,0.627853,"Tillaberi",0,65220
440,0.627853,"Tillaberi",0,155984
440,0.627853,"Tillaberi",0,-18796
440,0.627853,"Tillaberi",0,-56769
440,0.627853,"Tillaberi",0,3032
440,0.627853,"Tillaberi",0,-28219
440,0.627853,"Tillaberi",0,-12717
440,0.627853,"Tillaberi",0,33051
440,0.627853,"Tillaberi",0,-8570
440,0.627853,"Tillaberi",0,-14921
440,0.627853,"Tillaberi",0,-20135
441,0.073302,"Agadez",1,439371
441,0.073302,"Agadez",1,516178
441,0.073302,"Agadez",1,470455
441,0.073302,"Agadez",1,427815
441,0.073302,"Agadez",1,477004
441,0.073302,"Agadez",1,474240
441,0.073302,"Agadez",1,495723
441,0.073302,"Agadez",1,456605
441,0.073302,"Agadez",1,437177
441,0.073302,"Agadez",1,508291
441,0.073302,"Agadez",1,472902
441,0.073302,"Agadez",1,493896
441,0.073302,"Agadez",1,476680
441,0.073302,"Agadez",1,470685
441,0.073302,"Agadez",1,378004
441,0.073302,"Agadez",1,473940
441,0.073302,"Agadez",1,468685
441,0.073302,"Agadez",1,458809
441,0.073302,"Agadez",1,468006
441,0.073302,"Agadez",1,462819
441,0.073302,"Agadez",1,428863
441,0.073302,"Agadez",1,460404
441,0.073302,"Agadez",1,478382
442,1.752024,"Zinder",0,-62576
442,1.752024,"Zinder",0,-39227
442,1.752024,"Zinder",0,-45581
442,1.752024,"Zinder",0,-29796
442,1.752024,"Zinder",0,-42803
442,1.752024,"Zinder",0,-19207
442,1.752024,"Zinder",0,-51337
442,1.752024,"Zinder",0,-49822
442,1.752024,"Zinder",0,-21721
442,1.752024,"Zinder",0,-39084
442,1.752024,"Zinder",0,-18233
442,1.752024,"Zinder",0,-52188
442,1.752024,"Zinder",0,-57992
442,1.752024,"Zinder",0,-57193
442,1.752024,"Zinder",0,-37578
442,1.752024,"Zinder",0,-60544
442,1.752024,"Zinder",0,-42901
442,1.752024,"Zinder",0,-29775
442,1.752024,"Zinder",0,-55218
442,1.752024,"Zinder",0,-9643
442,1.752024,"Zinder",0,-65043
442,1.752024,"Zinder",0,-61522
443,0.47028,"Diffa",0,-21450
443,0.47028,"Diffa",0,-35839
443,0.47028,"Diffa",0,-53088
443,0.47028,"Diffa",0,-26402
443,0.47028,"Diffa",0,-31149
443,0.47028,"Diffa",0,-34578
443,0.47028,"Diffa",0,-26092
443,0.47028,"Diffa",0,-6836
443,0.47028,"Diffa",0,-54705
443,0.47028,"Diffa",0,-27094
443,0.47028,"Diffa",0,55016
443,0.47028,"Diffa",0,-32353
443,0.47028,"Diffa",0,-53501
443,0.47028,"Diffa",0,25086
443,0.47028,"Diffa",0,-21659
443,0.47028,"Diffa",0,-25226
443,0.47028,"Diffa",0,-21597
443,0.47028,"Diffa",0,-26393
443,0.47028,"Diffa",0,-32033
443,0.47028,"Diffa",0,-25238
443,0.47028,"Diffa",0,-47171
443,0.47028,"Diffa",0,-24992
443,0.47028,"Diffa",0,-31074
444,0.460288,"Agadez",0,-59493
444,0.460288,"Agadez",0,-68720
444,0.460288,"Agadez",0,-69583
444,0.460288,"Agadez",0,-72532
444,0.460288,"Agadez",0,-68243
444,0.460288,"Agadez",0,-68117
444,0.460288,"Agadez",0,-68317
444,0.460288,"Agadez",0,-64176
444,0.460288,"Agadez",0,-72032
444,0.460288,"Agadez",0,-64226
444,0.460288,"Agadez",0,-70553
444,0.460288,"Agadez",0,-68213
444,0.460288,"Agadez",0,-69854
444,0.460288,"Agadez",0,-68305
444,0.460288,"Agadez",0,-71901
444,0.460288,"Agadez",0,-70395
444,0.460288,"Agadez",0,-75003
444,0.460288,"Agadez",0,-59606
444,0.460288,"Agadez",0,-74381
444,0.460288,"Agadez",0,-69830
444,0.460288,"Agadez",0,-65451
444,0.460288,"Agadez",0,-50683
444,0.460288,"Agadez",0,-72064
445,0.127842,"Tahoua",0,-65203
445,0.127842,"Tahoua",0,-64661
445,0.127842,"Tahoua",0,-59865
445,0.127842,"Tahoua",0,-51327
445,0.127842,"Tahoua",0,-60995
445,0.127842,"Tahoua",0,-48687
445,0.127842,"Tahoua",0,-71761
445,0.127842,"Tahoua",0,-52073
445,0.127842,"Tahoua",0,-63022
445,0.127842,"Tahoua",0,-62318
445,0.127842,"Tahoua",0,-55810
445,0.127842,"Tahoua",0,-58909
445,0.127842,"Tahoua",0,-75430
445,0.127842,"Tahoua",0,-60517
445,0.127842,"Tahoua",0,-60926
445,0.127842,"Tahoua",0,-59305
445,0.127842,"Tahoua",0,-69699
445,0.127842,"Tahoua",0,-63656
445,0.127842,"Tahoua",0,-50134
445,0.127842,"Tahoua",0,-49356
445,0.127842,"Tahoua",0,-50158
445,0.127842,"Tahoua",0,-69655
445,0.127842,"Tahoua",0,-50532
445,0.127842,"Tahoua",0,-66246
445,0.127842,"Tahoua",0,-58027
446,0.533228,"Niamey",1,322196
446,0.533228,"Niamey",1,81538
446,0.533228,"Niamey",1,121897
446,0.533228,"Niamey",1,300695
446,0.533228,"Niamey",1,155020
446,0.533228,"Niamey",1,79934
446,0.533228,"Niamey",1,448567
446,0.533228,"Niamey",1,61524
446,0.533228,"Niamey",1,-13389
446,0.533228,"Niamey",1,116878
446,0.533228,"Niamey",1,104810
446,0.533228,"Niamey",1,159278
446,0.533228,"Niamey",1,153230
446,0.533228,"Niamey",1,41973
446,0.533228,"Niamey",1,-15010
446,0.533228,"Niamey",1,179368
446,0.533228,"Niamey",1,197969
446,0.533228,"Niamey",1,267340
446,0.533228,"Niamey",1,102099
446,0.533228,"Niamey",1,162315
446,0.533228,"Niamey",1,148880
446,0.533228,"Niamey",1,152005
447,0.32694,"Diffa",0,-58944
447,0.32694,"Diffa",0,-56313
447,0.32694,"Diffa",0,-51716
447,0.32694,"Diffa",0,-57223
447,0.32694,"Diffa",0,-58960
447,0.32694,"Diffa",0,-58573
447,0.32694,"Diffa",0,-56366
447,0.32694,"Diffa",0,-63071
447,0.32694,"Diffa",0,-59781
447,0.32694,"Diffa",0,-63753
447,0.32694,"Diffa",0,-54293
447,0.32694,"Diffa",0,-48908
447,0.32694,"Diffa",0,-53421
447,0.32694,"Diffa",0,-67014
447,0.32694,"Diffa",0,-63800
447,0.32694,"Diffa",0,-61058
447,0.32694,"Diffa",0,-67300
447,0.32694,"Diffa",0,-45409
447,0.32694,"Diffa",0,-55867
447,0.32694,"Diffa",0,-65476
447,0.32694,"Diffa",0,-51805
447,0.32694,"Diffa",0,-41565
447,0.32694,"Diffa",0,-64861
447,0.32694,"Diffa",0,-64180
447,0.32694,"Diffa",0,-63840
448,0.142544,"Agadez",0,-63320
448,0.142544,"Agadez",0,-51552
448,0.142544,"Agadez",0,-61073
448,0.142544,"Agadez",0,-68352
448,0.142544,"Agadez",0,-59661
448,0.142544,"Agadez",0,-62017
448,0.142544,"Agadez",0,-69159
448,0.142544,"Agadez",0,-58095
448,0.142544,"Agadez",0,-52445
448,0.142544,"Agadez",0,-65748
448,0.142544,"Agadez",0,-43179
448,0.142544,"Agadez",0,-60036
448,0.142544,"Agadez",0,-72436
448,0.142544,"Agadez",0,-70511
449,0.846093,"Dosso",0,-53952
449,0.846093,"Dosso",0,-57166
449,0.846093,"Dosso",0,-61841
449,0.846093,"Dosso",0,-49163
449,0.846093,"Dosso",0,-42195
449,0.846093,"Dosso",0,-56313
449,0.846093,"Dosso",0,-41493
449,0.846093,"Dosso",0,-61841
449,0.846093,"Dosso",0,-50263
449,0.846093,"Dosso",0,-51598
449,0.846093,"Dosso",0,-49023
449,0.846093,"Dosso",0,-53876
449,0.846093,"Dosso",0,-61452
449,0.846093,"Dosso",0,-54331
449,0.846093,"Dosso",0,-60541
449,0.846093,"Dosso",0,-51771
449,0.846093,"Dosso",0,-41069
449,0.846093,"Dosso",0,-45959
449,0.846093,"Dosso",0,-46879
449,0.846093,"Dosso",0,-55905
449,0.846093,"Dosso",0,-56988
449,0.846093,"Dosso",0,-46670
449,0.846093,"Dosso",0,-58927
449,0.846093,"Dosso",0,-61658
450,0.424894,"Niamey",1,479528
450,0.424894,"Niamey",1,535140
450,0.424894,"Niamey",1,409991
450,0.424894,"Niamey",1,360634
450,0.424894,"Niamey",1,431948
450,0.424894,"Niamey",1,311286
450,0.424894,"Niamey",1,468222
450,0.424894,"Niamey",1,136380
450,0.424894,"Niamey",1,309984
450,0.424894,"Niamey",1,422006
450,0.424894,"Niamey",1,467122
450,0.424894,"Niamey",1,442846
450,0.424894,"Niamey",1,488152
450,0.424894,"Niamey",1,136045
450,0.424894,"Niamey",1,346789
450,0.424894,"Niamey",1,419998
450,0.424894,"Niamey",1,155184
450,0.424894,"Niamey",1,471305
450,0.424894,"Niamey",1,15835
450,0.424894,"Niamey",1,39064
451,1.237683,"Maradi",0,-54435
451,1.237683,"Maradi",0,-51506
451,1.237683,"Maradi",0,-52058
451,1.237683,"Maradi",0,-37223
451,1.237683,"Maradi",0,-62192
451,1.237683,"Maradi",0,-56476
451,1.237683,"Maradi",0,-58315
451,1.237683,"Maradi",0,-49568
451,1.237683,"Maradi",0,-62008
451,1.237683,"Maradi",0,-48647
451,1.237683,"Maradi",0,-58503
451,1.237683,"Maradi",0,-58531
451,1.237683,"Maradi",0,-61653
451,1.237683,"Maradi",0,-29821
451,1.237683,"Maradi",0,-57710
451,1.237683,"Maradi",0,-43913
451,1.237683,"Maradi",0,-1415
451,1.237683,"Maradi",0,-56038
451,1.237683,"Maradi",0,-58725
451,1.237683,"Maradi",0,-59260
451,1.237683,"Maradi",0,-53988
451,1.237683,"Maradi",0,-63261
451,1.237683,"Maradi",0,-57946
451,1.237683,"Maradi",0,-53142
451,1.237683,"Maradi",0,-54000
452,0.364467,"Diffa",0,-54695
452,0.364467,"Diffa",0,-2671
452,0.364467,"Diffa",0,44602
452,0.364467,"Diffa",0,12970
452,0.364467,"Diffa",0,-13410
452,0.364467,"Diffa",0,25045
452,0.364467,"Diffa",0,-8775
452,0.364467,"Diffa",0,42008
452,0.364467,"Diffa",0,-12331
452,0.364467,"Diffa",0,-32595
452,0.364467,"Diffa",0,25734
452,0.364467,"Diffa",0,31381
452,0.364467,"Diffa",0,-6655
452,0.364467,"Diffa",0,-53638
452,0.364467,"Diffa",0,37273
452,0.364467,"Diffa",0,14745
452,0.364467,"Diffa",0,24155
452,0.364467,"Diffa",0,35827
452,0.364467,"Diffa",0,-45583
452,0.364467,"Diffa",0,6342
452,0.364467,"Diffa",0,-24143
452,0.364467,"Diffa",0,-9240
453,0.449318,"Dosso",0,-27192
453,0.449318,"Dosso",0,-49098
453,0.449318,"Dosso",0,-49526
453,0.449318,"Dosso",0,-59298
453,0.449318,"Dosso",0,-45400
453,0.449318,"Dosso",0,-45035
453,0.449318,"Dosso",0,-52673
453,0.449318,"Dosso",0,-44605
453,0.449318,"Dosso",0,-48479
453,0.449318,"Dosso",0,-54793
453,0.449318,"Dosso",0,-57245
453,0.449318,"Dosso",0,-55335
453,0.449318,"Dosso",0,-15215
453,0.449318,"Dosso",0,-53290
453,0.449318,"Dosso",0,-56194
453,0.449318,"Dosso",0,-52158
453,0.449318,"Dosso",0,-57815
453,0.449318,"Dosso",0,-49057
453,0.449318,"Dosso",0,-46510
453,0.449318,"Dosso",0,-50663
453,0.449318,"Dosso",0,-50225
453,0.449318,"Dosso",0,-47803
453,0.449318,"Dosso",0,-48364
454,0.683571,"Dosso",0,-45603
454,0.683571,"Dosso",0,-53578
454,0.683571,"Dosso",0,-53003
454,0.683571,"Dosso",0,-62200
454,0.683571,"Dosso",0,-50536
454,0.683571,"Dosso",0,-56896
454,0.683571,"Dosso",0,-52286
454,0.683571,"Dosso",0,-56056
454,0.683571,"Dosso",0,-49860
454,0.683571,"Dosso",0,-55115
454,0.683571,"Dosso",0,-58742
454,0.683571,"Dosso",0,-55066
454,0.683571,"Dosso",0,-58970
454,0.683571,"Dosso",0,-59545
454,0.683571,"Dosso",0,-47476
454,0.683571,"Dosso",0,-55384
454,0.683571,"Dosso",0,-55813
454,0.683571,"Dosso",0,-53149
454,0.683571,"Dosso",0,-64242
454,0.683571,"Dosso",0,-47951
454,0.683571,"Dosso",0,-51180
454,0.683571,"Dosso",0,-43434
454,0.683571,"Dosso",0,-50392
454,0.683571,"Dosso",0,-50822
454,0.683571,"Dosso",0,-58065
455,0.89834,"Maradi",0,-57128
455,0.89834,"Maradi",0,-61936
455,0.89834,"Maradi",0,-46125
455,0.89834,"Maradi",0,-58605
455,0.89834,"Maradi",0,-61803
455,0.89834,"Maradi",0,-65075
455,0.89834,"Maradi",0,-64710
455,0.89834,"Maradi",0,-63080
455,0.89834,"Maradi",0,-47298
455,0.89834,"Maradi",0,-62543
455,0.89834,"Maradi",0,-52688
455,0.89834,"Maradi",0,-64725
455,0.89834,"Maradi",0,-60853
455,0.89834,"Maradi",0,-46669
455,0.89834,"Maradi",0,-60978
455,0.89834,"Maradi",0,-61471
455,0.89834,"Maradi",0,-55508
455,0.89834,"Maradi",0,-47153
455,0.89834,"Maradi",0,-63837
455,0.89834,"Maradi",0,-63891
455,0.89834,"Maradi",0,-69684
455,0.89834,"Maradi",0,-43552
457,1.526122,"Tillaberi",0,48104
457,1.526122,"Tillaberi",0,53318
457,1.526122,"Tillaberi",0,-17219
457,1.526122,"Tillaberi",0,-53215
457,1.526122,"Tillaberi",0,12389
457,1.526122,"Tillaberi",0,-9856
457,1.526122,"Tillaberi",0,-52137
457,1.526122,"Tillaberi",0,-40039
457,1.526122,"Tillaberi",0,-49761
457,1.526122,"Tillaberi",0,6282
457,1.526122,"Tillaberi",0,-53778
457,1.526122,"Tillaberi",0,-36944
457,1.526122,"Tillaberi",0,-56335
457,1.526122,"Tillaberi",0,18363
457,1.526122,"Tillaberi",0,-47653
457,1.526122,"Tillaberi",0,40347
457,1.526122,"Tillaberi",0,40212
457,1.526122,"Tillaberi",0,-40820
457,1.526122,"Tillaberi",0,1911
457,1.526122,"Tillaberi",0,-48093
457,1.526122,"Tillaberi",0,-56623
458,0.602126,"Diffa",0,-70611
458,0.602126,"Diffa",0,-66323
458,0.602126,"Diffa",0,-61332
458,0.602126,"Diffa",0,-46578
458,0.602126,"Diffa",0,-57976
458,0.602126,"Diffa",0,-65083
458,0.602126,"Diffa",0,-65405
458,0.602126,"Diffa",0,-58065
458,0.602126,"Diffa",0,-65186
458,0.602126,"Diffa",0,-57506
458,0.602126,"Diffa",0,-66405
458,0.602126,"Diffa",0,-49449
458,0.602126,"Diffa",0,-64718
458,0.602126,"Diffa",0,-52961
458,0.602126,"Diffa",0,-73494
458,0.602126,"Diffa",0,-62230
458,0.602126,"Diffa",0,-62830
459,2.518023,"Tahoua",0,-48643
459,2.518023,"Tahoua",0,-50525
459,2.518023,"Tahoua",0,-51598
459,2.518023,"Tahoua",0,-46594
459,2.518023,"Tahoua",0,-50705
459,2.518023,"Tahoua",0,-51671
459,2.518023,"Tahoua",0,-59704
459,2.518023,"Tahoua",0,66654
459,2.518023,"Tahoua",0,-54366
459,2.518023,"Tahoua",0,-45849
459,2.518023,"Tahoua",0,-57378
459,2.518023,"Tahoua",0,-51735
459,2.518023,"Tahoua",0,-27781
459,2.518023,"Tahoua",0,-62857
459,2.518023,"Tahoua",0,-5433
459,2.518023,"Tahoua",0,-61914
459,2.518023,"Tahoua",0,-51903
459,2.518023,"Tahoua",0,-60834
459,2.518023,"Tahoua",0,-47882
459,2.518023,"Tahoua",0,-49002
459,2.518023,"Tahoua",0,-50308
459,2.518023,"Tahoua",0,-53566
459,2.518023,"Tahoua",0,-47136
459,2.518023,"Tahoua",0,-377
459,2.518023,"Tahoua",0,-5442
460,0.442065,"Niamey",1,58544
460,0.442065,"Niamey",1,336336
460,0.442065,"Niamey",1,308089
460,0.442065,"Niamey",1,106314
460,0.442065,"Niamey",1,49381
460,0.442065,"Niamey",1,99645
460,0.442065,"Niamey",1,19454
460,0.442065,"Niamey",1,99662
460,0.442065,"Niamey",1,351545
460,0.442065,"Niamey",1,217244
460,0.442065,"Niamey",1,456843
460,0.442065,"Niamey",1,39812
460,0.442065,"Niamey",1,100025
460,0.442065,"Niamey",1,86498
460,0.442065,"Niamey",1,116596
460,0.442065,"Niamey",1,87266
460,0.442065,"Niamey",1,22645
460,0.442065,"Niamey",1,45859
460,0.442065,"Niamey",1,345056
460,0.442065,"Niamey",1,148686
460,0.442065,"Niamey",1,147053
460,0.442065,"Niamey",1,84114
460,0.442065,"Niamey",1,304938
460,0.442065,"Niamey",1,53394
461,2.69268,"Zinder",0,-58757
461,2.69268,"Zinder",0,-57340
461,2.69268,"Zinder",0,-23910
461,2.69268,"Zinder",0,-51900
461,2.69268,"Zinder",0,-45593
461,2.69268,"Zinder",0,-50276
461,2.69268,"Zinder",0,-27985
461,2.69268,"Zinder",0,-58518
461,2.69268,"Zinder",0,-54965
461,2.69268,"Zinder",0,-50095
461,2.69268,"Zinder",0,-43059
461,2.69268,"Zinder",0,-50171
461,2.69268,"Zinder",0,-46812
461,2.69268,"Zinder",0,-58334
461,2.69268,"Zinder",0,-11554
461,2.69268,"Zinder",0,-42717
461,2.69268,"Zinder",0,-1343
461,2.69268,"Zinder",0,-56491
461,2.69268,"Zinder",0,-30959
461,2.69268,"Zinder",0,-50617
461,2.69268,"Zinder",0,-36883
461,2.69268,"Zinder",0,-61410
461,2.69268,"Zinder",0,-52078
463,0.899729,"Tillaberi",0,-34524
463,0.899729,"Tillaberi",0,-59893
463,0.899729,"Tillaberi",0,4708
463,0.899729,"Tillaberi",0,-58602
463,0.899729,"Tillaberi",0,-49929
463,0.899729,"Tillaberi",0,-51178
463,0.899729,"Tillaberi",0,-55525
463,0.899729,"Tillaberi",0,-55674
463,0.899729,"Tillaberi",0,7062
463,0.899729,"Tillaberi",0,-53123
463,0.899729,"Tillaberi",0,-54743
463,0.899729,"Tillaberi",0,-57325
463,0.899729,"Tillaberi",0,-25006
463,0.899729,"Tillaberi",0,1869
463,0.899729,"Tillaberi",0,-49686
463,0.899729,"Tillaberi",0,-55521
463,0.899729,"Tillaberi",0,-51823
463,0.899729,"Tillaberi",0,-55941
463,0.899729,"Tillaberi",0,-28609
463,0.899729,"Tillaberi",0,-48725
463,0.899729,"Tillaberi",0,-54136
463,0.899729,"Tillaberi",0,-54310
463,0.899729,"Tillaberi",0,-59405
464,0.997941,"Niamey",1,86097
464,0.997941,"Niamey",1,244295
464,0.997941,"Niamey",1,102895
464,0.997941,"Niamey",1,187699
464,0.997941,"Niamey",1,74381
464,0.997941,"Niamey",1,85477
464,0.997941,"Niamey",1,-21785
464,0.997941,"Niamey",1,44936
464,0.997941,"Niamey",1,17995
464,0.997941,"Niamey",1,79795
464,0.997941,"Niamey",1,-11014
464,0.997941,"Niamey",1,33198
464,0.997941,"Niamey",1,-28176
464,0.997941,"Niamey",1,226399
464,0.997941,"Niamey",1,114865
464,0.997941,"Niamey",1,-35760
464,0.997941,"Niamey",1,101977
464,0.997941,"Niamey",1,195801
464,0.997941,"Niamey",1,18776
464,0.997941,"Niamey",1,97154
464,0.997941,"Niamey",1,-14434
465,1.344843,"Maradi",0,-62205
465,1.344843,"Maradi",0,-46933
465,1.344843,"Maradi",0,-54613
465,1.344843,"Maradi",0,-59851
465,1.344843,"Maradi",0,-52468
465,1.344843,"Maradi",0,-39994
465,1.344843,"Maradi",0,-54646
465,1.344843,"Maradi",0,-53828
465,1.344843,"Maradi",0,-59304
465,1.344843,"Maradi",0,-54095
465,1.344843,"Maradi",0,-61192
465,1.344843,"Maradi",0,-60642
465,1.344843,"Maradi",0,-59807
465,1.344843,"Maradi",0,-51532
465,1.344843,"Maradi",0,-50421
465,1.344843,"Maradi",0,-56180
465,1.344843,"Maradi",0,-56277
465,1.344843,"Maradi",0,-60891
465,1.344843,"Maradi",0,-59062
465,1.344843,"Maradi",0,-69717
465,1.344843,"Maradi",0,-58631
465,1.344843,"Maradi",0,-54958
465,1.344843,"Maradi",0,-63163
465,1.344843,"Maradi",0,-53283
465,1.344843,"Maradi",0,-62270
466,0.826303,"Niamey",1,105951
466,0.826303,"Niamey",1,158686
466,0.826303,"Niamey",1,146667
466,0.826303,"Niamey",1,229743
466,0.826303,"Niamey",1,-11532
466,0.826303,"Niamey",1,219146
466,0.826303,"Niamey",1,97254
466,0.826303,"Niamey",1,231856
466,0.826303,"Niamey",1,161229
466,0.826303,"Niamey",1,219855
466,0.826303,"Niamey",1,254174
466,0.826303,"Niamey",1,142160
466,0.826303,"Niamey",1,165678
466,0.826303,"Niamey",1,113012
466,0.826303,"Niamey",1,112249
466,0.826303,"Niamey",1,110546
466,0.826303,"Niamey",1,197058
466,0.826303,"Niamey",1,183890
466,0.826303,"Niamey",1,167984
466,0.826303,"Niamey",1,167889
467,1.186984,"Tillaberi",0,-68701
467,1.186984,"Tillaberi",0,-52454
467,1.186984,"Tillaberi",0,-61015
467,1.186984,"Tillaberi",0,-52998
467,1.186984,"Tillaberi",0,-63008
467,1.186984,"Tillaberi",0,-54266
467,1.186984,"Tillaberi",0,154096
467,1.186984,"Tillaberi",0,-57986
467,1.186984,"Tillaberi",0,-49783
467,1.186984,"Tillaberi",0,-57728
467,1.186984,"Tillaberi",0,-48863
467,1.186984,"Tillaberi",0,-61190
467,1.186984,"Tillaberi",0,-64443
467,1.186984,"Tillaberi",0,-60775
467,1.186984,"Tillaberi",0,-49493
467,1.186984,"Tillaberi",0,-63763
467,1.186984,"Tillaberi",0,-53369
467,1.186984,"Tillaberi",0,-60680
467,1.186984,"Tillaberi",0,-46449
467,1.186984,"Tillaberi",0,-49683
467,1.186984,"Tillaberi",0,-59914
467,1.186984,"Tillaberi",0,-59220
467,1.186984,"Tillaberi",0,-59375
467,1.186984,"Tillaberi",0,-63868
467,1.186984,"Tillaberi",0,-54835
468,0.214132,"Agadez",1,93295
468,0.214132,"Agadez",1,185460
468,0.214132,"Agadez",1,373229
468,0.214132,"Agadez",1,71178
468,0.214132,"Agadez",1,143977
468,0.214132,"Agadez",1,-9798
468,0.214132,"Agadez",1,-15102
468,0.214132,"Agadez",1,48417
468,0.214132,"Agadez",1,70644
468,0.214132,"Agadez",1,-1077
468,0.214132,"Agadez",1,22052
468,0.214132,"Agadez",1,218691
468,0.214132,"Agadez",1,145063
468,0.214132,"Agadez",1,127753
468,0.214132,"Agadez",1,273329
468,0.214132,"Agadez",1,199062
468,0.214132,"Agadez",1,183288
468,0.214132,"Agadez",1,6664
468,0.214132,"Agadez",1,42577
468,0.214132,"Agadez",1,4535
468,0.214132,"Agadez",1,347960
468,0.214132,"Agadez",1,-35130
468,0.214132,"Agadez",1,78339
468,0.214132,"Agadez",1,-29595
469,0.836811,"Maradi",0,-62370
469,0.836811,"Maradi",0,-64781
469,0.836811,"Maradi",0,-519
469,0.836811,"Maradi",0,-55253
469,0.836811,"Maradi",0,-48913
469,0.836811,"Maradi",0,-38390
469,0.836811,"Maradi",0,-57433
469,0.836811,"Maradi",0,-56810
469,0.836811,"Maradi",0,-60047
469,0.836811,"Maradi",0,-48207
469,0.836811,"Maradi",0,-51871
469,0.836811,"Maradi",0,-57568
469,0.836811,"Maradi",0,-64605
469,0.836811,"Maradi",0,-54063
469,0.836811,"Maradi",0,-59742
469,0.836811,"Maradi",0,667
469,0.836811,"Maradi",0,-62285
469,0.836811,"Maradi",0,5254
469,0.836811,"Maradi",0,-67261
469,0.836811,"Maradi",0,-48221
469,0.836811,"Maradi",0,-64143
469,0.836811,"Maradi",0,-52615
469,0.836811,"Maradi",0,-62975
470,0.855798,"Niamey",1,17090
470,0.855798,"Niamey",1,134191
470,0.855798,"Niamey",1,68309
470,0.855798,"Niamey",1,72534
470,0.855798,"Niamey",1,211629
470,0.855798,"Niamey",1,75012
470,0.855798,"Niamey",1,234141
470,0.855798,"Niamey",1,178507
470,0.855798,"Niamey",1,132456
470,0.855798,"Niamey",1,226494
470,0.855798,"Niamey",1,34262
470,0.855798,"Niamey",1,29705
470,0.855798,"Niamey",1,64928
470,0.855798,"Niamey",1,45869
470,0.855798,"Niamey",1,22591
470,0.855798,"Niamey",1,146495
470,0.855798,"Niamey",1,213391
470,0.855798,"Niamey",1,84764
470,0.855798,"Niamey",1,71004
470,0.855798,"Niamey",1,48565
470,0.855798,"Niamey",1,378616
470,0.855798,"Niamey",1,121509
470,0.855798,"Niamey",1,339801
470,0.855798,"Niamey",1,14688
471,0.761166,"Tahoua",1,22343
471,0.761166,"Tahoua",1,182755
471,0.761166,"Tahoua",1,-24145
471,0.761166,"Tahoua",1,1427
471,0.761166,"Tahoua",1,159552
471,0.761166,"Tahoua",1,-14531
471,0.761166,"Tahoua",1,336134
471,0.761166,"Tahoua",1,105355
471,0.761166,"Tahoua",1,59400
471,0.761166,"Tahoua",1,19662
471,0.761166,"Tahoua",1,4280
471,0.761166,"Tahoua",1,25592
471,0.761166,"Tahoua",1,146212
471,0.761166,"Tahoua",1,73110
471,0.761166,"Tahoua",1,45664
471,0.761166,"Tahoua",1,-46068
471,0.761166,"Tahoua",1,-40519
471,0.761166,"Tahoua",1,30827
471,0.761166,"Tahoua",1,-20192
471,0.761166,"Tahoua",1,141696
471,0.761166,"Tahoua",1,-22211
471,0.761166,"Tahoua",1,55975
471,0.761166,"Tahoua",1,-13529
472,1.399209,"Dosso",0,50445
472,1.399209,"Dosso",0,53490
472,1.399209,"Dosso",0,13302
472,1.399209,"Dosso",0,137218
472,1.399209,"Dosso",0,118883
472,1.399209,"Dosso",0,60160
472,1.399209,"Dosso",0,87448
472,1.399209,"Dosso",0,44575
472,1.399209,"Dosso",0,44178
472,1.399209,"Dosso",0,41290
472,1.399209,"Dosso",0,25007
472,1.399209,"Dosso",0,-10852
472,1.399209,"Dosso",0,-9474
472,1.399209,"Dosso",0,73505
472,1.399209,"Dosso",0,-17472
472,1.399209,"Dosso",0,34832
472,1.399209,"Dosso",0,44240
472,1.399209,"Dosso",0,82170
472,1.399209,"Dosso",0,101904
472,1.399209,"Dosso",0,-39663
472,1.399209,"Dosso",0,17534
472,1.399209,"Dosso",0,219497
472,1.399209,"Dosso",0,-15592
473,0.348859,"Agadez",1,32081
473,0.348859,"Agadez",1,119405
473,0.348859,"Agadez",1,115961
473,0.348859,"Agadez",1,35231
473,0.348859,"Agadez",1,68400
473,0.348859,"Agadez",1,-4138
473,0.348859,"Agadez",1,151647
473,0.348859,"Agadez",1,133153
473,0.348859,"Agadez",1,8914
473,0.348859,"Agadez",1,191548
473,0.348859,"Agadez",1,69307
473,0.348859,"Agadez",1,88111
473,0.348859,"Agadez",1,50225
473,0.348859,"Agadez",1,60974
473,0.348859,"Agadez",1,115788
473,0.348859,"Agadez",1,123068
473,0.348859,"Agadez",1,131460
473,0.348859,"Agadez",1,85879
473,0.348859,"Agadez",1,145171
473,0.348859,"Agadez",1,79585
473,0.348859,"Agadez",1,130945
473,0.348859,"Agadez",1,142555
473,0.348859,"Agadez",1,113625
473,0.348859,"Agadez",1,7782
474,0.30644,"Diffa",0,-61670
474,0.30644,"Diffa",0,-17750
474,0.30644,"Diffa",0,-39590
474,0.30644,"Diffa",0,-63158
474,0.30644,"Diffa",0,-36550
474,0.30644,"Diffa",0,-57515
474,0.30644,"Diffa",0,-28276
474,0.30644,"Diffa",0,-48979
474,0.30644,"Diffa",0,-55259
474,0.30644,"Diffa",0,-42263
474,0.30644,"Diffa",0,-35497
474,0.30644,"Diffa",0,-26209
474,0.30644,"Diffa",0,-12452
474,0.30644,"Diffa",0,-52775
474,0.30644,"Diffa",0,19654
474,0.30644,"Diffa",0,-37803
474,0.30644,"Diffa",0,-48909
474,0.30644,"Diffa",0,-44170
474,0.30644,"Diffa",0,4711
474,0.30644,"Diffa",0,-32591
474,0.30644,"Diffa",0,-41948
474,0.30644,"Diffa",0,-39639
474,0.30644,"Diffa",0,-27388
474,0.30644,"Diffa",0,-48109
475,0.517798,"Niamey",1,7810
475,0.517798,"Niamey",1,30018
475,0.517798,"Niamey",1,38035
475,0.517798,"Niamey",1,69693
475,0.517798,"Niamey",1,-9231
475,0.517798,"Niamey",1,3233
475,0.517798,"Niamey",1,122601
475,0.517798,"Niamey",1,8908
475,0.517798,"Niamey",1,27433
475,0.517798,"Niamey",1,224635
475,0.517798,"Niamey",1,58543
475,0.517798,"Niamey",1,43291
475,0.517798,"Niamey",1,49460
475,0.517798,"Niamey",1,-6381
475,0.517798,"Niamey",1,4515
475,0.517798,"Niamey",1,24732
475,0.517798,"Niamey",1,35446
475,0.517798,"Niamey",1,49304
475,0.517798,"Niamey",1,41712
475,0.517798,"Niamey",1,83693
475,0.517798,"Niamey",1,5053
475,0.517798,"Niamey",1,80494
476,0.971109,"Tillaberi",0,-38389
476,0.971109,"Tillaberi",0,-39175
476,0.971109,"Tillaberi",0,-60420
476,0.971109,"Tillaberi",0,-44078
476,0.971109,"Tillaberi",0,-17990
476,0.971109,"Tillaberi",0,5879
476,0.971109,"Tillaberi",0,-40113
476,0.971109,"Tillaberi",0,10739
476,0.971109,"Tillaberi",0,-31340
476,0.971109,"Tillaberi",0,-39893
476,0.971109,"Tillaberi",0,-8187
476,0.971109,"Tillaberi",0,-3030
476,0.971109,"Tillaberi",0,-37083
476,0.971109,"Tillaberi",0,-48958
476,0.971109,"Tillaberi",0,-22300
476,0.971109,"Tillaberi",0,-37391
476,0.971109,"Tillaberi",0,-43179
476,0.971109,"Tillaberi",0,-54696
476,0.971109,"Tillaberi",0,26864
476,0.971109,"Tillaberi",0,-45555
476,0.971109,"Tillaberi",0,-18383
476,0.971109,"Tillaberi",0,-43436
477,0.469514,"Tillaberi",0,-57251
477,0.469514,"Tillaberi",0,-66156
477,0.469514,"Tillaberi",0,-62038
477,0.469514,"Tillaberi",0,-60557
477,0.469514,"Tillaberi",0,-46221
477,0.469514,"Tillaberi",0,-57335
477,0.469514,"Tillaberi",0,-53361
477,0.469514,"Tillaberi",0,-60249
477,0.469514,"Tillaberi",0,-61886
477,0.469514,"Tillaberi",0,-57428
477,0.469514,"Tillaberi",0,-58278
477,0.469514,"Tillaberi",0,-53854
477,0.469514,"Tillaberi",0,-63281
477,0.469514,"Tillaberi",0,-49977
477,0.469514,"Tillaberi",0,-58960
477,0.469514,"Tillaberi",0,-47420
477,0.469514,"Tillaberi",0,-57863
477,0.469514,"Tillaberi",0,-60092
477,0.469514,"Tillaberi",0,-53700
477,0.469514,"Tillaberi",0,-53020
477,0.469514,"Tillaberi",0,-58562
477,0.469514,"Tillaberi",0,-52978
477,0.469514,"Tillaberi",0,-60290
477,0.469514,"Tillaberi",0,-59759
478,1.344158,"Maradi",0,-48970
478,1.344158,"Maradi",0,-54115
478,1.344158,"Maradi",0,-54008
478,1.344158,"Maradi",0,-45316
478,1.344158,"Maradi",0,17007
478,1.344158,"Maradi",0,-62622
478,1.344158,"Maradi",0,-55793
478,1.344158,"Maradi",0,-55384
478,1.344158,"Maradi",0,-48185
478,1.344158,"Maradi",0,-1181
478,1.344158,"Maradi",0,-52048
478,1.344158,"Maradi",0,-50301
478,1.344158,"Maradi",0,-7517
478,1.344158,"Maradi",0,-49179
478,1.344158,"Maradi",0,-4078
478,1.344158,"Maradi",0,-58479
478,1.344158,"Maradi",0,-55559
478,1.344158,"Maradi",0,-56462
478,1.344158,"Maradi",0,-6345
478,1.344158,"Maradi",0,-15447
478,1.344158,"Maradi",0,-55770
478,1.344158,"Maradi",0,-20977
478,1.344158,"Maradi",0,-55820
478,1.344158,"Maradi",0,-2996
478,1.344158,"Maradi",0,3959
479,0.990085,"Dosso",0,-64745
479,0.990085,"Dosso",0,-48296
479,0.990085,"Dosso",0,19678
479,0.990085,"Dosso",0,-62143
479,0.990085,"Dosso",0,-51616
479,0.990085,"Dosso",0,-59957
479,0.990085,"Dosso",0,-51300
479,0.990085,"Dosso",0,-62622
479,0.990085,"Dosso",0,-55545
479,0.990085,"Dosso",0,-58753
479,0.990085,"Dosso",0,-60565
479,0.990085,"Dosso",0,-55213
479,0.990085,"Dosso",0,-44671
479,0.990085,"Dosso",0,-46112
479,0.990085,"Dosso",0,-50357
479,0.990085,"Dosso",0,-34872
479,0.990085,"Dosso",0,-61300
479,0.990085,"Dosso",0,-54331
479,0.990085,"Dosso",0,-46605
479,0.990085,"Dosso",0,-61549
479,0.990085,"Dosso",0,-58174
479,0.990085,"Dosso",0,-58563
479,0.990085,"Dosso",0,-61703
479,0.990085,"Dosso",0,-58039
480,1.280581,"Tahoua",1,108441
480,1.280581,"Tahoua",1,239438
480,1.280581,"Tahoua",1,-1987
480,1.280581,"Tahoua",1,-16203
480,1.280581,"Tahoua",1,175567
480,1.280581,"Tahoua",1,146146
480,1.280581,"Tahoua",1,56307
480,1.280581,"Tahoua",1,18335
480,1.280581,"Tahoua",1,99135
480,1.280581,"Tahoua",1,26061
480,1.280581,"Tahoua",1,220107
480,1.280581,"Tahoua",1,69825
480,1.280581,"Tahoua",1,20292
480,1.280581,"Tahoua",1,3259
480,1.280581,"Tahoua",1,164530
480,1.280581,"Tahoua",1,36757
480,1.280581,"Tahoua",1,42938
480,1.280581,"Tahoua",1,154591
480,1.280581,"Tahoua",1,54774
480,1.280581,"Tahoua",1,174884
480,1.280581,"Tahoua",1,50961
480,1.280581,"Tahoua",1,6474
480,1.280581,"Tahoua",1,23707
480,1.280581,"Tahoua",1,62422
480,1.280581,"Tahoua",1,-4820
